Ver. 4 8 real time data, Wednesday, August 12, 2026 7:12:26 AM
TEMPO	GIRI	LAMBDA	GAS	BENZ	PRESS	MAP	T.RID	T.GAS	LIV	SLOW	FAST	OX	LAMBDA2	GAS2	BENZ2	SLOW2	FAST2	OX2	MARKER	AUTOMARKER	ECUMARKER
203	0	0.000000	0.000000	0.000000	0.000000	0.000000	177.000000	177.000000	0	0.000000	0.000000	0.000000	0.000000	0.000000	0.000000	0.000000	0.000000	0.000000	0	0	0	
391	0	0.000000	0.000000	0.000000	0.000000	0.000000	177.000000	177.000000	0	0.000000	0.000000	0.000000	0.000000	0.000000	0.000000	0.000000	0.000000	0.000000	0	0	0	
594	0	0.000000	0.000000	0.000000	0.000000	0.000000	177.000000	177.000000	0	0.000000	0.000000	0.000000	0.000000	0.000000	0.000000	0.000000	0.000000	0.000000	0	0	0	
828	0	0.000000	0.000000	0.000000	0.000000	0.000000	177.000000	177.000000	0	0.000000	0.000000	0.000000	0.000000	0.000000	0.000000	0.000000	0.000000	0.000000	0	0	0	
1047	0	0.000000	0.000000	0.000000	0.000000	0.000000	177.000000	177.000000	0	0.000000	0.000000	0.000000	0.000000	0.000000	0.000000	0.000000	0.000000	0.000000	0	0	0	
1391	0	0.000000	0.000000	0.000000	0.000000	0.000000	177.000000	177.000000	0	0.000000	0.000000	0.000000	0.000000	0.000000	0.000000	0.000000	0.000000	0.000000	0	0	0	
1609	0	0.000000	0.000000	0.000000	0.000000	0.000000	177.000000	177.000000	0	0.000000	0.000000	0.000000	0.000000	0.000000	0.000000	0.000000	0.000000	0.000000	0	0	0	
1797	0	0.000000	0.000000	0.000000	0.000000	0.000000	177.000000	177.000000	0	0.000000	0.000000	0.000000	0.000000	0.000000	0.000000	0.000000	0.000000	0.000000	0	0	0	
2016	0	0.000000	0.000000	0.000000	0.000000	0.000000	177.000000	177.000000	0	0.000000	0.000000	0.000000	0.000000	0.000000	0.000000	0.000000	0.000000	0.000000	0	0	0	
2234	0	0.000000	0.000000	0.000000	0.000000	0.000000	177.000000	177.000000	0	0.000000	0.000000	0.000000	0.000000	0.000000	0.000000	0.000000	0.000000	0.000000	0	0	0	
2484	0	0.000000	0.000000	0.000000	0.000000	0.000000	177.000000	177.000000	0	0.000000	0.000000	0.000000	0.000000	0.000000	0.000000	0.000000	0.000000	0.000000	0	0	0	
2672	0	0.000000	0.000000	0.000000	0.000000	0.000000	177.000000	177.000000	0	0.000000	0.000000	0.000000	0.000000	0.000000	0.000000	0.000000	0.000000	0.000000	0	0	0	
2906	0	0.000000	0.000000	0.000000	0.000000	0.000000	177.000000	177.000000	0	0.000000	0.000000	0.000000	0.000000	0.000000	0.000000	0.000000	0.000000	0.000000	0	0	0	
3109	0	0.000000	0.000000	0.000000	0.000000	0.000000	177.000000	177.000000	0	0.000000	0.000000	0.000000	0.000000	0.000000	0.000000	0.000000	0.000000	0.000000	0	0	0	
3328	0	0.000000	0.000000	0.000000	0.000000	0.000000	177.000000	177.000000	0	0.000000	0.000000	0.000000	0.000000	0.000000	0.000000	0.000000	0.000000	0.000000	0	0	0	
3578	0	0.000000	0.000000	0.000000	0.000000	0.000000	177.000000	177.000000	0	0.000000	0.000000	0.000000	0.000000	0.000000	0.000000	0.000000	0.000000	0.000000	0	0	0	
3797	0	0.000000	0.000000	0.000000	0.000000	0.000000	177.000000	177.000000	0	0.000000	0.000000	0.000000	0.000000	0.000000	0.000000	0.000000	0.000000	0.000000	0	0	0	
4016	0	0.000000	0.000000	0.000000	0.000000	0.000000	177.000000	177.000000	0	0.000000	0.000000	0.000000	0.000000	0.000000	0.000000	0.000000	0.000000	0.000000	0	0	0	
4234	0	0.000000	0.000000	0.000000	0.000000	0.000000	177.000000	177.000000	0	0.000000	0.000000	0.000000	0.000000	0.000000	0.000000	0.000000	0.000000	0.000000	0	0	0	
4484	0	0.000000	0.000000	0.000000	0.000000	0.000000	177.000000	177.000000	0	0.000000	0.000000	0.000000	0.000000	0.000000	0.000000	0.000000	0.000000	0.000000	0	0	0	
4703	0	0.000000	0.000000	0.000000	0.000000	0.000000	177.000000	177.000000	0	0.000000	0.000000	0.000000	0.000000	0.000000	0.000000	0.000000	0.000000	0.000000	0	0	0	
4938	0	0.000000	0.000000	0.000000	0.000000	0.000000	177.000000	177.000000	0	0.000000	0.000000	0.000000	0.000000	0.000000	0.000000	0.000000	0.000000	0.000000	0	0	0	
5141	0	0.000000	0.000000	0.000000	0.000000	0.000000	177.000000	177.000000	0	0.000000	0.000000	0.000000	0.000000	0.000000	0.000000	0.000000	0.000000	0.000000	0	0	0	
5375	0	0.000000	0.000000	0.000000	0.000000	0.000000	177.000000	177.000000	0	0.000000	0.000000	0.000000	0.000000	0.000000	0.000000	0.000000	0.000000	0.000000	0	0	0	
5625	0	0.000000	0.000000	0.000000	0.000000	0.000000	177.000000	177.000000	0	0.000000	0.000000	0.000000	0.000000	0.000000	0.000000	0.000000	0.000000	0.000000	0	0	0	
6000	0	0.000000	0.000000	0.000000	0.000000	0.000000	177.000000	177.000000	0	0.000000	0.000000	0.000000	0.000000	0.000000	0.000000	0.000000	0.000000	0.000000	0	0	0	
6219	0	0.000000	0.000000	0.000000	0.000000	0.000000	177.000000	177.000000	0	0.000000	0.000000	0.000000	0.000000	0.000000	0.000000	0.000000	0.000000	0.000000	0	0	0	
6422	0	0.000000	0.000000	0.000000	0.000000	0.000000	177.000000	177.000000	0	0.000000	0.000000	0.000000	0.000000	0.000000	0.000000	0.000000	0.000000	0.000000	0	0	0	
6641	0	0.000000	0.000000	0.000000	0.000000	0.000000	177.000000	177.000000	0	0.000000	0.000000	0.000000	0.000000	0.000000	0.000000	0.000000	0.000000	0.000000	0	0	0	
6891	0	0.000000	0.000000	0.000000	0.000000	0.000000	177.000000	177.000000	0	0.000000	0.000000	0.000000	0.000000	0.000000	0.000000	0.000000	0.000000	0.000000	0	0	0	
7109	947	0.000000	0.000000	0.000000	0.690000	1.140000	30.000000	33.000000	1	0.000000	0.000000	0.000000	0.000000	0.000000	0.000000	0.000000	0.000000	0.000000	0	0	0	
7375	1502	0.000000	0.000000	6.880000	1.130000	1.020000	30.000000	33.000000	1	0.000000	0.000000	0.000000	0.000000	0.000000	6.380000	0.000000	0.000000	0.000000	0	0	0	
7609	1505	0.000000	0.000000	5.100000	1.670000	0.420000	30.000000	33.000000	1	0.000000	0.000000	0.000000	0.000000	0.000000	4.860000	0.000000	0.000000	0.000000	0	0	0	
7844	1491	0.000000	0.000000	5.360000	1.740000	0.410000	30.000000	33.000000	1	0.000000	0.000000	0.000000	0.000000	0.000000	5.250000	0.000000	0.000000	0.000000	0	0	0	
8109	1469	0.000000	0.000000	5.870000	1.740000	0.410000	30.000000	33.000000	1	0.000000	0.000000	0.000000	0.000000	0.000000	5.600000	0.000000	0.000000	0.000000	0	0	0	
8328	1437	0.000000	0.000000	6.040000	1.720000	0.430000	30.000000	33.000000	1	0.000000	0.000000	0.000000	0.000000	0.000000	5.910000	0.000000	0.000000	0.000000	0	0	0	
8547	1407	0.000000	0.000000	6.160000	1.720000	0.440000	30.000000	33.000000	1	0.000000	0.000000	0.000000	0.000000	0.000000	5.970000	0.000000	0.000000	0.000000	0	0	0	
8766	1352	0.000000	0.000000	6.060000	1.720000	0.430000	30.000000	33.000000	1	0.000000	0.000000	0.000000	0.000000	0.000000	5.890000	0.000000	0.000000	0.000000	0	0	0	
8984	1304	0.000000	0.000000	6.050000	1.720000	0.440000	30.000000	33.000000	1	0.000000	0.000000	0.000000	0.000000	0.000000	5.900000	0.000000	0.000000	0.000000	0	0	0	
9234	1301	0.000000	0.000000	5.850000	1.720000	0.430000	30.000000	33.000000	1	0.000000	0.000000	0.000000	0.000000	0.000000	5.760000	0.000000	0.000000	0.000000	0	0	0	
9484	1299	0.000000	0.000000	5.740000	1.720000	0.430000	30.000000	33.000000	1	0.000000	0.000000	0.000000	0.000000	0.000000	5.550000	0.000000	0.000000	0.000000	0	0	0	
9688	1293	0.000000	0.000000	5.640000	1.720000	0.430000	30.000000	33.000000	1	0.000000	0.000000	0.000000	0.000000	0.000000	5.470000	0.000000	0.000000	0.000000	0	0	0	
9938	1280	0.000000	0.000000	5.600000	1.730000	0.420000	30.000000	33.000000	1	0.000000	0.000000	0.000000	0.000000	0.000000	5.430000	0.000000	0.000000	0.000000	0	0	0	
10156	1270	0.000000	0.000000	5.570000	1.720000	0.430000	30.000000	33.000000	1	0.000000	0.000000	0.000000	0.000000	0.000000	5.400000	0.000000	0.000000	0.000000	0	0	0	
10375	1264	0.000000	0.000000	5.570000	1.730000	0.430000	30.000000	33.000000	1	0.000000	0.000000	0.000000	0.000000	0.000000	5.440000	0.000000	0.000000	0.000000	0	0	0	
10750	1233	0.000000	0.000000	5.740000	1.720000	0.430000	30.000000	33.000000	1	0.000000	0.000000	0.000000	0.000000	0.000000	5.460000	0.000000	0.000000	0.000000	0	0	0	
10969	1206	0.000000	0.000000	5.860000	1.730000	0.420000	30.000000	33.000000	1	0.000000	0.000000	0.000000	0.000000	0.000000	5.710000	0.000000	0.000000	0.000000	0	0	0	
11203	1177	0.000000	0.000000	5.760000	1.730000	0.420000	30.000000	33.000000	1	0.000000	0.000000	0.000000	0.000000	0.000000	5.610000	0.000000	0.000000	0.000000	0	0	0	
11438	1167	0.000000	0.000000	5.710000	1.740000	0.410000	30.000000	33.000000	1	0.000000	0.000000	0.000000	0.000000	0.000000	5.540000	0.000000	0.000000	0.000000	0	0	0	
11688	1165	0.000000	0.000000	5.740000	1.730000	0.420000	30.000000	33.000000	1	0.000000	0.000000	0.000000	0.000000	0.000000	5.600000	0.000000	0.000000	0.000000	0	0	0	
11922	1162	0.000000	0.000000	5.770000	1.730000	0.430000	30.000000	33.000000	1	0.000000	0.000000	0.000000	0.000000	0.000000	5.640000	0.000000	0.000000	0.000000	0	0	0	
12125	1191	0.000000	0.000000	5.850000	1.730000	0.430000	30.000000	33.000000	1	0.000000	0.000000	0.000000	0.000000	0.000000	5.730000	0.000000	0.000000	0.000000	0	0	0	
12391	1186	0.000000	0.000000	5.860000	1.730000	0.430000	30.000000	33.000000	1	0.000000	0.000000	0.000000	0.000000	0.000000	5.740000	0.000000	0.000000	0.000000	0	0	0	
12625	1188	0.000000	0.000000	5.960000	1.730000	0.430000	30.000000	33.000000	1	0.000000	0.000000	0.000000	0.000000	0.000000	5.830000	0.000000	0.000000	0.000000	0	0	0	
12859	1181	0.000000	0.000000	5.910000	1.730000	0.420000	30.000000	33.000000	1	0.000000	0.000000	0.000000	0.000000	0.000000	5.780000	0.000000	0.000000	0.000000	0	0	0	
13094	1182	0.000000	0.000000	5.860000	1.720000	0.430000	30.000000	33.000000	1	0.000000	0.000000	0.000000	0.000000	0.000000	5.720000	0.000000	0.000000	0.000000	0	0	0	
13344	1185	0.000000	0.000000	5.850000	1.730000	0.420000	30.000000	33.000000	5	0.000000	0.000000	0.000000	0.000000	0.000000	5.720000	0.000000	0.000000	0.000000	0	0	0	
13547	1192	0.000000	0.000000	5.820000	1.730000	0.430000	30.000000	33.000000	5	0.000000	0.000000	0.000000	0.000000	0.000000	5.710000	0.000000	0.000000	0.000000	0	0	0	
13766	1191	0.000000	0.000000	5.850000	1.730000	0.430000	30.000000	33.000000	5	0.000000	0.000000	0.000000	0.000000	0.000000	5.730000	0.000000	0.000000	0.000000	0	0	0	
14000	1181	0.000000	0.000000	5.890000	1.730000	0.420000	30.000000	33.000000	5	0.000000	0.000000	0.000000	0.000000	0.000000	5.740000	0.000000	0.000000	0.000000	0	0	0	
14234	1182	0.000000	0.000000	5.870000	1.720000	0.430000	30.000000	33.000000	5	0.000000	0.000000	0.000000	0.000000	0.000000	5.730000	0.000000	0.000000	0.000000	0	0	0	
14469	1187	0.000000	0.000000	5.800000	1.720000	0.430000	30.000000	33.000000	5	0.000000	0.000000	0.000000	0.000000	0.000000	5.680000	0.000000	0.000000	0.000000	0	0	0	
14672	1183	0.000000	0.000000	5.780000	1.730000	0.430000	30.000000	33.000000	5	0.000000	0.000000	0.000000	0.000000	0.000000	5.660000	0.000000	0.000000	0.000000	0	0	0	
14922	1198	0.000000	0.000000	5.800000	1.730000	0.420000	30.000000	33.000000	5	0.000000	0.000000	0.000000	0.000000	0.000000	5.660000	0.000000	0.000000	0.000000	0	0	0	
15172	1185	0.000000	0.000000	5.820000	1.730000	0.430000	30.000000	33.000000	5	0.000000	0.000000	0.000000	0.000000	0.000000	5.700000	0.000000	0.000000	0.000000	0	0	0	
15563	1177	0.000000	0.000000	5.770000	1.720000	0.430000	30.000000	33.000000	5	0.000000	0.000000	0.000000	0.000000	0.000000	5.640000	0.000000	0.000000	0.000000	0	0	0	
15813	1174	0.000000	0.000000	5.790000	1.720000	0.430000	30.000000	33.000000	5	0.000000	0.000000	0.000000	0.000000	0.000000	5.670000	0.000000	0.000000	0.000000	0	0	0	
16031	1170	0.000000	0.000000	5.770000	1.720000	0.430000	30.000000	33.000000	5	0.000000	0.000000	0.000000	0.000000	0.000000	5.630000	0.000000	0.000000	0.000000	0	0	0	
16250	1157	0.000000	0.000000	5.720000	1.720000	0.430000	30.000000	33.000000	5	0.000000	0.000000	0.000000	0.000000	0.000000	5.580000	0.000000	0.000000	0.000000	0	0	0	
16469	1167	0.000000	0.000000	5.720000	1.720000	0.430000	30.000000	33.000000	5	0.000000	0.000000	0.000000	0.000000	0.000000	5.570000	0.000000	0.000000	0.000000	0	0	0	
16703	1157	0.000000	0.000000	5.720000	1.710000	0.440000	30.000000	33.000000	5	0.000000	0.000000	0.000000	0.000000	0.000000	5.600000	0.000000	0.000000	0.000000	0	0	0	
16922	1151	0.000000	0.000000	5.740000	1.710000	0.440000	30.000000	33.000000	5	0.000000	0.000000	0.000000	0.000000	0.000000	5.630000	0.000000	0.000000	0.000000	0	0	0	
17172	1151	0.000000	0.000000	5.790000	1.710000	0.440000	30.000000	33.000000	5	0.000000	0.000000	0.000000	0.000000	0.000000	5.610000	0.000000	0.000000	0.000000	0	0	0	
17406	1161	0.000000	0.000000	5.750000	1.710000	0.440000	30.000000	33.000000	5	0.000000	0.000000	0.000000	0.000000	0.000000	5.620000	0.000000	0.000000	0.000000	0	0	0	
17625	1163	0.000000	0.000000	5.720000	1.710000	0.440000	30.000000	33.000000	5	0.000000	0.000000	0.000000	0.000000	0.000000	5.610000	0.000000	0.000000	0.000000	0	0	0	
17875	1151	0.000000	0.000000	5.780000	1.710000	0.440000	30.000000	33.000000	5	0.000000	0.000000	0.000000	0.000000	0.000000	5.670000	0.000000	0.000000	0.000000	0	0	0	
18125	1144	0.000000	0.000000	5.780000	1.710000	0.450000	30.000000	33.000000	5	0.000000	0.000000	0.000000	0.000000	0.000000	5.670000	0.000000	0.000000	0.000000	0	0	0	
18344	1141	0.000000	0.000000	5.780000	1.700000	0.450000	30.000000	33.000000	5	0.000000	0.000000	0.000000	0.000000	0.000000	5.660000	0.000000	0.000000	0.000000	0	0	0	
18578	1143	0.000000	0.000000	5.750000	1.700000	0.450000	30.000000	33.000000	5	0.000000	0.000000	0.000000	0.000000	0.000000	5.640000	0.000000	0.000000	0.000000	0	0	0	
18828	1144	0.000000	0.000000	5.810000	1.700000	0.450000	30.000000	33.000000	5	0.000000	0.000000	0.000000	0.000000	0.000000	5.680000	0.000000	0.000000	0.000000	0	0	0	
19094	1144	0.000000	0.000000	5.790000	1.700000	0.450000	30.000000	33.000000	5	0.000000	0.000000	0.000000	0.000000	0.000000	5.700000	0.000000	0.000000	0.000000	0	0	0	
19328	1138	0.000000	0.000000	5.830000	1.700000	0.450000	30.000000	33.000000	5	0.000000	0.000000	0.000000	0.000000	0.000000	5.710000	0.000000	0.000000	0.000000	0	0	0	
19563	1137	0.000000	0.000000	5.820000	1.700000	0.450000	30.000000	33.000000	5	0.000000	0.000000	0.000000	0.000000	0.000000	5.700000	0.000000	0.000000	0.000000	0	0	0	
19813	1138	0.000000	0.000000	5.850000	1.700000	0.460000	30.000000	33.000000	5	0.000000	0.000000	0.000000	0.000000	0.000000	5.720000	0.000000	0.000000	0.000000	0	0	0	
20078	1135	0.000000	0.000000	5.780000	1.700000	0.450000	30.000000	33.000000	5	0.000000	0.000000	0.000000	0.000000	0.000000	5.660000	0.000000	0.000000	0.000000	0	0	0	
20484	1129	0.000000	0.000000	5.810000	1.700000	0.460000	30.000000	33.000000	5	0.000000	0.000000	0.000000	0.000000	0.000000	5.690000	0.000000	0.000000	0.000000	0	0	0	
20750	1122	0.000000	0.000000	5.790000	1.700000	0.450000	30.000000	33.000000	5	0.000000	0.000000	0.000000	0.000000	0.000000	5.660000	0.000000	0.000000	0.000000	0	0	0	
20969	1131	0.000000	0.000000	5.770000	1.700000	0.450000	30.000000	33.000000	5	0.000000	0.000000	0.000000	0.000000	0.000000	5.650000	0.000000	0.000000	0.000000	0	0	0	
21203	1129	0.000000	0.000000	5.760000	1.700000	0.450000	30.000000	33.000000	5	0.000000	0.000000	0.000000	0.000000	0.000000	5.650000	0.000000	0.000000	0.000000	0	0	0	
21453	1117	0.000000	0.000000	5.810000	1.700000	0.460000	30.000000	33.000000	5	0.000000	0.000000	0.000000	0.000000	0.000000	5.700000	0.000000	0.000000	0.000000	0	0	0	
21672	1127	0.000000	0.000000	5.830000	1.700000	0.460000	30.000000	33.000000	5	0.000000	0.000000	0.000000	0.000000	0.000000	5.700000	0.000000	0.000000	0.000000	0	0	0	
21922	1131	0.000000	0.000000	5.770000	1.700000	0.450000	30.000000	33.000000	5	0.000000	0.000000	0.000000	0.000000	0.000000	5.640000	0.000000	0.000000	0.000000	0	0	0	
22141	1117	0.000000	0.000000	5.760000	1.700000	0.450000	30.000000	33.000000	5	0.000000	0.000000	0.000000	0.000000	0.000000	5.630000	0.000000	0.000000	0.000000	0	0	0	
22375	1112	0.000000	0.000000	5.810000	1.700000	0.450000	30.000000	33.000000	5	0.000000	0.000000	0.000000	0.000000	0.000000	5.700000	0.000000	0.000000	0.000000	0	0	0	
22609	1108	0.000000	0.000000	5.760000	1.690000	0.460000	30.000000	33.000000	5	0.000000	0.000000	0.000000	0.000000	0.000000	5.690000	0.000000	0.000000	0.000000	0	0	0	
22828	1112	0.000000	0.000000	5.730000	1.700000	0.460000	30.000000	33.000000	5	0.000000	0.000000	0.000000	0.000000	0.000000	5.630000	0.000000	0.000000	0.000000	0	0	0	
23047	1120	0.000000	0.000000	5.770000	1.700000	0.460000	30.000000	33.000000	5	0.000000	0.000000	0.000000	0.000000	0.000000	5.660000	0.000000	0.000000	0.000000	0	0	0	
23281	1121	0.000000	0.000000	5.530000	1.700000	0.460000	30.000000	33.000000	5	0.000000	0.000000	0.000000	0.000000	0.000000	5.400000	0.000000	0.000000	0.000000	0	0	0	
23531	1118	0.000000	0.000000	5.500000	1.700000	0.450000	30.000000	33.000000	5	0.000000	0.000000	0.000000	0.000000	0.000000	5.340000	0.000000	0.000000	0.000000	0	0	0	
23781	1134	0.000000	0.000000	5.480000	1.710000	0.440000	30.000000	33.000000	5	0.000000	0.000000	0.000000	0.000000	0.000000	5.360000	0.000000	0.000000	0.000000	0	0	0	
24031	1112	0.000000	0.000000	5.460000	1.700000	0.450000	30.000000	33.000000	5	0.000000	0.000000	0.000000	0.000000	0.000000	5.310000	0.000000	0.000000	0.000000	0	0	0	
24297	1110	0.000000	0.000000	5.510000	1.700000	0.450000	30.000000	33.000000	5	0.000000	0.000000	0.000000	0.000000	0.000000	5.370000	0.000000	0.000000	0.000000	0	0	0	
24531	1120	0.000000	0.000000	5.480000	1.700000	0.450000	30.000000	33.000000	5	0.000000	0.000000	0.000000	0.000000	0.000000	5.320000	0.000000	0.000000	0.000000	0	0	0	
24781	1119	0.000000	0.000000	5.430000	1.700000	0.450000	30.000000	33.000000	5	0.000000	0.000000	0.000000	0.000000	0.000000	5.290000	0.000000	0.000000	0.000000	0	0	0	
25031	1131	0.000000	0.000000	5.380000	1.710000	0.450000	30.000000	33.000000	5	0.000000	0.000000	0.000000	0.000000	0.000000	5.240000	0.000000	0.000000	0.000000	0	0	0	
25422	1104	0.000000	0.000000	5.470000	1.700000	0.450000	30.000000	33.000000	5	0.000000	0.000000	0.000000	0.000000	0.000000	5.310000	0.000000	0.000000	0.000000	0	0	0	
25688	1098	0.000000	0.000000	5.480000	1.700000	0.450000	30.000000	33.000000	5	0.000000	0.000000	0.000000	0.000000	0.000000	5.320000	0.000000	0.000000	0.000000	0	0	0	
25953	1095	0.000000	0.000000	5.450000	1.700000	0.450000	30.000000	33.000000	5	0.000000	0.000000	0.000000	0.000000	0.000000	5.310000	0.000000	0.000000	0.000000	0	0	0	
26188	1094	0.000000	0.000000	5.400000	1.700000	0.450000	30.000000	33.000000	5	0.000000	0.000000	0.000000	0.000000	0.000000	5.240000	0.000000	0.000000	0.000000	0	0	0	
26453	1092	0.000000	0.000000	5.380000	1.700000	0.450000	30.000000	33.000000	5	0.000000	0.000000	0.000000	0.000000	0.000000	5.240000	0.000000	0.000000	0.000000	0	0	0	
26703	1093	0.000000	0.000000	5.320000	1.710000	0.450000	30.000000	33.000000	5	0.000000	0.000000	0.000000	0.000000	0.000000	5.190000	0.000000	0.000000	0.000000	0	0	0	
26953	1082	0.000000	0.000000	5.280000	1.710000	0.450000	30.000000	33.000000	5	0.000000	0.000000	0.000000	0.000000	0.000000	5.250000	0.000000	0.000000	0.000000	0	0	0	
27219	1061	0.000000	0.000000	5.400000	1.710000	0.450000	30.000000	33.000000	5	0.000000	0.000000	0.000000	0.000000	0.000000	5.460000	0.000000	0.000000	0.000000	0	0	0	
27500	1063	0.000000	0.000000	5.270000	1.700000	0.450000	30.000000	33.000000	5	0.000000	0.000000	0.000000	0.000000	0.000000	5.560000	0.000000	0.000000	0.000000	0	0	0	
27750	1064	0.000000	0.000000	5.280000	1.700000	0.450000	30.000000	33.000000	5	0.000000	0.000000	0.000000	0.000000	0.000000	5.630000	0.000000	0.000000	0.000000	0	0	0	
28000	1053	0.000000	0.000000	5.180000	1.710000	0.440000	30.000000	33.000000	5	0.000000	0.000000	0.000000	0.000000	0.000000	5.550000	0.000000	0.000000	0.000000	0	0	0	
28234	1052	0.000000	0.000000	5.190000	1.710000	0.440000	30.000000	33.000000	5	0.000000	0.000000	0.000000	0.000000	0.000000	5.550000	0.000000	0.000000	0.000000	0	0	0	
28500	1049	0.000000	0.000000	5.180000	1.710000	0.440000	30.000000	33.000000	5	0.000000	0.000000	0.000000	0.000000	0.000000	5.540000	0.000000	0.000000	0.000000	0	0	0	
28750	1041	0.000000	0.000000	5.170000	1.700000	0.450000	30.000000	33.000000	5	0.000000	0.000000	0.000000	0.000000	0.000000	5.550000	0.000000	0.000000	0.000000	0	0	0	
28984	1047	0.000000	0.000000	5.150000	1.710000	0.440000	30.000000	33.000000	5	0.000000	0.000000	0.000000	0.000000	0.000000	5.530000	0.000000	0.000000	0.000000	0	0	0	
29234	1042	0.000000	0.000000	5.100000	1.710000	0.440000	30.000000	33.000000	5	0.000000	0.000000	0.000000	0.000000	0.000000	5.500000	0.000000	0.000000	0.000000	0	0	0	
29484	1036	0.000000	0.000000	5.090000	1.700000	0.450000	30.000000	33.000000	5	0.000000	0.000000	0.000000	0.000000	0.000000	5.500000	0.000000	0.000000	0.000000	0	0	0	
29719	1033	0.000000	0.000000	5.110000	1.700000	0.450000	30.000000	33.000000	5	0.000000	0.000000	0.000000	0.000000	0.000000	5.500000	0.000000	0.000000	0.000000	0	0	0	
29969	1030	0.000000	0.000000	5.060000	1.710000	0.440000	30.000000	33.000000	5	0.000000	0.000000	0.000000	0.000000	0.000000	5.470000	0.000000	0.000000	0.000000	0	0	0	
30219	1031	0.000000	0.000000	5.020000	1.700000	0.450000	30.000000	33.000000	5	0.000000	0.000000	0.000000	0.000000	0.000000	5.370000	0.000000	0.000000	0.000000	0	0	0	
30625	1043	0.000000	0.000000	4.940000	1.710000	0.440000	30.000000	33.000000	5	0.000000	0.000000	0.000000	0.000000	0.000000	5.200000	0.000000	0.000000	0.000000	0	0	0	
30875	1039	0.000000	0.000000	4.940000	1.710000	0.440000	30.000000	33.000000	5	0.000000	0.000000	0.000000	0.000000	0.000000	5.190000	0.000000	0.000000	0.000000	0	0	0	
31109	1046	0.000000	0.000000	4.910000	1.710000	0.440000	30.000000	33.000000	5	0.000000	0.000000	0.000000	0.000000	0.000000	5.140000	0.000000	0.000000	0.000000	0	0	0	
31344	1038	0.000000	0.000000	5.010000	1.710000	0.440000	30.000000	33.000000	5	0.000000	0.000000	0.000000	0.000000	0.000000	5.080000	0.000000	0.000000	0.000000	0	0	0	
31609	1035	0.000000	0.000000	5.090000	1.710000	0.440000	30.000000	33.000000	5	0.000000	0.000000	0.000000	0.000000	0.000000	5.130000	0.000000	0.000000	0.000000	0	0	0	
31859	1027	0.000000	0.000000	5.190000	1.710000	0.440000	30.000000	33.000000	5	0.000000	0.000000	0.000000	0.000000	0.000000	5.120000	0.000000	0.000000	0.000000	0	0	0	
32078	1015	0.000000	0.000000	5.340000	1.710000	0.450000	30.000000	33.000000	5	0.000000	0.000000	0.000000	0.000000	0.000000	5.170000	0.000000	0.000000	0.000000	0	0	0	
32344	1010	0.000000	0.000000	5.370000	1.700000	0.450000	30.000000	33.000000	5	0.000000	0.000000	0.000000	0.000000	0.000000	5.160000	0.000000	0.000000	0.000000	0	0	0	
32609	1009	0.000000	0.000000	5.280000	1.710000	0.440000	30.000000	33.000000	5	0.000000	0.000000	0.000000	0.000000	0.000000	5.070000	0.000000	0.000000	0.000000	0	0	0	
32875	1004	0.000000	0.000000	5.210000	1.710000	0.440000	30.000000	33.000000	5	0.000000	0.000000	0.000000	0.000000	0.000000	5.000000	0.000000	0.000000	0.000000	0	0	0	
33125	1018	0.000000	0.000000	5.190000	1.710000	0.440000	30.000000	33.000000	5	0.000000	0.000000	0.000000	0.000000	0.000000	4.970000	0.000000	0.000000	0.000000	0	0	0	
33375	1061	0.000000	0.000000	5.830000	1.660000	0.490000	30.000000	33.000000	5	0.000000	0.000000	0.000000	0.000000	0.000000	5.560000	0.000000	0.000000	0.000000	0	0	0	
33625	1353	0.000000	0.000000	5.890000	1.630000	0.520000	30.000000	33.000000	5	0.000000	0.000000	0.000000	0.000000	0.000000	5.500000	0.000000	0.000000	0.000000	0	0	0	
33922	1528	0.000000	0.000000	5.390000	1.610000	0.540000	30.000000	33.000000	6	0.000000	0.000000	0.000000	0.000000	0.000000	5.040000	0.000000	0.000000	0.000000	0	0	0	
34172	1409	0.000000	0.000000	5.860000	1.460000	0.620000	30.000000	33.000000	6	0.000000	0.000000	0.000000	0.000000	0.000000	5.490000	0.000000	0.000000	0.000000	0	0	0	
34438	1222	0.000000	0.000000	5.950000	1.510000	0.580000	30.000000	33.000000	6	0.000000	0.000000	0.000000	0.000000	0.000000	5.560000	0.000000	0.000000	0.000000	0	0	0	
34672	1137	0.000000	0.000000	5.270000	1.510000	0.500000	30.000000	33.000000	6	0.000000	0.000000	0.000000	0.000000	0.000000	5.470000	0.000000	0.000000	0.000000	0	0	0	
34938	1103	0.000000	0.000000	4.020000	1.480000	0.460000	30.000000	33.000000	6	0.000000	0.000000	0.000000	0.000000	0.000000	4.690000	0.000000	0.000000	0.000000	0	0	0	
35188	1033	0.000000	5.570000	4.180000	1.470000	0.460000	30.000000	33.000000	6	0.000000	0.000000	0.000000	0.000000	5.870000	4.810000	0.000000	0.000000	0.000000	0	0	0	
35438	1053	0.000000	5.930000	4.810000	1.440000	0.550000	30.000000	33.000000	6	0.000000	0.000000	0.000000	0.000000	7.220000	5.580000	0.000000	0.000000	0.000000	0	0	0	
35859	1356	0.000000	5.500000	4.820000	1.510000	0.590000	30.000000	33.000000	6	0.000000	0.000000	0.000000	0.000000	5.390000	4.610000	0.000000	0.000000	0.000000	0	0	0	
36125	1352	0.000000	5.710000	4.920000	1.510000	0.610000	30.000000	33.000000	6	0.000000	0.000000	0.000000	0.000000	5.410000	4.750000	0.000000	0.000000	0.000000	0	0	0	
36391	1271	0.000000	5.990000	5.060000	1.520000	0.630000	30.000000	33.000000	6	0.000000	0.000000	0.000000	0.000000	5.730000	4.930000	0.000000	0.000000	0.000000	0	0	0	
36672	1100	0.000000	5.820000	4.920000	1.510000	0.550000	30.000000	33.000000	6	0.000000	0.000000	0.000000	0.000000	5.600000	4.670000	0.000000	0.000000	0.000000	0	0	0	
36922	1061	0.000000	5.910000	4.900000	1.520000	0.520000	30.000000	33.000000	6	0.000000	0.000000	0.000000	0.000000	5.600000	4.480000	0.000000	0.000000	0.000000	0	0	0	
37156	1129	0.000000	5.700000	4.780000	1.520000	0.500000	30.000000	33.000000	6	0.000000	0.000000	0.000000	0.000000	5.510000	4.280000	0.000000	0.000000	0.000000	0	0	0	
37406	1138	0.000000	5.640000	4.780000	1.520000	0.480000	30.000000	33.000000	6	0.000000	0.000000	0.450000	0.000000	5.400000	4.140000	0.000000	0.000000	0.000000	0	0	0	
37641	1126	0.000000	5.660000	4.780000	1.520000	0.480000	30.000000	33.000000	6	0.781250	7.031250	0.450000	0.000000	5.380000	4.100000	0.000000	0.000000	0.450000	0	0	0	
37891	1152	0.000000	7.090000	5.960000	1.510000	0.550000	30.000000	33.000000	6	0.781250	7.031250	0.450000	0.000000	5.820000	4.870000	-3.125000	-7.031250	0.450000	0	0	0	
38141	1245	0.000000	7.660000	5.880000	1.480000	0.590000	30.000000	33.000000	6	0.781250	7.031250	0.450000	0.000000	6.020000	5.010000	-3.125000	-7.031250	0.450000	0	0	0	
38375	1297	0.000000	7.800000	6.200000	1.490000	0.630000	30.000000	33.000000	6	0.781250	7.031250	0.450000	0.000000	6.770000	5.400000	-3.125000	-7.031250	0.450000	0	0	0	
38625	1228	0.000000	7.730000	6.170000	1.500000	0.660000	30.000000	33.000000	6	0.781250	7.031250	0.450000	0.000000	7.370000	5.720000	-3.125000	-7.031250	0.450000	0	0	0	
38859	1067	0.000000	7.960000	6.430000	1.500000	0.690000	30.000000	33.000000	6	0.781250	7.031250	0.450000	0.000000	7.770000	6.120000	-3.125000	-7.031250	0.450000	0	0	0	
39125	857	0.000000	11.560000	8.630000	1.440000	0.810000	30.000000	33.000000	6	0.781250	-0.781250	0.450000	0.000000	11.730000	8.780000	-3.125000	-3.125000	0.450000	0	0	0	
39344	776	0.000000	11.270000	8.670000	1.490000	0.810000	30.000000	33.000000	6	0.781250	-0.781250	0.450000	0.000000	10.870000	8.330000	-3.125000	-3.125000	0.450000	0	0	0	
39594	733	0.000000	10.720000	8.310000	1.480000	0.830000	30.000000	33.000000	6	0.781250	-0.781250	0.450000	0.000000	10.550000	8.200000	-3.125000	-3.125000	0.450000	0	0	0	
39859	781	0.000000	10.000000	7.870000	1.530000	0.750000	30.000000	33.000000	6	0.781250	-0.781250	0.450000	0.000000	9.510000	7.450000	-3.125000	-3.125000	0.450000	0	0	0	
40125	859	0.000000	6.610000	5.590000	1.570000	0.650000	30.000000	33.000000	6	0.781250	-0.781250	0.450000	0.000000	6.270000	5.330000	-3.125000	-3.125000	0.450000	0	0	0	
40391	914	0.000000	5.460000	4.550000	1.580000	0.600000	30.000000	33.000000	6	0.781250	-10.156250	0.450000	0.000000	5.390000	4.420000	-3.125000	-3.125000	0.450000	0	0	0	
40656	925	0.000000	5.320000	4.040000	1.580000	0.530000	31.000000	33.000000	6	0.781250	-10.156250	0.450000	0.000000	4.780000	3.880000	-3.125000	-10.156250	0.450000	0	0	0	
41063	965	0.000000	4.610000	3.620000	1.570000	0.420000	31.000000	33.000000	6	0.781250	-10.156250	0.450000	0.000000	4.570000	3.580000	-3.125000	-10.156250	0.450000	0	0	0	
41328	944	0.000000	4.800000	3.840000	1.540000	0.410000	31.000000	33.000000	6	0.781250	-10.156250	0.450000	0.000000	4.760000	3.810000	-3.125000	-10.156250	0.450000	0	0	0	
41609	921	0.000000	4.810000	3.830000	1.520000	0.410000	31.000000	33.000000	6	0.781250	-10.156250	0.450000	0.000000	4.810000	3.830000	-3.125000	-10.156250	0.450000	0	0	0	
41875	881	0.000000	4.830000	3.910000	1.530000	0.410000	30.000000	33.000000	6	0.781250	0.000000	0.450000	0.000000	4.820000	3.900000	-3.125000	-10.156250	0.450000	0	0	0	
42141	845	0.000000	5.250000	4.020000	1.530000	0.410000	31.000000	33.000000	6	0.781250	0.000000	0.450000	0.000000	5.240000	4.010000	-3.125000	0.000000	0.450000	0	0	0	
42391	822	0.000000	5.270000	4.100000	1.540000	0.420000	31.000000	33.000000	6	0.781250	0.000000	0.450000	0.000000	5.280000	4.040000	-3.125000	0.000000	0.450000	0	0	0	
42656	764	0.000000	5.310000	4.190000	1.520000	0.430000	30.000000	33.000000	6	0.781250	0.000000	0.450000	0.000000	5.290000	4.180000	-3.125000	0.000000	0.450000	0	0	0	
42922	752	0.000000	5.360000	4.440000	1.530000	0.440000	31.000000	33.000000	6	0.781250	0.000000	0.450000	0.000000	5.330000	4.410000	-3.125000	0.000000	0.450000	0	0	0	
43172	785	0.000000	5.400000	4.570000	1.530000	0.450000	30.000000	33.000000	6	0.781250	0.781250	0.450000	0.000000	5.380000	4.520000	-3.125000	0.000000	0.450000	0	0	0	
43406	800	0.000000	5.500000	4.630000	1.530000	0.450000	30.000000	33.000000	6	0.781250	0.781250	0.450000	0.000000	5.440000	4.490000	-3.125000	0.000000	0.450000	0	0	0	
43656	806	0.000000	5.500000	4.720000	1.530000	0.450000	30.000000	33.000000	6	0.781250	0.781250	0.450000	0.000000	5.370000	4.510000	-3.125000	0.000000	0.450000	0	0	0	
43875	814	0.000000	5.530000	4.740000	1.540000	0.450000	30.000000	33.000000	6	0.781250	0.781250	0.450000	0.000000	5.400000	4.380000	-3.125000	0.000000	0.450000	0	0	0	
44141	815	0.000000	5.460000	4.430000	1.530000	0.450000	30.000000	33.000000	6	0.781250	0.781250	0.450000	0.000000	5.390000	4.360000	-3.125000	0.000000	0.450000	0	0	0	
44406	831	0.000000	5.440000	4.470000	1.520000	0.450000	30.000000	33.000000	6	0.781250	0.000000	0.450000	0.000000	5.430000	4.420000	-3.125000	0.000000	0.450000	0	0	0	
44656	876	0.000000	5.390000	4.140000	1.520000	0.450000	30.000000	33.000000	6	0.781250	0.000000	0.450000	0.000000	4.590000	4.180000	-3.125000	0.000000	0.450000	0	0	0	
44938	917	0.000000	5.430000	4.120000	1.520000	0.440000	30.000000	33.000000	6	0.781250	0.000000	0.450000	0.000000	5.440000	4.130000	-3.125000	0.000000	0.450000	0	0	0	
45188	919	0.000000	5.540000	4.210000	1.480000	0.510000	30.000000	33.000000	6	0.781250	0.000000	0.450000	0.000000	5.580000	4.270000	-3.125000	0.000000	0.450000	0	0	0	
45453	972	0.000000	5.550000	4.220000	1.510000	0.530000	30.000000	33.000000	6	0.781250	-2.343750	0.450000	0.000000	5.510000	4.190000	-3.125000	-0.781250	0.450000	0	0	0	
45734	988	0.000000	5.470000	4.130000	1.510000	0.550000	31.000000	33.000000	6	0.781250	-2.343750	0.450000	0.000000	5.480000	4.120000	-3.125000	-0.781250	0.450000	0	0	0	
46000	992	0.000000	5.710000	4.540000	1.490000	0.580000	30.000000	33.000000	6	0.781250	-2.343750	0.450000	0.000000	5.690000	4.530000	-3.125000	-0.781250	0.450000	0	0	0	
46391	968	0.000000	5.560000	4.230000	1.520000	0.570000	31.000000	33.000000	6	0.781250	-12.500000	0.450000	0.000000	5.540000	4.220000	-3.125000	-10.937500	0.455000	0	0	0	
46641	951	0.000000	5.420000	4.090000	1.530000	0.570000	30.000000	33.000000	6	0.781250	-12.500000	0.450000	0.000000	5.440000	4.090000	-3.125000	-10.937500	0.455000	0	0	0	
46891	894	0.000000	4.690000	3.790000	1.560000	0.530000	30.000000	33.000000	6	0.781250	-12.500000	0.450000	0.000000	4.860000	3.940000	-3.125000	-10.937500	0.455000	0	0	0	
47156	879	0.000000	4.430000	3.530000	1.580000	0.470000	30.000000	33.000000	6	0.781250	-12.500000	0.450000	0.000000	4.230000	3.370000	-3.125000	-10.937500	0.455000	0	0	0	
47406	907	0.000000	3.240000	2.640000	1.600000	0.420000	31.000000	33.000000	6	0.781250	-12.500000	0.450000	0.000000	3.300000	2.730000	-3.125000	-10.937500	0.455000	0	0	0	
47656	888	0.000000	2.920000	2.480000	1.590000	0.400000	31.000000	33.000000	6	0.781250	-16.406250	0.450000	0.000000	3.170000	2.600000	-3.125000	-14.062500	0.450000	0	0	0	
47875	850	0.000000	3.130000	2.590000	1.570000	0.390000	31.000000	33.000000	6	0.781250	-16.406250	0.450000	0.000000	3.150000	2.600000	-3.125000	-14.062500	0.450000	0	0	0	
48125	851	0.000000	3.180000	2.600000	1.560000	0.380000	31.000000	33.000000	6	0.781250	-16.406250	0.450000	0.000000	3.200000	2.610000	-3.125000	-14.062500	0.450000	0	0	0	
48391	874	0.000000	3.200000	2.610000	1.550000	0.370000	30.000000	33.000000	6	0.781250	-16.406250	0.450000	0.000000	3.180000	2.680000	-3.125000	-14.062500	0.450000	0	0	0	
48688	876	0.000000	3.180000	2.660000	1.540000	0.370000	30.000000	33.000000	6	0.781250	-7.031250	0.450000	0.000000	3.140000	2.660000	-3.125000	-7.031250	0.450000	0	0	0	
48938	866	0.000000	3.190000	2.680000	1.560000	0.360000	30.000000	33.000000	6	0.781250	-7.031250	0.450000	0.000000	3.270000	2.630000	-3.125000	-7.031250	0.450000	0	0	0	
49234	839	0.000000	2.970000	2.490000	1.550000	0.340000	30.000000	33.000000	6	0.781250	-7.031250	0.450000	0.000000	3.080000	2.540000	-3.125000	-7.031250	0.450000	0	0	0	
49469	842	0.000000	2.900000	2.540000	1.550000	0.350000	31.000000	33.000000	6	0.781250	-7.031250	0.450000	0.000000	2.880000	2.510000	-3.125000	-7.031250	0.450000	0	0	0	
49734	795	0.000000	2.890000	2.510000	1.550000	0.350000	30.000000	33.000000	6	0.781250	-6.250000	0.450000	0.000000	2.950000	2.570000	-3.125000	-7.031250	0.450000	0	0	0	
49984	761	0.000000	2.830000	2.490000	1.550000	0.340000	31.000000	33.000000	6	0.781250	-6.250000	0.450000	0.000000	2.890000	2.530000	-3.125000	-7.031250	0.450000	0	0	0	
50234	736	0.000000	2.960000	2.590000	1.540000	0.350000	31.000000	33.000000	6	0.781250	-6.250000	0.450000	0.000000	2.920000	2.540000	-3.125000	-7.031250	0.450000	0	0	0	
50469	716	0.000000	3.030000	2.640000	1.550000	0.350000	31.000000	33.000000	6	0.781250	-6.250000	0.450000	0.000000	2.960000	2.600000	-3.125000	-7.031250	0.450000	0	0	0	
50719	713	0.000000	3.170000	2.720000	1.540000	0.360000	31.000000	33.000000	6	0.781250	-3.125000	0.455000	0.000000	3.210000	2.760000	-3.125000	-4.687500	0.455000	0	0	0	
50969	728	0.000000	3.190000	2.750000	1.550000	0.360000	31.000000	33.000000	6	0.781250	-3.125000	0.455000	0.000000	3.170000	2.730000	-3.125000	-4.687500	0.455000	0	0	0	
51203	750	0.000000	3.220000	2.740000	1.550000	0.350000	31.000000	33.000000	6	0.781250	-3.125000	0.455000	0.000000	3.140000	2.670000	-3.125000	-4.687500	0.455000	0	0	0	
51594	716	0.000000	3.030000	2.640000	1.540000	0.360000	31.000000	33.000000	6	0.781250	-3.125000	0.455000	0.000000	3.130000	2.670000	-3.125000	-4.687500	0.455000	0	0	0	
51844	703	0.000000	3.190000	2.780000	1.550000	0.370000	31.000000	33.000000	6	0.781250	-4.687500	0.450000	0.000000	3.120000	2.680000	-3.125000	-4.687500	0.450000	0	0	0	
52109	703	0.000000	3.220000	2.800000	1.540000	0.370000	30.000000	33.000000	6	0.781250	-4.687500	0.450000	0.000000	3.180000	2.750000	-3.125000	-5.468750	0.450000	0	0	0	
52344	708	0.000000	3.290000	2.830000	1.550000	0.380000	31.000000	33.000000	6	0.781250	-4.687500	0.450000	0.000000	3.270000	2.830000	-3.125000	-5.468750	0.450000	0	0	0	
52609	703	0.000000	3.350000	2.930000	1.530000	0.390000	30.000000	33.000000	6	0.781250	-4.687500	0.450000	0.000000	3.320000	2.880000	-3.125000	-5.468750	0.450000	0	0	0	
52875	691	0.000000	3.610000	3.070000	1.530000	0.410000	30.000000	33.000000	6	0.781250	-4.687500	0.450000	0.000000	3.370000	2.920000	-3.125000	-5.468750	0.450000	0	0	0	
53125	689	0.000000	4.440000	3.600000	1.540000	0.450000	31.000000	33.000000	6	0.781250	-5.468750	0.450000	0.000000	4.390000	3.550000	-3.125000	-7.031250	0.450000	0	0	0	
53375	716	0.000000	4.510000	3.740000	1.540000	0.460000	31.000000	33.000000	6	0.781250	-5.468750	0.450000	0.000000	4.410000	3.590000	-3.125000	-7.031250	0.450000	0	0	0	
53656	769	0.000000	4.600000	3.780000	1.530000	0.470000	31.000000	33.000000	6	0.781250	-5.468750	0.450000	0.000000	4.510000	3.640000	-3.125000	-7.031250	0.450000	0	0	0	
53906	787	0.000000	4.560000	3.740000	1.530000	0.480000	30.000000	33.000000	6	0.781250	-5.468750	0.450000	0.000000	4.610000	3.780000	-3.125000	-7.031250	0.450000	0	0	0	
54141	834	0.000000	5.310000	4.090000	1.520000	0.500000	30.000000	33.000000	6	0.781250	-4.687500	0.450000	0.000000	4.830000	3.960000	-3.125000	-3.906250	0.455000	0	0	0	
54391	906	0.000000	5.490000	4.180000	1.520000	0.510000	30.000000	33.000000	6	0.781250	-4.687500	0.450000	0.000000	5.310000	4.010000	-3.125000	-3.906250	0.455000	0	0	0	
54656	970	0.000000	4.750000	3.720000	1.510000	0.510000	31.000000	33.000000	6	0.781250	-4.687500	0.450000	0.000000	4.880000	3.890000	-3.125000	-3.906250	0.455000	0	0	0	
54906	1019	0.000000	4.750000	3.710000	1.510000	0.510000	30.000000	33.000000	6	0.781250	-4.687500	0.450000	0.000000	4.730000	3.630000	-3.125000	-3.906250	0.455000	0	0	0	
55141	1101	0.000000	4.710000	3.590000	1.520000	0.510000	30.000000	33.000000	6	0.781250	-10.156250	0.450000	0.000000	4.630000	3.500000	-3.125000	-7.031250	0.450000	0	0	0	
55422	1158	0.000000	4.640000	3.520000	1.510000	0.500000	30.000000	33.000000	6	0.781250	-10.156250	0.450000	0.000000	4.710000	3.600000	-3.125000	-7.031250	0.450000	0	0	0	
55688	1207	0.000000	4.610000	3.470000	1.520000	0.470000	31.000000	33.000000	6	0.781250	-10.156250	0.450000	0.000000	4.610000	3.490000	-3.125000	-7.031250	0.450000	0	0	0	
55938	1254	0.000000	3.570000	2.840000	1.540000	0.400000	31.000000	33.000000	6	0.781250	-10.156250	0.450000	0.000000	3.530000	2.680000	-3.125000	-7.031250	0.450000	0	0	0	
56203	1271	0.000000	2.840000	2.220000	1.560000	0.340000	30.000000	33.000000	6	0.781250	-6.250000	0.450000	0.000000	2.970000	2.300000	-3.125000	-7.031250	0.450000	0	0	0	
56453	1255	0.000000	2.780000	2.170000	1.540000	0.340000	31.000000	33.000000	6	0.781250	-6.250000	0.450000	0.000000	2.950000	2.280000	-3.125000	-3.125000	0.450000	0	0	0	
56859	1257	0.000000	3.100000	2.370000	1.530000	0.330000	30.000000	33.000000	6	0.781250	-6.250000	0.450000	0.000000	3.010000	2.320000	-3.125000	-3.125000	0.450000	0	0	0	
57125	1227	0.000000	3.020000	2.330000	1.520000	0.320000	30.000000	33.000000	6	0.781250	-6.250000	0.450000	0.000000	3.120000	2.380000	-3.125000	-3.125000	0.450000	0	0	0	
57375	1211	0.000000	3.090000	2.390000	1.520000	0.320000	30.000000	33.000000	6	0.781250	1.562500	0.450000	0.000000	3.040000	2.350000	-3.125000	2.343750	0.455000	0	0	0	
57609	1208	0.000000	3.100000	2.390000	1.500000	0.330000	30.000000	33.000000	6	0.781250	1.562500	0.450000	0.000000	3.080000	2.380000	-3.125000	2.343750	0.455000	0	0	0	
57844	1208	0.000000	3.710000	2.910000	1.530000	0.360000	30.000000	33.000000	6	0.781250	1.562500	0.450000	0.000000	3.700000	2.790000	-3.125000	2.343750	0.455000	0	0	0	
58109	1210	0.000000	3.810000	3.040000	1.530000	0.390000	30.000000	33.000000	6	0.781250	1.562500	0.450000	0.000000	3.840000	3.080000	-3.125000	2.343750	0.455000	0	0	0	
58359	1227	0.000000	4.010000	3.130000	1.530000	0.390000	31.000000	33.000000	6	0.781250	0.000000	0.455000	0.000000	3.840000	3.030000	-3.125000	0.781250	0.455000	0	0	0	
58625	1260	0.000000	3.830000	3.030000	1.550000	0.390000	30.000000	33.000000	6	0.781250	0.000000	0.455000	0.000000	3.810000	3.060000	-3.125000	0.781250	0.455000	0	0	0	
58891	1279	0.000000	3.840000	3.060000	1.540000	0.400000	31.000000	33.000000	6	0.781250	0.000000	0.455000	0.000000	3.830000	3.070000	-3.125000	0.781250	0.455000	0	0	0	
59125	1296	0.000000	3.820000	3.040000	1.530000	0.390000	31.000000	33.000000	6	0.781250	0.000000	0.455000	0.000000	3.590000	2.930000	-3.125000	0.781250	0.455000	0	0	0	
59359	1318	0.000000	3.560000	2.920000	1.530000	0.390000	30.000000	33.000000	6	0.781250	0.000000	0.450000	0.000000	3.660000	2.950000	-3.125000	0.781250	0.450000	0	0	0	
59609	1344	0.000000	3.510000	2.890000	1.530000	0.390000	30.000000	33.000000	6	0.781250	-0.781250	0.450000	0.000000	3.540000	2.920000	-3.125000	-0.781250	0.450000	0	0	0	
59875	1356	0.000000	3.660000	2.990000	1.530000	0.390000	30.000000	33.000000	6	0.781250	-0.781250	0.450000	0.000000	3.470000	2.880000	-3.125000	-0.781250	0.450000	0	0	0	
60109	1379	0.000000	3.700000	3.010000	1.520000	0.390000	31.000000	33.000000	6	0.781250	-0.781250	0.450000	0.000000	3.610000	2.960000	-3.125000	-0.781250	0.450000	0	0	0	
60344	1395	0.000000	3.490000	2.920000	1.520000	0.390000	31.000000	33.000000	6	0.781250	-0.781250	0.450000	0.000000	3.570000	2.960000	-3.125000	-0.781250	0.450000	0	0	0	
60609	1416	0.000000	3.430000	2.840000	1.520000	0.370000	31.000000	33.000000	6	0.781250	2.343750	0.455000	0.000000	3.410000	2.720000	-3.125000	2.343750	0.455000	0	0	0	
60859	1431	0.000000	3.170000	2.330000	1.560000	0.330000	30.000000	33.000000	6	0.781250	2.343750	0.455000	0.000000	3.040000	2.260000	-3.125000	2.343750	0.455000	0	0	0	
61109	1412	0.000000	2.770000	2.100000	1.550000	0.300000	30.000000	33.000000	6	0.781250	2.343750	0.455000	0.000000	2.760000	2.090000	-3.125000	2.343750	0.455000	0	0	0	
61391	1416	0.000000	2.650000	2.020000	1.550000	0.290000	31.000000	33.000000	6	0.781250	2.343750	0.455000	0.000000	2.580000	1.970000	-3.125000	2.343750	0.455000	0	0	0	
61656	1362	0.000000	2.610000	1.990000	1.540000	0.290000	31.000000	33.000000	6	0.781250	-3.906250	0.455000	0.000000	2.580000	1.970000	-3.125000	-5.468750	0.450000	0	0	0	
62031	1318	0.000000	2.600000	2.000000	1.540000	0.300000	30.000000	33.000000	6	0.781250	-3.906250	0.455000	0.000000	2.620000	2.010000	-3.125000	-5.468750	0.450000	0	0	0	
62297	1338	0.000000	2.910000	2.210000	1.530000	0.310000	31.000000	33.000000	6	0.781250	-3.906250	0.455000	0.000000	2.840000	2.170000	-3.125000	-5.468750	0.450000	0	0	0	
62563	1283	0.000000	2.960000	2.260000	1.530000	0.310000	30.000000	33.000000	6	0.781250	-3.906250	0.455000	0.000000	3.010000	2.290000	-3.125000	-5.468750	0.450000	0	0	0	
62813	1281	0.000000	3.220000	2.460000	1.530000	0.330000	31.000000	33.000000	6	0.781250	-3.906250	0.450000	0.000000	3.220000	2.490000	-3.125000	-3.906250	0.450000	0	0	0	
63047	1307	0.000000	3.270000	2.630000	1.520000	0.350000	31.000000	33.000000	6	0.781250	-3.906250	0.450000	0.000000	3.260000	2.570000	-3.125000	-3.906250	0.450000	0	0	0	
63313	1263	0.000000	3.530000	2.760000	1.520000	0.360000	31.000000	33.000000	6	0.781250	-3.906250	0.450000	0.000000	3.500000	2.690000	-3.125000	-3.906250	0.450000	0	0	0	
63594	1297	0.000000	3.640000	2.920000	1.500000	0.380000	31.000000	33.000000	6	0.781250	-3.906250	0.450000	0.000000	3.620000	2.910000	-3.125000	-3.906250	0.450000	0	0	0	
63828	1328	0.000000	3.770000	3.050000	1.500000	0.400000	31.000000	33.000000	6	0.781250	-1.562500	0.450000	0.000000	3.590000	2.930000	-3.125000	-2.343750	0.450000	0	0	0	
64078	1324	0.000000	4.270000	3.290000	1.490000	0.420000	31.000000	33.000000	6	0.781250	-1.562500	0.450000	0.000000	3.740000	2.980000	-3.125000	-2.343750	0.450000	0	0	0	
64328	1366	0.000000	4.600000	3.550000	1.490000	0.450000	31.000000	33.000000	6	0.781250	-1.562500	0.450000	0.000000	4.550000	3.500000	-3.125000	-2.343750	0.450000	0	0	0	
64578	1406	0.000000	4.620000	3.640000	1.520000	0.470000	31.000000	33.000000	6	0.781250	-1.562500	0.450000	0.000000	4.410000	3.360000	-3.125000	-2.343750	0.450000	0	0	0	
64844	1466	0.000000	4.500000	3.460000	1.540000	0.460000	31.000000	33.000000	6	0.781250	-1.562500	0.450000	0.000000	4.090000	3.230000	-3.125000	-2.343750	0.450000	0	0	0	
65109	1504	0.000000	4.280000	3.310000	1.520000	0.460000	31.000000	33.000000	6	0.781250	-2.343750	0.455000	0.000000	4.200000	3.270000	-3.125000	-5.468750	0.455000	0	0	0	
65344	1544	0.000000	4.460000	3.420000	1.510000	0.460000	31.000000	33.000000	6	0.781250	-2.343750	0.455000	0.000000	4.210000	3.290000	-3.125000	-5.468750	0.455000	0	0	0	
65594	1613	0.000000	4.510000	3.510000	1.510000	0.460000	31.000000	33.000000	6	0.781250	-2.343750	0.455000	0.000000	4.430000	3.390000	-3.125000	-5.468750	0.455000	0	0	0	
65844	1645	0.000000	4.530000	3.480000	1.500000	0.460000	31.000000	33.000000	6	0.781250	-2.343750	0.455000	0.000000	4.550000	3.510000	-3.125000	-5.468750	0.455000	0	0	0	
66109	1539	0.000000	3.290000	2.730000	1.600000	0.340000	31.000000	33.000000	6	0.781250	-0.781250	0.450000	0.000000	3.180000	2.650000	-3.125000	-1.562500	0.450000	0	0	0	
66375	1366	0.000000	2.360000	1.860000	1.630000	0.280000	31.000000	33.000000	6	0.781250	-0.781250	0.450000	0.000000	2.300000	1.790000	-3.125000	-1.562500	0.450000	0	0	0	
66625	1131	0.000000	2.750000	2.190000	1.570000	0.330000	31.000000	33.000000	6	0.781250	-0.781250	0.450000	0.000000	2.270000	1.790000	-3.125000	-1.562500	0.450000	0	0	0	
66875	884	0.000000	4.440000	3.400000	1.530000	0.410000	31.000000	33.000000	6	0.781250	-0.781250	0.450000	0.000000	4.120000	3.080000	-3.125000	-1.562500	0.450000	0	0	0	
67313	955	0.000000	4.080000	3.140000	1.540000	0.380000	31.000000	33.000000	6	0.781250	-0.781250	0.450000	0.000000	3.890000	3.020000	-3.125000	-1.562500	0.450000	0	0	0	
67563	973	0.000000	3.510000	2.750000	1.560000	0.350000	31.000000	33.000000	6	0.781250	-0.781250	0.450000	0.000000	3.640000	2.800000	-3.125000	-1.562500	0.450000	0	0	0	
67797	993	0.000000	3.400000	2.680000	1.540000	0.350000	31.000000	33.000000	6	0.781250	-0.781250	0.450000	0.000000	3.330000	2.660000	-3.125000	-1.562500	0.450000	0	0	0	
68047	998	0.000000	3.120000	2.560000	1.560000	0.340000	31.000000	33.000000	6	0.781250	-0.781250	0.450000	0.000000	3.080000	2.540000	-3.125000	-1.562500	0.450000	0	0	0	
68297	1016	0.000000	2.750000	2.360000	1.560000	0.330000	31.000000	33.000000	6	0.781250	-3.125000	0.450000	0.000000	2.830000	2.430000	-3.125000	-0.781250	0.450000	0	0	0	
68625	1022	0.000000	2.690000	2.270000	1.540000	0.310000	31.000000	33.000000	6	0.781250	-3.125000	0.450000	0.000000	2.780000	2.340000	-3.125000	-0.781250	0.450000	0	0	0	
68906	1029	0.000000	2.670000	2.240000	1.540000	0.300000	31.000000	33.000000	6	0.781250	-3.125000	0.450000	0.000000	2.670000	2.240000	-3.125000	-0.781250	0.450000	0	0	0	
69156	1037	0.000000	2.650000	2.190000	1.540000	0.290000	31.000000	33.000000	6	0.781250	-3.125000	0.450000	0.000000	2.720000	2.260000	-3.125000	-0.781250	0.450000	0	0	0	
69406	1053	0.000000	2.550000	2.110000	1.530000	0.290000	31.000000	33.000000	6	0.781250	0.781250	0.455000	0.000000	2.530000	2.090000	-3.125000	0.781250	0.455000	0	0	0	
69641	1059	0.000000	2.500000	2.050000	1.530000	0.280000	31.000000	33.000000	6	0.781250	0.781250	0.455000	0.000000	2.480000	2.040000	-3.125000	0.781250	0.455000	0	0	0	
69891	1071	0.000000	2.450000	2.000000	1.530000	0.270000	31.000000	33.000000	6	0.781250	0.781250	0.455000	0.000000	2.480000	2.040000	-3.125000	0.781250	0.455000	0	0	0	
70141	1078	0.000000	2.450000	2.010000	1.540000	0.270000	31.000000	33.000000	6	0.781250	0.781250	0.455000	0.000000	2.470000	2.040000	-3.125000	0.781250	0.455000	0	0	0	
70406	1088	0.000000	2.420000	1.990000	1.560000	0.260000	31.000000	33.000000	6	0.781250	3.125000	0.450000	0.000000	2.410000	1.970000	-3.125000	1.562500	0.450000	0	0	0	
70641	1093	0.000000	2.370000	1.920000	1.560000	0.260000	31.000000	33.000000	6	0.781250	3.125000	0.450000	0.000000	2.410000	1.960000	-3.125000	1.562500	0.450000	0	0	0	
70906	1103	0.000000	2.360000	1.900000	1.550000	0.250000	31.000000	33.000000	6	0.781250	3.125000	0.450000	0.000000	2.390000	1.940000	-3.125000	1.562500	0.450000	0	0	0	
71172	1110	0.000000	2.260000	1.800000	1.540000	0.250000	31.000000	33.000000	6	0.781250	3.125000	0.450000	0.000000	2.250000	1.790000	-3.125000	1.562500	0.450000	0	0	0	
71406	1107	0.000000	2.280000	1.800000	1.530000	0.240000	31.000000	33.000000	6	0.781250	0.781250	0.450000	0.000000	2.330000	1.860000	-3.125000	1.562500	0.450000	0	0	0	
71672	1106	0.000000	2.260000	1.780000	1.530000	0.240000	31.000000	33.000000	6	0.781250	0.781250	0.450000	0.000000	2.330000	1.860000	-3.125000	2.343750	0.450000	0	0	0	
71938	1109	0.000000	2.270000	1.790000	1.530000	0.240000	31.000000	33.000000	6	0.781250	0.781250	0.450000	0.000000	2.310000	1.830000	-3.125000	2.343750	0.450000	0	0	0	
72219	1033	0.000000	2.240000	1.760000	1.520000	0.250000	31.000000	33.000000	6	0.781250	0.781250	0.450000	0.000000	2.370000	1.890000	-3.125000	2.343750	0.450000	0	0	0	
72641	895	0.000000	2.340000	1.900000	1.530000	0.260000	31.000000	33.000000	6	0.781250	-0.781250	0.450000	0.000000	2.440000	2.010000	-3.125000	6.250000	0.450000	0	0	0	
72922	732	0.000000	2.940000	2.530000	1.510000	0.360000	31.000000	33.000000	6	0.781250	-0.781250	0.450000	0.000000	3.430000	2.760000	-3.125000	6.250000	0.450000	0	0	0	
73156	685	0.000000	4.680000	3.890000	1.540000	0.420000	31.000000	33.000000	6	0.781250	-0.781250	0.450000	0.000000	5.320000	4.090000	-3.125000	6.250000	0.450000	0	0	0	
73391	719	0.000000	4.530000	3.720000	1.520000	0.420000	31.000000	33.000000	6	0.781250	-0.781250	0.450000	0.000000	4.590000	3.780000	-3.125000	6.250000	0.450000	0	0	0	
73625	799	0.000000	4.380000	3.450000	1.530000	0.410000	31.000000	33.000000	6	0.781250	-0.781250	0.450000	0.000000	4.200000	3.330000	-3.125000	6.250000	0.450000	0	0	0	
73891	839	0.000000	3.890000	3.030000	1.550000	0.390000	31.000000	33.000000	6	0.781250	1.562500	0.450000	0.000000	3.920000	3.200000	-3.125000	1.562500	0.450000	0	0	0	
74156	851	0.000000	3.650000	2.930000	1.550000	0.370000	31.000000	33.000000	6	0.781250	1.562500	0.450000	0.000000	3.670000	2.990000	-3.125000	1.562500	0.450000	0	0	0	
74391	849	0.000000	3.540000	2.840000	1.550000	0.370000	31.000000	33.000000	6	0.781250	1.562500	0.450000	0.000000	3.490000	2.810000	-3.125000	1.562500	0.450000	0	0	0	
74656	841	0.000000	3.400000	2.730000	1.550000	0.370000	31.000000	33.000000	6	0.781250	1.562500	0.450000	0.000000	3.500000	2.810000	-3.125000	1.562500	0.450000	0	0	0	
74938	815	0.000000	3.010000	2.630000	1.550000	0.350000	31.000000	33.000000	6	0.781250	-6.250000	0.450000	0.000000	3.230000	2.650000	-3.125000	-4.687500	0.450000	0	0	0	
75203	778	0.000000	3.020000	2.640000	1.550000	0.360000	31.000000	33.000000	6	0.781250	-6.250000	0.450000	0.000000	3.000000	2.620000	-3.125000	-4.687500	0.450000	0	0	0	
75453	746	0.000000	3.030000	2.640000	1.550000	0.360000	31.000000	33.000000	6	0.781250	-6.250000	0.450000	0.000000	3.210000	2.730000	-3.125000	-4.687500	0.450000	0	0	0	
75734	701	0.000000	3.330000	2.870000	1.530000	0.380000	31.000000	33.000000	6	0.781250	-6.250000	0.450000	0.000000	3.310000	2.850000	-3.125000	-4.687500	0.450000	0	0	0	
75984	692	0.000000	3.610000	3.060000	1.520000	0.400000	31.000000	33.000000	6	0.781250	-6.250000	0.450000	0.000000	3.570000	3.050000	-3.125000	-5.468750	0.450000	0	0	0	
76250	704	0.000000	3.890000	3.220000	1.520000	0.410000	31.000000	33.000000	6	0.781250	-6.250000	0.450000	0.000000	3.890000	3.150000	-3.125000	-5.468750	0.450000	0	0	0	
76500	749	0.000000	4.030000	3.270000	1.520000	0.410000	31.000000	33.000000	6	0.781250	-6.250000	0.450000	0.000000	4.090000	3.300000	-3.125000	-5.468750	0.450000	0	0	0	
76766	758	0.000000	3.890000	3.240000	1.550000	0.390000	31.000000	33.000000	6	0.781250	-6.250000	0.450000	0.000000	3.890000	3.130000	-3.125000	-5.468750	0.450000	0	0	0	
77016	767	0.000000	3.690000	3.050000	1.550000	0.380000	31.000000	33.000000	6	0.781250	0.000000	0.450000	0.000000	3.690000	3.080000	-3.125000	-0.781250	0.450000	0	0	0	
77266	769	0.000000	3.600000	3.000000	1.560000	0.380000	31.000000	33.000000	6	0.781250	0.000000	0.450000	0.000000	3.660000	3.040000	-3.125000	-0.781250	0.450000	0	0	0	
77500	761	0.000000	3.560000	2.980000	1.550000	0.370000	31.000000	33.000000	6	0.781250	0.000000	0.450000	0.000000	3.490000	2.920000	-3.125000	-0.781250	0.450000	0	0	0	
77922	735	0.000000	3.400000	2.870000	1.540000	0.370000	31.000000	33.000000	6	0.781250	0.000000	0.450000	0.000000	3.450000	2.920000	-3.125000	-0.781250	0.450000	0	0	0	
78141	734	0.000000	3.380000	2.900000	1.550000	0.360000	31.000000	33.000000	6	0.781250	-0.781250	0.450000	0.000000	3.400000	2.920000	-3.125000	-0.781250	0.450000	0	0	0	
78391	730	0.000000	3.390000	2.910000	1.540000	0.370000	31.000000	33.000000	6	0.781250	-0.781250	0.450000	0.000000	3.360000	2.870000	-3.125000	-0.781250	0.450000	0	0	0	
78625	724	0.000000	3.380000	2.840000	1.550000	0.370000	31.000000	33.000000	6	0.781250	-0.781250	0.450000	0.000000	3.370000	2.880000	-3.125000	-0.781250	0.450000	0	0	0	
78875	722	0.000000	3.320000	2.870000	1.540000	0.370000	31.000000	33.000000	6	0.781250	-0.781250	0.450000	0.000000	3.390000	2.930000	-3.125000	-0.781250	0.450000	0	0	0	
79125	715	0.000000	3.390000	2.940000	1.530000	0.370000	31.000000	33.000000	6	0.781250	-0.781250	0.450000	0.000000	3.370000	2.900000	-3.125000	-0.781250	0.450000	0	0	0	
79375	701	0.000000	3.440000	2.960000	1.540000	0.370000	31.000000	33.000000	6	0.781250	-0.781250	0.450000	0.000000	3.400000	2.940000	-3.125000	-0.781250	0.450000	0	0	0	
79625	689	0.000000	3.420000	2.940000	1.520000	0.380000	31.000000	33.000000	6	0.781250	-0.781250	0.450000	0.000000	3.570000	3.030000	-3.125000	-0.781250	0.450000	0	0	0	
79891	691	0.000000	3.610000	3.050000	1.530000	0.380000	31.000000	33.000000	6	0.781250	-0.781250	0.450000	0.000000	3.560000	3.020000	-3.125000	-0.781250	0.450000	0	0	0	
80172	702	0.000000	3.620000	3.060000	1.530000	0.380000	31.000000	33.000000	6	0.781250	0.000000	0.450000	0.000000	3.560000	3.020000	-3.125000	0.000000	0.450000	0	0	0	
80406	703	0.000000	3.580000	3.040000	1.510000	0.380000	31.000000	33.000000	6	0.781250	0.000000	0.450000	0.000000	3.670000	3.090000	-3.125000	0.000000	0.450000	0	0	0	
80641	714	0.000000	3.520000	3.000000	1.530000	0.380000	31.000000	33.000000	6	0.781250	0.000000	0.450000	0.000000	3.620000	3.060000	-3.125000	0.000000	0.450000	0	0	0	
80906	719	0.000000	3.600000	3.040000	1.520000	0.380000	31.000000	33.000000	6	0.781250	0.000000	0.450000	0.000000	3.490000	2.970000	-3.125000	0.000000	0.450000	0	0	0	
81141	714	0.000000	3.460000	2.960000	1.510000	0.380000	31.000000	33.000000	6	0.781250	0.000000	0.455000	0.000000	3.550000	3.000000	-3.125000	0.000000	0.450000	0	0	0	
81391	730	0.000000	3.900000	3.160000	1.490000	0.410000	31.000000	33.000000	6	0.781250	-0.781250	0.455000	0.000000	3.720000	3.080000	-3.125000	-2.343750	0.455000	0	0	0	
81641	853	0.000000	4.630000	3.660000	1.520000	0.440000	31.000000	33.000000	6	0.781250	-0.781250	0.455000	0.000000	4.500000	3.490000	-3.125000	-2.343750	0.455000	0	0	0	
81906	914	0.000000	4.590000	3.540000	1.530000	0.450000	31.000000	33.000000	6	0.781250	-0.781250	0.455000	0.000000	4.590000	3.540000	-3.125000	-2.343750	0.455000	0	0	0	
82172	952	0.000000	4.560000	3.500000	1.530000	0.450000	32.000000	33.000000	6	0.781250	-0.781250	0.455000	0.000000	4.430000	3.350000	-3.125000	-2.343750	0.455000	0	0	0	
82438	1048	0.000000	4.380000	3.280000	1.530000	0.440000	32.000000	33.000000	6	0.781250	-3.906250	0.450000	0.000000	4.220000	3.160000	-3.125000	-3.906250	0.450000	0	0	0	
82688	1125	0.000000	4.270000	3.180000	1.520000	0.440000	31.000000	33.000000	6	0.781250	-3.906250	0.450000	0.000000	4.300000	3.200000	-3.125000	-3.906250	0.450000	0	0	0	
83094	1055	0.000000	3.510000	2.760000	1.560000	0.350000	31.000000	33.000000	6	0.781250	-3.906250	0.450000	0.000000	3.260000	2.590000	-3.125000	-3.906250	0.450000	0	0	0	
83344	970	0.000000	2.720000	2.310000	1.550000	0.340000	32.000000	33.000000	6	0.781250	-3.906250	0.450000	0.000000	2.710000	2.300000	-3.125000	-3.906250	0.450000	0	0	0	
83609	901	0.000000	3.150000	2.560000	1.540000	0.350000	31.000000	33.000000	6	0.781250	-3.906250	0.450000	0.000000	3.220000	2.660000	-3.125000	-2.343750	0.455000	0	0	0	
83875	799	0.000000	3.480000	2.870000	1.550000	0.360000	31.000000	33.000000	6	0.781250	-3.906250	0.450000	0.000000	3.490000	2.890000	-3.125000	-2.343750	0.455000	0	0	0	
84094	807	0.000000	3.550000	2.930000	1.530000	0.370000	31.000000	33.000000	6	0.781250	-3.906250	0.450000	0.000000	3.600000	2.940000	-3.125000	-2.343750	0.455000	0	0	0	
84359	803	0.000000	3.620000	2.960000	1.550000	0.360000	31.000000	33.000000	6	0.781250	-3.906250	0.450000	0.000000	3.690000	3.000000	-3.125000	-2.343750	0.455000	0	0	0	
84625	810	0.000000	3.780000	3.050000	1.530000	0.380000	31.000000	33.000000	6	0.781250	3.125000	0.455000	0.000000	3.770000	3.070000	-3.125000	3.906250	0.455000	0	0	0	
84875	816	0.000000	3.950000	3.230000	1.530000	0.400000	31.000000	33.000000	6	0.781250	3.125000	0.455000	0.000000	3.950000	3.150000	-3.125000	3.906250	0.455000	0	0	0	
85125	828	0.000000	4.100000	3.270000	1.540000	0.410000	32.000000	33.000000	6	0.781250	3.125000	0.455000	0.000000	4.230000	3.330000	-3.125000	3.906250	0.455000	0	0	0	
85375	832	0.000000	4.120000	3.280000	1.540000	0.410000	31.000000	33.000000	6	0.781250	3.125000	0.455000	0.000000	4.230000	3.330000	-3.125000	3.906250	0.455000	0	0	0	
85641	831	0.000000	4.320000	3.380000	1.530000	0.410000	31.000000	33.000000	6	0.781250	3.125000	0.450000	0.000000	4.180000	3.300000	-3.125000	3.125000	0.450000	0	0	0	
85891	900	0.000000	5.430000	4.210000	1.520000	0.480000	32.000000	33.000000	6	0.781250	3.125000	0.450000	0.000000	5.470000	4.280000	-3.125000	3.125000	0.450000	0	0	0	
86141	1237	0.000000	5.450000	4.220000	1.480000	0.510000	31.000000	33.000000	6	0.781250	3.125000	0.450000	0.000000	5.520000	4.300000	-3.125000	3.125000	0.450000	0	0	0	
86391	1120	0.000000	5.460000	4.180000	1.520000	0.520000	31.000000	33.000000	6	0.781250	3.125000	0.450000	0.000000	5.340000	4.030000	-3.125000	3.125000	0.450000	0	0	0	
86688	1260	0.000000	4.780000	3.920000	1.500000	0.540000	32.000000	33.000000	6	0.781250	3.125000	0.450000	0.000000	5.240000	4.020000	-3.125000	3.125000	0.450000	0	0	0	
86969	1335	0.000000	5.280000	4.110000	1.490000	0.530000	31.000000	33.000000	6	0.781250	-3.125000	0.450000	0.000000	5.270000	4.040000	-3.125000	-0.781250	0.450000	0	0	0	
87234	1363	0.000000	5.300000	4.180000	1.470000	0.530000	31.000000	33.000000	6	0.781250	-3.125000	0.450000	0.000000	4.810000	3.990000	-3.125000	-0.781250	0.450000	0	0	0	
87516	1454	0.000000	5.280000	4.050000	1.480000	0.550000	31.000000	33.000000	6	0.781250	-3.125000	0.450000	0.000000	5.260000	4.080000	-3.125000	-0.781250	0.450000	0	0	0	
87750	1558	0.000000	5.260000	4.130000	1.500000	0.570000	31.000000	33.000000	6	0.781250	-3.125000	0.450000	0.000000	5.320000	4.220000	-3.125000	-0.781250	0.455000	0	0	0	
88031	1619	0.000000	6.330000	5.260000	1.470000	0.630000	32.000000	33.000000	6	0.781250	-3.125000	0.450000	0.000000	6.230000	5.130000	-3.125000	-1.562500	0.455000	0	0	0	
88438	1833	0.000000	6.570000	5.160000	1.480000	0.690000	32.000000	33.000000	6	0.781250	-3.125000	0.450000	0.000000	6.600000	5.190000	-3.125000	-1.562500	0.455000	0	0	0	
88688	1961	0.000000	6.440000	5.080000	1.480000	0.680000	31.000000	33.000000	6	0.781250	-3.125000	0.450000	0.000000	6.230000	4.880000	-3.125000	-1.562500	0.455000	0	0	0	
88938	2088	0.000000	6.460000	5.200000	1.470000	0.680000	31.000000	33.000000	6	0.781250	-0.781250	0.450000	0.000000	6.280000	5.020000	-3.125000	-0.781250	0.450000	0	0	0	
89203	2214	0.000000	6.640000	5.460000	1.470000	0.650000	31.000000	33.000000	6	0.781250	-0.781250	0.450000	0.000000	6.580000	5.420000	-3.125000	-0.781250	0.450000	0	0	0	
89484	2365	0.000000	6.820000	5.410000	1.450000	0.620000	32.000000	33.000000	6	0.781250	-0.781250	0.450000	0.000000	6.660000	5.220000	-3.125000	-0.781250	0.450000	0	0	0	
89766	2509	0.000000	6.560000	4.860000	1.470000	0.600000	31.000000	33.000000	6	0.781250	-0.781250	0.450000	0.000000	6.300000	4.620000	-3.125000	-0.781250	0.450000	0	0	0	
90031	2499	0.000000	2.500000	2.090000	1.640000	0.390000	32.000000	33.000000	6	0.781250	-3.125000	0.450000	0.000000	2.470000	2.080000	-3.125000	-3.906250	0.450000	0	0	0	
90297	2272	0.000000	2.350000	1.820000	1.810000	0.270000	31.000000	33.000000	6	0.781250	-3.125000	0.450000	0.000000	2.330000	1.790000	-3.125000	-3.906250	0.450000	0	0	0	
90563	1797	0.000000	2.350000	1.820000	1.940000	0.260000	32.000000	33.000000	6	0.781250	-3.125000	0.450000	0.000000	2.280000	1.980000	-3.125000	-3.906250	0.450000	0	0	0	
90813	1476	0.000000	2.200000	1.800000	1.970000	0.250000	32.000000	33.000000	6	0.781250	-3.125000	0.450000	0.000000	2.200000	1.840000	-3.125000	-3.906250	0.450000	0	0	0	
91063	1251	0.000000	2.420000	1.990000	1.930000	0.280000	32.000000	33.000000	6	0.781250	-3.125000	0.460000	0.000000	2.500000	2.030000	-3.125000	-3.906250	0.455000	0	0	0	
91328	1260	0.000000	3.340000	2.780000	1.830000	0.320000	32.000000	33.000000	6	0.781250	0.000000	0.460000	0.000000	3.330000	2.740000	-3.125000	0.000000	0.455000	0	0	0	
91578	1529	0.000000	3.230000	2.800000	1.740000	0.340000	32.000000	33.000000	6	0.781250	0.000000	0.460000	0.000000	3.210000	2.750000	-3.125000	0.000000	0.455000	0	0	0	
91813	1448	0.000000	3.300000	2.910000	1.660000	0.350000	32.000000	33.000000	6	0.781250	0.000000	0.460000	0.000000	3.280000	2.870000	-3.125000	0.000000	0.455000	0	0	0	
92078	1522	0.000000	3.410000	2.910000	1.590000	0.350000	32.000000	33.000000	6	0.781250	0.000000	0.460000	0.000000	3.390000	2.860000	-3.125000	0.000000	0.455000	0	0	0	
92344	1469	0.000000	3.590000	2.960000	1.530000	0.360000	32.000000	33.000000	6	0.781250	0.000000	0.480000	0.000000	3.440000	2.900000	-3.125000	0.000000	0.460000	0	0	0	
92578	1457	0.000000	3.540000	2.940000	1.530000	0.370000	32.000000	33.000000	6	0.781250	0.000000	0.480000	0.000000	3.480000	2.910000	-3.125000	0.000000	0.460000	0	0	0	
92828	1476	0.000000	3.750000	3.060000	1.520000	0.360000	32.000000	33.000000	6	0.781250	0.000000	0.480000	0.000000	3.660000	3.010000	-3.125000	0.000000	0.460000	0	0	0	
93047	1485	0.000000	3.510000	2.940000	1.550000	0.340000	32.000000	33.000000	6	0.781250	0.000000	0.480000	0.000000	3.460000	2.870000	-3.125000	0.000000	0.460000	0	0	0	
93297	1468	0.000000	3.440000	2.870000	1.540000	0.340000	32.000000	33.000000	6	0.781250	2.343750	0.510000	0.000000	3.440000	2.810000	-3.125000	2.343750	0.470000	0	0	0	
93703	1453	0.000000	3.350000	2.610000	1.540000	0.310000	32.000000	33.000000	6	0.781250	2.343750	0.510000	0.000000	3.280000	2.410000	-3.125000	2.343750	0.470000	0	0	0	
93984	1470	0.000000	2.870000	2.180000	1.550000	0.270000	32.000000	34.000000	6	0.781250	2.343750	0.510000	0.000000	2.720000	2.100000	-3.125000	2.343750	0.470000	0	0	0	
94219	1453	0.000000	2.460000	1.920000	1.560000	0.250000	32.000000	33.000000	6	0.781250	2.343750	0.510000	0.000000	2.290000	1.740000	-3.125000	2.343750	0.470000	0	0	0	
94453	1430	0.000000	2.300000	1.760000	1.570000	0.230000	32.000000	33.000000	6	0.781250	-8.593750	0.620000	0.000000	2.180000	1.630000	-3.125000	-10.156250	0.505000	0	0	0	
94703	1401	0.000000	2.220000	1.660000	1.560000	0.220000	32.000000	33.000000	6	0.781250	-8.593750	0.620000	0.000000	2.150000	1.580000	-3.125000	-10.156250	0.505000	0	0	0	
94938	1382	0.000000	2.240000	1.660000	1.550000	0.220000	32.000000	33.000000	6	0.781250	-8.593750	0.620000	0.000000	2.190000	1.610000	-3.125000	-10.156250	0.505000	0	0	0	
95203	1357	0.000000	2.230000	1.670000	1.530000	0.220000	32.000000	33.000000	6	0.781250	-8.593750	0.620000	0.000000	2.160000	1.600000	-3.125000	-10.156250	0.505000	0	0	0	
95469	1334	0.000000	2.160000	1.600000	1.550000	0.220000	32.000000	33.000000	6	0.781250	-7.812500	0.750000	0.000000	2.060000	1.500000	-3.125000	-9.375000	0.570000	0	0	0	
95734	1309	0.000000	2.110000	1.560000	1.550000	0.210000	32.000000	33.000000	6	0.781250	-7.812500	0.750000	0.000000	1.980000	1.430000	-3.125000	-9.375000	0.570000	0	0	0	
95984	1269	0.000000	2.060000	1.510000	1.560000	0.210000	32.000000	33.000000	6	0.781250	-7.812500	0.750000	0.000000	1.980000	1.430000	-3.125000	-9.375000	0.570000	0	0	0	
96219	1252	0.000000	2.060000	1.520000	1.550000	0.210000	32.000000	33.000000	6	0.781250	-7.812500	0.750000	0.000000	2.020000	1.480000	-3.125000	-9.375000	0.570000	0	0	0	
96484	1214	0.000000	2.060000	1.530000	1.550000	0.210000	32.000000	33.000000	6	0.781250	-7.812500	0.830000	0.000000	2.080000	1.540000	-3.125000	-9.375000	0.495000	0	0	0	
96719	1176	0.000000	2.050000	1.540000	1.550000	0.210000	32.000000	33.000000	6	0.781250	-8.593750	0.830000	0.000000	2.110000	1.610000	-3.125000	0.781250	0.495000	0	0	0	
96984	1150	0.000000	2.050000	1.530000	1.540000	0.220000	32.000000	33.000000	6	0.781250	-8.593750	0.830000	0.000000	2.110000	1.610000	-3.125000	0.781250	0.495000	0	0	0	
97250	1130	0.000000	2.030000	1.530000	1.550000	0.210000	32.000000	33.000000	6	0.781250	-8.593750	0.830000	0.000000	2.080000	1.590000	-3.125000	0.781250	0.495000	0	0	0	
97516	1102	0.000000	2.030000	1.550000	1.540000	0.210000	32.000000	33.000000	6	0.781250	-8.593750	0.900000	0.000000	2.140000	1.660000	-3.125000	0.781250	0.495000	0	0	0	
97766	1072	0.000000	1.990000	1.520000	1.540000	0.220000	32.000000	33.000000	6	0.781250	-10.937500	0.900000	0.000000	2.120000	1.670000	-3.125000	2.343750	0.300000	0	0	0	
98016	1043	0.000000	2.000000	1.540000	1.550000	0.220000	32.000000	33.000000	6	0.781250	-10.937500	0.900000	0.000000	2.180000	1.720000	-3.125000	2.343750	0.300000	0	0	0	
98281	1026	0.000000	2.010000	1.540000	1.530000	0.230000	32.000000	33.000000	6	0.781250	-10.937500	0.900000	0.000000	2.190000	1.740000	-3.125000	2.343750	0.300000	0	0	0	
98547	981	0.000000	2.040000	1.570000	1.530000	0.240000	32.000000	33.000000	6	0.781250	-10.937500	0.900000	0.000000	2.220000	1.770000	-3.125000	2.343750	0.300000	0	0	0	
98938	943	0.000000	2.000000	1.530000	1.530000	0.240000	32.000000	33.000000	6	0.781250	-12.500000	0.895000	0.000000	2.160000	1.710000	-3.125000	-1.562500	0.680000	0	0	0	
99234	915	0.000000	2.200000	1.730000	1.530000	0.270000	32.000000	33.000000	6	0.781250	-12.500000	0.895000	0.000000	2.260000	1.790000	-3.125000	-1.562500	0.680000	0	0	0	
99469	891	0.000000	2.250000	1.780000	1.530000	0.280000	32.000000	33.000000	6	0.781250	-12.500000	0.895000	0.000000	2.420000	1.970000	-3.125000	-1.562500	0.680000	0	0	0	
99734	870	0.000000	2.650000	2.180000	1.500000	0.380000	32.000000	33.000000	6	0.781250	-12.500000	0.895000	0.000000	2.920000	2.440000	-3.125000	-1.562500	0.680000	0	0	0	
99984	890	0.000000	4.670000	3.670000	1.510000	0.430000	32.000000	33.000000	6	0.781250	-8.593750	0.885000	0.000000	4.510000	3.450000	-3.125000	-4.687500	0.715000	0	0	0	
100250	839	0.000000	4.750000	3.850000	1.510000	0.480000	33.000000	33.000000	6	0.781250	-8.593750	0.885000	0.000000	4.730000	3.830000	-3.125000	-4.687500	0.715000	0	0	0	
100500	849	0.000000	5.480000	4.390000	1.490000	0.550000	33.000000	33.000000	6	0.781250	-8.593750	0.885000	0.000000	5.430000	4.250000	-3.125000	-4.687500	0.715000	0	0	0	
100734	856	0.000000	5.710000	4.810000	1.490000	0.600000	32.000000	33.000000	6	0.781250	-8.593750	0.885000	0.000000	5.550000	4.470000	-3.125000	-4.687500	0.715000	0	0	0	
101000	877	0.000000	6.030000	5.000000	1.470000	0.650000	32.000000	33.000000	6	0.781250	-8.593750	0.820000	0.000000	6.130000	5.100000	-3.125000	-7.031250	0.675000	0	0	0	
101234	919	0.000000	8.620000	6.730000	1.460000	0.750000	32.000000	33.000000	6	0.781250	-8.593750	0.820000	0.000000	7.930000	6.340000	-3.125000	-7.031250	0.675000	0	0	0	
101484	961	0.000000	7.940000	6.310000	1.480000	0.760000	33.000000	33.000000	6	0.781250	-8.593750	0.820000	0.000000	7.610000	6.030000	-3.125000	-7.031250	0.675000	0	0	0	
101766	998	0.000000	7.410000	5.810000	1.500000	0.760000	32.000000	33.000000	6	0.781250	-8.593750	0.820000	0.000000	7.540000	5.940000	-3.125000	-7.031250	0.675000	0	0	0	
102016	1055	0.000000	7.450000	5.840000	1.500000	0.770000	33.000000	33.000000	6	0.781250	-13.281250	0.790000	0.000000	7.330000	5.730000	-3.125000	-9.375000	0.730000	0	0	0	
102281	1112	0.000000	7.530000	5.860000	1.480000	0.780000	32.000000	33.000000	6	0.781250	-13.281250	0.790000	0.000000	7.260000	5.660000	-3.125000	-9.375000	0.730000	0	0	0	
102500	1168	0.000000	7.400000	5.720000	1.470000	0.780000	32.000000	33.000000	6	0.781250	-13.281250	0.790000	0.000000	7.330000	5.700000	-3.125000	-9.375000	0.730000	0	0	0	
102750	1212	0.000000	7.690000	5.940000	1.480000	0.760000	33.000000	33.000000	6	0.781250	-13.281250	0.790000	0.000000	7.150000	5.600000	-3.125000	-9.375000	0.730000	0	0	0	
103031	1266	0.000000	7.740000	5.860000	1.470000	0.750000	33.000000	33.000000	6	0.781250	-3.125000	0.420000	0.000000	7.210000	5.590000	-3.125000	-1.562500	0.295000	0	0	0	
103297	1314	0.000000	7.010000	5.530000	1.490000	0.730000	33.000000	33.000000	6	0.781250	-3.125000	0.420000	0.000000	7.460000	5.690000	-3.125000	-1.562500	0.295000	0	0	0	
103563	1370	0.000000	7.270000	5.630000	1.500000	0.730000	32.000000	33.000000	6	0.781250	-3.125000	0.420000	0.000000	6.440000	5.240000	-3.125000	-1.562500	0.295000	0	0	0	
103828	1410	0.000000	6.700000	5.380000	1.500000	0.720000	32.000000	33.000000	6	0.781250	-3.125000	0.420000	0.000000	6.180000	5.240000	-3.125000	-1.562500	0.295000	0	0	0	
104234	1470	0.000000	7.840000	6.590000	1.470000	0.790000	33.000000	33.000000	6	0.781250	3.906250	0.330000	0.000000	7.910000	6.710000	-3.125000	5.468750	0.030000	0	0	0	
104500	1526	0.000000	7.710000	6.710000	1.480000	0.780000	32.000000	33.000000	6	0.781250	3.906250	0.330000	0.000000	7.660000	6.470000	-3.125000	5.468750	0.030000	0	0	0	
104734	1569	0.000000	7.650000	6.490000	1.480000	0.780000	32.000000	33.000000	6	0.781250	3.906250	0.330000	0.000000	7.600000	6.430000	-3.125000	5.468750	0.030000	0	0	0	
105000	1628	0.000000	7.510000	6.390000	1.470000	0.770000	33.000000	33.000000	6	0.781250	3.906250	0.330000	0.000000	7.500000	6.270000	-3.125000	5.468750	0.030000	0	0	0	
105250	1666	0.000000	7.500000	6.360000	1.460000	0.770000	33.000000	33.000000	6	0.781250	1.562500	0.715000	0.000000	7.390000	5.880000	-3.125000	0.000000	0.770000	0	0	0	
105484	1719	0.000000	7.340000	6.260000	1.460000	0.770000	33.000000	33.000000	6	0.781250	1.562500	0.715000	0.000000	7.090000	5.640000	-3.125000	0.000000	0.770000	0	0	0	
105766	1774	0.000000	7.340000	6.150000	1.470000	0.760000	33.000000	33.000000	6	0.781250	1.562500	0.715000	0.000000	7.110000	5.720000	-3.125000	0.000000	0.770000	0	0	0	
106016	1817	0.000000	7.260000	5.990000	1.460000	0.770000	33.000000	33.000000	6	0.781250	1.562500	0.715000	0.000000	6.740000	5.350000	-3.125000	0.000000	0.770000	0	0	0	
106266	1852	0.000000	7.250000	5.960000	1.480000	0.750000	33.000000	33.000000	6	0.781250	1.562500	0.760000	0.000000	6.840000	5.460000	-3.125000	0.000000	0.730000	0	0	0	
106516	1898	0.000000	7.010000	5.690000	1.470000	0.750000	33.000000	33.000000	6	0.781250	0.000000	0.760000	0.000000	6.800000	5.510000	-3.125000	-1.562500	0.730000	0	0	0	
106781	1945	0.000000	7.000000	5.700000	1.480000	0.740000	33.000000	33.000000	6	0.781250	0.000000	0.760000	0.000000	6.660000	5.340000	-3.125000	-1.562500	0.730000	0	0	0	
107031	1983	0.000000	6.610000	5.330000	1.510000	0.710000	33.000000	34.000000	6	0.781250	0.000000	0.760000	0.000000	6.350000	5.030000	-3.125000	-1.562500	0.730000	0	0	0	
107266	1986	0.000000	4.010000	3.230000	1.630000	0.530000	33.000000	34.000000	6	0.781250	0.000000	0.760000	0.000000	3.780000	3.060000	-3.125000	-1.562500	0.730000	0	0	0	
107516	1974	0.000000	3.000000	2.500000	1.760000	0.440000	33.000000	34.000000	6	0.781250	-0.781250	0.750000	0.000000	2.880000	2.370000	-3.125000	0.000000	0.560000	0	0	0	
107781	1985	0.000000	3.360000	2.860000	1.740000	0.430000	33.000000	33.000000	6	0.781250	-0.781250	0.750000	0.000000	3.230000	2.740000	-3.125000	0.000000	0.560000	0	0	0	
108016	1956	0.000000	3.390000	2.870000	1.680000	0.420000	33.000000	34.000000	6	0.781250	-0.781250	0.750000	0.000000	3.370000	2.840000	-3.125000	0.000000	0.560000	0	0	0	
108297	1927	0.000000	3.390000	2.820000	1.650000	0.430000	33.000000	34.000000	6	0.781250	-0.781250	0.750000	0.000000	3.220000	2.690000	-3.125000	0.000000	0.560000	0	0	0	
108594	1910	0.000000	3.430000	2.820000	1.590000	0.430000	33.000000	33.000000	6	0.781250	7.031250	0.505000	0.000000	3.270000	2.680000	-3.125000	7.031250	0.040000	0	0	0	
108875	1894	0.000000	3.320000	2.700000	1.550000	0.420000	33.000000	33.000000	6	0.781250	7.031250	0.505000	0.000000	3.310000	2.700000	-3.125000	7.031250	0.040000	0	0	0	
109125	1873	0.000000	3.000000	2.420000	1.550000	0.390000	33.000000	33.000000	6	0.781250	7.031250	0.505000	0.000000	2.870000	2.320000	-3.125000	7.031250	0.040000	0	0	0	
109500	1837	0.000000	2.900000	2.340000	1.550000	0.370000	33.000000	33.000000	6	0.781250	7.031250	0.505000	0.000000	2.920000	2.370000	-3.125000	7.031250	0.040000	0	0	0	
109750	1819	0.000000	2.950000	2.390000	1.540000	0.380000	33.000000	33.000000	6	0.781250	7.812500	0.435000	0.000000	2.940000	2.380000	-3.125000	7.812500	0.070000	0	0	0	
110016	1793	0.000000	2.830000	2.330000	1.550000	0.360000	33.000000	33.000000	6	0.781250	7.812500	0.435000	0.000000	2.700000	2.240000	-3.125000	7.812500	0.070000	0	0	0	
110266	1756	0.000000	2.510000	2.110000	1.560000	0.340000	33.000000	33.000000	6	0.781250	7.812500	0.435000	0.000000	2.530000	2.120000	-3.125000	7.812500	0.070000	0	0	0	
110547	1703	0.000000	2.620000	2.140000	1.550000	0.330000	33.000000	33.000000	6	0.781250	7.812500	0.435000	0.000000	2.560000	2.120000	-3.125000	7.812500	0.070000	0	0	0	
110813	1682	0.000000	2.720000	2.190000	1.530000	0.330000	33.000000	33.000000	6	0.781250	8.593750	0.185000	0.000000	2.550000	2.100000	-3.125000	7.812500	0.060000	0	0	0	
111063	1639	0.000000	2.810000	2.200000	1.530000	0.340000	33.000000	33.000000	6	0.781250	8.593750	0.185000	0.000000	2.660000	2.140000	-3.125000	7.812500	0.060000	0	0	0	
111313	1619	0.000000	2.630000	2.120000	1.560000	0.330000	33.000000	33.000000	6	0.781250	8.593750	0.185000	0.000000	2.620000	2.110000	-3.125000	7.812500	0.060000	0	0	0	
111578	1522	0.000000	2.470000	1.930000	1.580000	0.300000	33.000000	33.000000	6	0.781250	8.593750	0.185000	0.000000	2.350000	1.880000	-3.125000	7.812500	0.060000	0	0	0	
111828	1519	0.000000	2.310000	1.830000	1.570000	0.280000	33.000000	33.000000	6	0.781250	5.468750	0.580000	0.000000	2.300000	1.820000	-3.125000	7.031250	0.645000	0	0	0	
112078	1485	0.000000	2.300000	1.760000	1.550000	0.280000	33.000000	33.000000	6	0.781250	5.468750	0.580000	0.000000	2.390000	1.870000	-3.125000	7.031250	0.645000	0	0	0	
112344	1423	0.000000	2.270000	1.690000	1.550000	0.260000	33.000000	33.000000	6	0.781250	5.468750	0.580000	0.000000	2.310000	1.740000	-3.125000	7.031250	0.645000	0	0	0	
112594	1368	0.000000	2.180000	1.610000	1.560000	0.240000	33.000000	33.000000	6	0.781250	5.468750	0.580000	0.000000	2.190000	1.620000	-3.125000	7.031250	0.645000	0	0	0	
112844	1298	0.000000	2.050000	1.510000	1.560000	0.240000	33.000000	33.000000	6	0.781250	5.468750	0.580000	0.000000	2.100000	1.540000	-3.125000	7.031250	0.645000	0	0	0	
113109	1284	0.000000	2.230000	1.670000	1.540000	0.270000	33.000000	33.000000	6	0.781250	8.593750	0.670000	0.000000	2.250000	1.700000	-3.125000	7.031250	0.530000	0	0	0	
113359	1260	0.000000	2.420000	1.890000	1.540000	0.270000	33.000000	33.000000	6	0.781250	8.593750	0.670000	0.000000	2.320000	1.790000	-3.125000	7.031250	0.530000	0	0	0	
113594	1198	0.000000	2.390000	1.900000	1.540000	0.270000	33.000000	33.000000	6	0.781250	8.593750	0.670000	0.000000	2.360000	1.840000	-3.125000	7.031250	0.530000	0	0	0	
113844	1160	0.000000	2.270000	1.770000	1.550000	0.260000	33.000000	33.000000	6	0.781250	8.593750	0.670000	0.000000	2.250000	1.770000	-3.125000	7.031250	0.530000	0	0	0	
114109	1071	0.000000	2.210000	1.750000	1.530000	0.260000	33.000000	33.000000	6	0.781250	10.156250	0.130000	0.000000	2.200000	1.730000	-3.125000	8.593750	0.105000	0	0	0	
114328	1002	0.000000	2.180000	1.730000	1.550000	0.250000	33.000000	33.000000	6	0.781250	10.156250	0.130000	0.000000	2.190000	1.760000	-3.125000	8.593750	0.105000	0	0	0	
114734	802	0.000000	3.890000	3.180000	1.540000	0.370000	33.000000	33.000000	6	0.781250	10.156250	0.130000	0.000000	3.890000	3.210000	-3.125000	8.593750	0.105000	0	0	0	
115000	759	0.000000	3.890000	3.240000	1.540000	0.390000	33.000000	33.000000	6	0.781250	9.375000	0.730000	0.000000	3.890000	3.200000	-3.125000	10.156250	0.025000	0	0	0	
115281	791	0.000000	3.870000	3.170000	1.520000	0.390000	33.000000	33.000000	6	0.781250	9.375000	0.730000	0.000000	3.880000	3.220000	-3.125000	10.156250	0.025000	0	0	0	
115531	829	0.000000	3.570000	2.920000	1.520000	0.380000	33.000000	33.000000	6	0.781250	9.375000	0.730000	0.000000	3.660000	2.970000	-3.125000	10.156250	0.025000	0	0	0	
115797	838	0.000000	3.370000	2.710000	1.530000	0.360000	33.000000	33.000000	6	0.781250	9.375000	0.730000	0.000000	3.320000	2.660000	-3.125000	10.156250	0.025000	0	0	0	
116063	849	0.000000	2.810000	2.430000	1.530000	0.350000	33.000000	33.000000	6	0.781250	9.375000	0.740000	0.000000	2.850000	2.470000	-3.125000	10.156250	0.020000	0	0	0	
116313	822	0.000000	2.760000	2.370000	1.520000	0.340000	33.000000	33.000000	6	0.781250	1.562500	0.740000	0.000000	2.800000	2.420000	-3.125000	2.343750	0.020000	0	0	0	
116563	764	0.000000	2.740000	2.360000	1.510000	0.350000	33.000000	33.000000	6	0.781250	1.562500	0.740000	0.000000	2.750000	2.360000	-3.125000	2.343750	0.020000	0	0	0	
116828	715	0.000000	3.000000	2.590000	1.500000	0.390000	33.000000	33.000000	6	0.781250	1.562500	0.740000	0.000000	3.190000	2.700000	-3.125000	2.343750	0.020000	0	0	0	
117063	677	0.000000	4.210000	3.340000	1.500000	0.450000	33.000000	33.000000	6	0.781250	1.562500	0.740000	0.000000	4.410000	3.500000	-3.125000	2.343750	0.020000	0	0	0	
117313	732	0.000000	5.300000	4.040000	1.500000	0.480000	33.000000	33.000000	6	0.781250	3.125000	0.810000	0.000000	4.480000	3.590000	-3.125000	2.343750	0.025000	0	0	0	
117563	929	0.000000	5.570000	4.470000	1.440000	0.620000	33.000000	33.000000	6	0.781250	3.125000	0.810000	0.000000	5.540000	4.430000	-3.125000	2.343750	0.025000	0	0	0	
117828	1285	0.000000	7.360000	5.660000	1.460000	0.690000	33.000000	33.000000	6	0.781250	3.125000	0.810000	0.000000	7.350000	5.650000	-3.125000	2.343750	0.025000	0	0	0	
118078	1398	0.000000	6.090000	5.080000	1.460000	0.690000	34.000000	33.000000	6	0.781250	3.125000	0.810000	0.000000	5.630000	4.850000	-3.125000	2.343750	0.025000	0	0	0	
118313	1321	0.000000	7.720000	5.760000	1.430000	0.750000	34.000000	33.000000	6	0.781250	0.000000	0.830000	0.000000	6.300000	5.150000	-3.125000	2.343750	0.710000	0	0	0	
118609	1427	0.000000	7.840000	6.070000	1.470000	0.760000	34.000000	33.000000	6	0.781250	0.000000	0.830000	0.000000	7.900000	6.230000	-3.125000	3.125000	0.710000	0	0	0	
118875	1440	0.000000	7.270000	5.650000	1.480000	0.750000	34.000000	33.000000	6	0.781250	0.000000	0.830000	0.000000	6.840000	5.450000	-3.125000	3.125000	0.710000	0	0	0	
119125	1318	0.000000	7.230000	5.590000	1.480000	0.780000	33.000000	34.000000	6	0.781250	0.000000	0.830000	0.000000	6.910000	5.440000	-3.125000	3.125000	0.710000	0	0	0	
119359	1243	0.000000	7.860000	6.360000	1.490000	0.790000	33.000000	34.000000	6	0.781250	-3.125000	0.800000	0.000000	8.130000	6.470000	-3.125000	3.125000	0.575000	0	0	0	
119625	1087	0.000000	7.850000	6.130000	1.490000	0.800000	33.000000	33.000000	6	0.781250	-3.125000	0.800000	0.000000	7.660000	5.960000	-3.125000	0.781250	0.575000	0	0	0	
120063	1082	0.000000	6.820000	5.420000	1.500000	0.740000	34.000000	34.000000	6	0.781250	-3.125000	0.800000	0.000000	7.040000	5.540000	-3.125000	0.781250	0.575000	0	0	0	
120281	1168	0.000000	5.560000	4.520000	1.520000	0.710000	34.000000	34.000000	6	0.781250	-3.125000	0.800000	0.000000	5.520000	4.460000	-3.125000	0.781250	0.575000	0	0	0	
120531	1298	0.000000	5.450000	4.560000	1.520000	0.680000	34.000000	34.000000	6	0.781250	-3.906250	0.790000	0.000000	5.400000	4.340000	-3.125000	-2.343750	0.780000	0	0	0	
120797	1315	0.000000	5.450000	4.700000	1.500000	0.670000	33.000000	34.000000	6	0.781250	-3.906250	0.790000	0.000000	5.410000	4.560000	-3.125000	-2.343750	0.780000	0	0	0	
121063	1443	0.000000	5.720000	4.900000	1.490000	0.660000	34.000000	34.000000	6	0.781250	-3.906250	0.790000	0.000000	5.480000	4.650000	-3.125000	-2.343750	0.780000	0	0	0	
121328	1505	0.000000	5.690000	4.830000	1.490000	0.630000	33.000000	34.000000	6	0.781250	-3.906250	0.790000	0.000000	5.400000	4.320000	-3.125000	-2.343750	0.780000	0	0	0	
121578	1607	0.000000	6.550000	5.140000	1.450000	0.700000	34.000000	34.000000	6	0.781250	-3.906250	0.060000	0.000000	6.260000	5.010000	-3.125000	-2.343750	0.025000	0	0	0	
121828	1691	0.000000	7.030000	5.540000	1.480000	0.720000	33.000000	34.000000	6	0.781250	10.937500	0.060000	0.000000	6.830000	5.320000	-3.125000	7.031250	0.025000	0	0	0	
122078	1810	0.000000	6.680000	5.150000	1.470000	0.740000	33.000000	34.000000	6	0.781250	10.937500	0.060000	0.000000	6.320000	4.910000	-3.125000	7.031250	0.025000	0	0	0	
122344	1914	0.000000	6.490000	5.070000	1.480000	0.740000	34.000000	34.000000	6	0.781250	10.937500	0.060000	0.000000	6.150000	5.020000	-3.125000	7.031250	0.025000	0	0	0	
122609	2051	0.000000	6.340000	5.020000	1.470000	0.730000	34.000000	34.000000	6	0.781250	10.937500	0.060000	0.000000	6.350000	5.060000	-3.125000	7.031250	0.025000	0	0	0	
122891	2188	0.000000	6.550000	5.370000	1.470000	0.700000	34.000000	34.000000	6	0.781250	-3.906250	0.810000	0.000000	6.380000	5.170000	-3.125000	-2.343750	0.750000	0	0	0	
123141	2277	0.000000	6.590000	5.320000	1.480000	0.670000	33.000000	34.000000	6	0.781250	-3.906250	0.810000	0.000000	6.420000	5.220000	-3.125000	-2.343750	0.750000	0	0	0	
123406	2390	0.000000	5.990000	4.550000	1.520000	0.590000	34.000000	34.000000	6	0.781250	-3.906250	0.810000	0.000000	5.850000	4.390000	-3.125000	-2.343750	0.750000	0	0	0	
123672	2232	0.000000	2.310000	1.760000	1.800000	0.300000	34.000000	34.000000	6	0.781250	-3.906250	0.810000	0.000000	2.240000	1.680000	-3.125000	-2.343750	0.750000	0	0	0	
123922	1926	0.000000	2.140000	1.710000	1.880000	0.260000	34.000000	34.000000	6	0.781250	-10.156250	0.740000	0.000000	2.210000	1.780000	-3.125000	-5.468750	0.715000	0	0	0	
124156	1629	0.000000	2.140000	1.830000	1.990000	0.250000	34.000000	34.000000	6	0.781250	-10.156250	0.740000	0.000000	2.140000	1.830000	-3.125000	-5.468750	0.715000	0	0	0	
124422	1302	0.000000	4.130000	3.410000	1.810000	0.400000	34.000000	34.000000	6	0.781250	-10.156250	0.740000	0.000000	4.170000	3.490000	-3.125000	-5.468750	0.715000	0	0	0	
124703	1259	0.000000	5.300000	4.470000	1.550000	0.530000	34.000000	34.000000	6	0.781250	-10.156250	0.740000	0.000000	5.270000	4.380000	-3.125000	-5.468750	0.715000	0	0	0	
124953	1271	0.000000	5.520000	5.170000	1.480000	0.640000	34.000000	34.000000	6	0.781250	0.000000	0.180000	0.000000	5.480000	4.600000	-3.125000	0.000000	0.000000	0	0	0	
125375	1301	0.000000	7.750000	6.010000	1.490000	0.720000	34.000000	34.000000	6	0.781250	0.000000	0.180000	0.000000	7.640000	5.820000	-3.125000	0.000000	0.000000	0	0	0	
125641	1334	0.000000	7.200000	5.590000	1.490000	0.720000	34.000000	34.000000	6	0.781250	0.000000	0.180000	0.000000	6.700000	5.360000	-3.125000	0.000000	0.000000	0	0	0	
125875	1364	0.000000	6.250000	5.180000	1.490000	0.710000	34.000000	34.000000	6	0.781250	0.000000	0.180000	0.000000	6.140000	5.110000	-3.125000	0.000000	0.000000	0	0	0	
126125	1386	0.000000	6.230000	5.210000	1.490000	0.710000	34.000000	34.000000	6	0.781250	-7.031250	0.770000	0.000000	6.140000	5.130000	-3.125000	-3.906250	0.785000	0	0	0	
126391	1413	0.000000	6.740000	5.370000	1.470000	0.710000	34.000000	34.000000	6	0.781250	-7.031250	0.770000	0.000000	6.380000	5.250000	-3.125000	-3.906250	0.785000	0	0	0	
126672	1436	0.000000	6.640000	5.320000	1.460000	0.720000	34.000000	34.000000	6	0.781250	-7.031250	0.770000	0.000000	6.520000	5.260000	-3.125000	-3.906250	0.785000	0	0	0	
126938	1460	0.000000	6.470000	5.210000	1.470000	0.710000	34.000000	34.000000	6	0.781250	-7.031250	0.770000	0.000000	6.310000	5.140000	-3.125000	-3.906250	0.785000	0	0	0	
127188	1484	0.000000	6.510000	5.210000	1.460000	0.710000	34.000000	34.000000	6	0.781250	0.781250	0.680000	0.000000	6.310000	5.110000	-3.125000	2.343750	0.260000	0	0	0	
127453	1514	0.000000	6.170000	5.040000	1.460000	0.700000	34.000000	34.000000	6	0.781250	0.781250	0.680000	0.000000	6.230000	5.060000	-3.125000	2.343750	0.260000	0	0	0	
127703	1538	0.000000	6.750000	5.250000	1.470000	0.700000	34.000000	34.000000	6	0.781250	0.781250	0.680000	0.000000	6.130000	4.990000	-3.125000	2.343750	0.260000	0	0	0	
127938	1566	0.000000	6.500000	5.150000	1.500000	0.690000	34.000000	34.000000	6	0.781250	0.781250	0.680000	0.000000	6.170000	5.010000	-3.125000	2.343750	0.260000	0	0	0	
128203	1595	0.000000	5.720000	4.750000	1.520000	0.640000	34.000000	34.000000	6	0.781250	0.000000	0.620000	0.000000	5.680000	4.690000	-3.125000	3.125000	0.475000	0	0	0	
128484	1613	0.000000	4.600000	3.760000	1.550000	0.520000	34.000000	34.000000	6	0.781250	0.000000	0.620000	0.000000	4.460000	3.510000	-3.125000	3.125000	0.475000	0	0	0	
128781	1604	0.000000	4.280000	3.320000	1.530000	0.480000	34.000000	34.000000	6	0.781250	0.000000	0.620000	0.000000	4.030000	3.150000	-3.125000	3.125000	0.475000	0	0	0	
129047	1601	0.000000	4.150000	3.260000	1.520000	0.460000	34.000000	34.000000	6	0.781250	0.000000	0.620000	0.000000	4.240000	3.300000	-3.125000	3.125000	0.475000	0	0	0	
129328	1576	0.000000	4.010000	3.130000	1.530000	0.440000	34.000000	34.000000	6	0.781250	4.687500	0.650000	0.000000	3.650000	2.980000	-3.125000	5.468750	0.415000	0	0	0	
129609	1565	0.000000	3.500000	2.920000	1.520000	0.410000	34.000000	34.000000	6	0.781250	4.687500	0.650000	0.000000	3.450000	2.810000	-3.125000	5.468750	0.415000	0	0	0	
129859	1548	0.000000	3.430000	2.660000	1.530000	0.380000	34.000000	34.000000	6	0.781250	4.687500	0.650000	0.000000	3.290000	2.620000	-3.125000	5.468750	0.415000	0	0	0	
130125	1521	0.000000	3.290000	2.470000	1.520000	0.350000	35.000000	34.000000	6	0.781250	4.687500	0.650000	0.000000	3.180000	2.370000	-3.125000	5.468750	0.415000	0	0	0	
130406	1491	0.000000	3.280000	2.410000	1.520000	0.350000	35.000000	34.000000	6	0.781250	3.906250	0.630000	0.000000	3.130000	2.310000	-3.125000	2.343750	0.325000	0	0	0	
130813	1450	0.000000	3.350000	2.440000	1.510000	0.360000	34.000000	34.000000	6	0.781250	3.906250	0.630000	0.000000	3.280000	2.370000	-3.125000	2.343750	0.325000	0	0	0	
131078	1404	0.000000	3.320000	2.380000	1.510000	0.370000	35.000000	34.000000	6	0.781250	3.906250	0.630000	0.000000	3.120000	2.270000	-3.125000	2.343750	0.325000	0	0	0	
131359	1378	0.000000	3.020000	2.220000	1.520000	0.360000	35.000000	34.000000	6	0.781250	3.906250	0.785000	0.000000	3.020000	2.220000	-3.125000	2.343750	0.785000	0	0	0	
131609	1361	0.000000	3.060000	2.260000	1.510000	0.380000	34.000000	34.000000	6	0.781250	-7.031250	0.785000	0.000000	3.100000	2.280000	-3.125000	-7.812500	0.785000	0	0	0	
131859	1345	0.000000	3.330000	2.450000	1.490000	0.410000	35.000000	34.000000	6	0.781250	-7.031250	0.785000	0.000000	3.280000	2.400000	-3.125000	-7.812500	0.785000	0	0	0	
132141	1335	0.000000	3.560000	2.820000	1.500000	0.460000	35.000000	34.000000	6	0.781250	-7.031250	0.785000	0.000000	3.550000	2.890000	-3.125000	-7.812500	0.785000	0	0	0	
132453	1325	0.000000	3.810000	3.040000	1.500000	0.510000	35.000000	34.000000	6	0.781250	-3.125000	0.800000	0.000000	4.000000	3.120000	-3.125000	-7.812500	0.730000	0	0	0	
132703	1319	0.000000	4.420000	3.370000	1.520000	0.520000	34.000000	34.000000	6	0.781250	-3.125000	0.800000	0.000000	4.110000	3.220000	-3.125000	-2.343750	0.730000	0	0	0	
132953	1336	0.000000	4.430000	3.380000	1.520000	0.540000	34.000000	34.000000	6	0.781250	-3.125000	0.800000	0.000000	4.470000	3.450000	-3.125000	-2.343750	0.730000	0	0	0	
133203	1332	0.000000	4.530000	3.480000	1.510000	0.540000	34.000000	34.000000	6	0.781250	-3.125000	0.800000	0.000000	4.510000	3.480000	-3.125000	-2.343750	0.730000	0	0	0	
133469	1346	0.000000	4.570000	3.530000	1.490000	0.550000	34.000000	34.000000	6	0.781250	-3.125000	0.080000	0.000000	4.200000	3.260000	-3.125000	-2.343750	0.730000	0	0	0	
133719	1361	0.000000	4.360000	3.340000	1.490000	0.540000	35.000000	34.000000	6	0.781250	0.781250	0.080000	0.000000	4.030000	3.220000	-3.125000	-2.343750	0.055000	0	0	0	
133984	1370	0.000000	4.200000	3.250000	1.510000	0.520000	35.000000	34.000000	6	0.781250	0.781250	0.080000	0.000000	4.010000	3.160000	-3.125000	-2.343750	0.055000	0	0	0	
134219	1381	0.000000	4.270000	3.310000	1.520000	0.520000	35.000000	34.000000	6	0.781250	0.781250	0.080000	0.000000	3.760000	3.060000	-3.125000	-2.343750	0.055000	0	0	0	
134500	1386	0.000000	4.000000	3.150000	1.520000	0.510000	35.000000	34.000000	6	0.781250	0.781250	0.080000	0.000000	3.810000	3.090000	-3.125000	-2.343750	0.055000	0	0	0	
134719	1399	0.000000	4.000000	3.150000	1.500000	0.510000	35.000000	34.000000	6	0.781250	1.562500	0.690000	0.000000	3.780000	3.070000	-3.125000	-2.343750	0.635000	0	0	0	
134969	1410	0.000000	3.980000	3.180000	1.510000	0.510000	35.000000	34.000000	6	0.781250	1.562500	0.690000	0.000000	3.500000	2.920000	-3.125000	-2.343750	0.635000	0	0	0	
135219	1412	0.000000	4.110000	3.210000	1.500000	0.510000	35.000000	34.000000	6	0.781250	1.562500	0.690000	0.000000	3.560000	2.950000	-3.125000	-2.343750	0.635000	0	0	0	
135484	1414	0.000000	3.930000	3.140000	1.490000	0.510000	35.000000	34.000000	6	0.781250	1.562500	0.690000	0.000000	3.750000	3.050000	-3.125000	-2.343750	0.635000	0	0	0	
135734	1437	0.000000	4.140000	3.220000	1.490000	0.510000	35.000000	34.000000	6	0.781250	2.343750	0.660000	0.000000	3.550000	2.940000	-3.125000	-2.343750	0.095000	0	0	0	
136141	1456	0.000000	3.930000	3.110000	1.490000	0.500000	35.000000	34.000000	6	0.781250	2.343750	0.660000	0.000000	3.720000	3.020000	-3.125000	-1.562500	0.095000	0	0	0	
136375	1469	0.000000	3.950000	3.090000	1.480000	0.500000	35.000000	34.000000	6	0.781250	2.343750	0.660000	0.000000	3.660000	2.990000	-3.125000	-1.562500	0.095000	0	0	0	
136625	1478	0.000000	4.080000	3.180000	1.490000	0.490000	35.000000	34.000000	6	0.781250	2.343750	0.660000	0.000000	3.520000	2.910000	-3.125000	-1.562500	0.095000	0	0	0	
136859	1492	0.000000	3.920000	3.080000	1.480000	0.480000	35.000000	34.000000	6	0.781250	2.343750	0.660000	0.000000	3.670000	2.990000	-3.125000	-0.781250	0.335000	0	0	0	
137109	1510	0.000000	3.930000	3.060000	1.490000	0.490000	35.000000	34.000000	6	0.781250	2.343750	0.660000	0.000000	3.660000	2.980000	-3.125000	-0.781250	0.335000	0	0	0	
137375	1524	0.000000	3.970000	3.130000	1.510000	0.480000	35.000000	34.000000	6	0.781250	2.343750	0.660000	0.000000	3.540000	2.900000	-3.125000	-0.781250	0.335000	0	0	0	
137625	1550	0.000000	3.930000	3.030000	1.530000	0.470000	35.000000	34.000000	6	0.781250	2.343750	0.660000	0.000000	3.490000	2.870000	-3.125000	-0.781250	0.335000	0	0	0	
137891	1560	0.000000	3.700000	3.020000	1.520000	0.470000	35.000000	34.000000	6	0.781250	4.687500	0.665000	0.000000	3.600000	2.970000	-3.125000	1.562500	0.070000	0	0	0	
138156	1580	0.000000	3.530000	2.910000	1.500000	0.440000	35.000000	34.000000	6	0.781250	4.687500	0.665000	0.000000	3.480000	2.770000	-3.125000	1.562500	0.070000	0	0	0	
138391	1597	0.000000	3.470000	2.760000	1.510000	0.420000	35.000000	34.000000	6	0.781250	4.687500	0.665000	0.000000	3.220000	2.560000	-3.125000	1.562500	0.070000	0	0	0	
138656	1606	0.000000	3.380000	2.600000	1.530000	0.400000	35.000000	34.000000	6	0.781250	4.687500	0.665000	0.000000	3.330000	2.560000	-3.125000	1.562500	0.070000	0	0	0	
138906	1613	0.000000	3.120000	2.410000	1.530000	0.370000	35.000000	34.000000	6	0.781250	4.687500	0.665000	0.000000	3.000000	2.310000	-3.125000	1.562500	0.070000	0	0	0	
139203	1610	0.000000	2.630000	2.100000	1.540000	0.320000	35.000000	34.000000	6	0.781250	1.562500	0.655000	0.000000	2.600000	2.090000	-3.125000	1.562500	0.070000	0	0	0	
139500	1591	0.000000	2.440000	1.960000	1.530000	0.300000	35.000000	34.000000	6	0.781250	1.562500	0.655000	0.000000	2.540000	2.010000	-3.125000	1.562500	0.070000	0	0	0	
139750	1584	0.000000	2.550000	2.010000	1.520000	0.290000	35.000000	34.000000	6	0.781250	1.562500	0.655000	0.000000	2.510000	1.990000	-3.125000	1.562500	0.070000	0	0	0	
139984	1567	0.000000	2.400000	1.910000	1.530000	0.270000	35.000000	34.000000	6	0.781250	1.562500	0.655000	0.000000	2.370000	1.870000	-3.125000	1.562500	0.070000	0	0	0	
140234	1578	0.000000	2.280000	1.790000	1.520000	0.260000	35.000000	34.000000	6	0.781250	2.343750	0.705000	0.000000	2.320000	1.840000	-3.125000	3.906250	0.075000	0	0	0	
140500	1555	0.000000	2.310000	1.810000	1.520000	0.250000	35.000000	34.000000	6	0.781250	2.343750	0.705000	0.000000	2.340000	1.830000	-3.125000	3.906250	0.075000	0	0	0	
140750	1537	0.000000	2.170000	1.650000	1.540000	0.240000	35.000000	34.000000	6	0.781250	2.343750	0.705000	0.000000	2.200000	1.680000	-3.125000	3.906250	0.075000	0	0	0	
141000	1505	0.000000	2.080000	1.560000	1.540000	0.230000	35.000000	34.000000	6	0.781250	2.343750	0.705000	0.000000	2.150000	1.630000	-3.125000	3.906250	0.075000	0	0	0	
141406	1463	0.000000	2.110000	1.550000	1.520000	0.230000	35.000000	34.000000	6	0.781250	3.906250	0.655000	0.000000	2.130000	1.570000	-3.125000	4.687500	0.035000	0	0	0	
141688	1439	0.000000	2.080000	1.500000	1.530000	0.220000	35.000000	34.000000	6	0.781250	3.906250	0.655000	0.000000	2.110000	1.540000	-3.125000	4.687500	0.035000	0	0	0	
141938	1443	0.000000	2.030000	1.460000	1.520000	0.220000	35.000000	34.000000	6	0.781250	3.906250	0.655000	0.000000	2.100000	1.540000	-3.125000	4.687500	0.035000	0	0	0	
142188	1415	0.000000	2.030000	1.440000	1.530000	0.220000	35.000000	34.000000	6	0.781250	3.906250	0.655000	0.000000	2.060000	1.470000	-3.125000	4.687500	0.035000	0	0	0	
142438	1389	0.000000	2.040000	1.460000	1.540000	0.220000	35.000000	34.000000	6	0.781250	-4.687500	0.715000	0.000000	2.070000	1.490000	-3.125000	-1.562500	0.750000	0	0	0	
142703	1366	0.000000	1.940000	1.360000	1.540000	0.220000	35.000000	34.000000	6	0.781250	-4.687500	0.715000	0.000000	2.030000	1.460000	-3.125000	-1.562500	0.750000	0	0	0	
142938	1352	0.000000	2.000000	1.420000	1.530000	0.230000	35.000000	34.000000	6	0.781250	-4.687500	0.715000	0.000000	2.060000	1.480000	-3.125000	-1.562500	0.750000	0	0	0	
143203	1338	0.000000	2.060000	1.480000	1.530000	0.220000	35.000000	34.000000	6	0.781250	-4.687500	0.715000	0.000000	2.080000	1.500000	-3.125000	-1.562500	0.750000	0	0	0	
143453	1336	0.000000	2.040000	1.470000	1.530000	0.220000	35.000000	34.000000	6	0.781250	2.343750	0.750000	0.000000	2.090000	1.510000	-3.125000	3.906250	0.640000	0	0	0	
143688	1320	0.000000	2.040000	1.470000	1.520000	0.220000	35.000000	34.000000	6	0.781250	2.343750	0.750000	0.000000	2.070000	1.500000	-3.125000	3.906250	0.640000	0	0	0	
143953	1291	0.000000	2.030000	1.460000	1.510000	0.220000	35.000000	34.000000	6	0.781250	2.343750	0.750000	0.000000	2.070000	1.500000	-3.125000	3.906250	0.640000	0	0	0	
144219	1265	0.000000	1.960000	1.410000	1.530000	0.220000	35.000000	34.000000	6	0.781250	2.343750	0.750000	0.000000	2.060000	1.510000	-3.125000	3.906250	0.640000	0	0	0	
144484	1256	0.000000	1.990000	1.440000	1.530000	0.220000	35.000000	34.000000	6	0.781250	-2.343750	0.745000	0.000000	2.050000	1.490000	-3.125000	2.343750	0.640000	0	0	0	
144734	1242	0.000000	2.010000	1.450000	1.530000	0.220000	35.000000	34.000000	6	0.781250	-2.343750	0.745000	0.000000	2.060000	1.500000	-3.125000	2.343750	0.640000	0	0	0	
145016	1219	0.000000	2.000000	1.460000	1.530000	0.220000	35.000000	34.000000	6	0.781250	-2.343750	0.745000	0.000000	2.080000	1.540000	-3.125000	2.343750	0.640000	0	0	0	
145281	1215	0.000000	2.040000	1.490000	1.530000	0.210000	35.000000	34.000000	6	0.781250	-2.343750	0.745000	0.000000	2.060000	1.520000	-3.125000	2.343750	0.640000	0	0	0	
145516	1199	0.000000	2.040000	1.480000	1.510000	0.220000	35.000000	34.000000	6	0.781250	1.562500	0.280000	0.000000	2.070000	1.520000	-3.125000	2.343750	0.070000	0	0	0	
145781	1170	0.000000	2.020000	1.490000	1.520000	0.220000	36.000000	34.000000	6	0.781250	1.562500	0.280000	0.000000	2.100000	1.580000	-3.125000	4.687500	0.070000	0	0	0	
146031	1116	0.000000	2.010000	1.500000	1.520000	0.220000	35.000000	34.000000	6	0.781250	1.562500	0.280000	0.000000	2.100000	1.590000	-3.125000	4.687500	0.070000	0	0	0	
146266	1078	0.000000	2.050000	1.550000	1.540000	0.230000	35.000000	34.000000	6	0.781250	1.562500	0.280000	0.000000	2.090000	1.600000	-3.125000	4.687500	0.070000	0	0	0	
146656	895	0.000000	2.120000	1.660000	1.510000	0.300000	36.000000	34.000000	6	0.781250	1.562500	0.535000	0.000000	2.290000	1.840000	-3.125000	4.687500	0.085000	0	0	0	
146906	791	0.000000	3.650000	2.970000	1.530000	0.350000	36.000000	34.000000	6	0.781250	1.562500	0.535000	0.000000	3.870000	3.100000	-3.125000	4.687500	0.085000	0	0	0	
147141	777	0.000000	3.650000	3.010000	1.520000	0.370000	36.000000	34.000000	6	0.781250	1.562500	0.535000	0.000000	3.670000	3.050000	-3.125000	4.687500	0.085000	0	0	0	
147406	796	0.000000	3.510000	2.910000	1.520000	0.370000	36.000000	34.000000	6	0.781250	1.562500	0.535000	0.000000	3.670000	3.030000	-3.125000	4.687500	0.085000	0	0	0	
147656	811	0.000000	3.390000	2.770000	1.520000	0.360000	35.000000	34.000000	6	0.781250	1.562500	0.535000	0.000000	3.500000	2.860000	-3.125000	4.687500	0.085000	0	0	0	
147891	834	0.000000	3.330000	2.680000	1.530000	0.350000	35.000000	34.000000	6	0.781250	0.000000	0.610000	0.000000	3.360000	2.670000	-3.125000	1.562500	0.035000	0	0	0	
148125	831	0.000000	2.940000	2.550000	1.530000	0.340000	35.000000	34.000000	6	0.781250	0.000000	0.610000	0.000000	2.970000	2.590000	-3.125000	1.562500	0.035000	0	0	0	
148391	821	0.000000	2.800000	2.420000	1.530000	0.340000	36.000000	34.000000	6	0.781250	0.000000	0.610000	0.000000	2.900000	2.510000	-3.125000	1.562500	0.035000	0	0	0	
148625	777	0.000000	2.830000	2.460000	1.520000	0.340000	36.000000	34.000000	6	0.781250	0.000000	0.610000	0.000000	2.850000	2.480000	-3.125000	1.562500	0.035000	0	0	0	
148891	734	0.000000	2.870000	2.490000	1.530000	0.350000	35.000000	34.000000	6	0.781250	-3.125000	0.720000	0.000000	2.920000	2.530000	-3.125000	-1.562500	0.035000	0	0	0	
149156	723	0.000000	2.980000	2.580000	1.520000	0.360000	36.000000	34.000000	6	0.781250	-3.125000	0.720000	0.000000	3.170000	2.710000	-3.125000	-1.562500	0.035000	0	0	0	
149422	705	0.000000	3.120000	2.690000	1.520000	0.370000	36.000000	34.000000	6	0.781250	-3.125000	0.720000	0.000000	3.180000	2.730000	-3.125000	-1.562500	0.035000	0	0	0	
149672	708	0.000000	3.230000	2.800000	1.520000	0.360000	36.000000	34.000000	6	0.781250	-3.125000	0.720000	0.000000	3.310000	2.850000	-3.125000	-1.562500	0.035000	0	0	0	
149906	723	0.000000	3.160000	2.710000	1.520000	0.370000	36.000000	34.000000	6	0.781250	2.343750	0.735000	0.000000	3.280000	2.820000	-3.125000	3.125000	0.040000	0	0	0	
150188	721	0.000000	3.180000	2.720000	1.530000	0.360000	36.000000	34.000000	6	0.781250	2.343750	0.735000	0.000000	3.180000	2.720000	-3.125000	3.125000	0.040000	0	0	0	
150438	715	0.000000	3.180000	2.720000	1.530000	0.360000	36.000000	34.000000	6	0.781250	2.343750	0.735000	0.000000	3.180000	2.730000	-3.125000	3.125000	0.040000	0	0	0	
150672	705	0.000000	3.090000	2.680000	1.520000	0.360000	36.000000	34.000000	6	0.781250	2.343750	0.735000	0.000000	3.210000	2.780000	-3.125000	3.125000	0.040000	0	0	0	
150938	686	0.000000	3.120000	2.690000	1.510000	0.370000	36.000000	34.000000	6	0.781250	1.562500	0.705000	0.000000	3.230000	2.790000	-3.125000	3.125000	0.045000	0	0	0	
151219	678	0.000000	3.170000	2.730000	1.530000	0.360000	36.000000	34.000000	6	0.781250	1.562500	0.705000	0.000000	3.180000	2.750000	-3.125000	3.125000	0.045000	0	0	0	
151438	659	0.000000	3.110000	2.680000	1.530000	0.360000	36.000000	34.000000	6	0.781250	1.562500	0.705000	0.000000	3.260000	2.800000	-3.125000	3.125000	0.045000	0	0	0	
151859	633	0.000000	3.180000	2.730000	1.530000	0.360000	36.000000	34.000000	6	0.781250	1.562500	0.705000	0.000000	3.220000	2.780000	-3.125000	3.125000	0.045000	0	0	0	
152094	624	0.000000	3.140000	2.720000	1.520000	0.370000	36.000000	34.000000	6	0.781250	1.562500	0.680000	0.000000	3.220000	2.780000	-3.125000	3.125000	0.045000	0	0	0	
152344	620	0.000000	3.180000	2.740000	1.510000	0.370000	36.000000	34.000000	6	0.781250	1.562500	0.680000	0.000000	3.320000	2.860000	-3.125000	2.343750	0.045000	0	0	0	
152641	620	0.000000	3.290000	2.830000	1.520000	0.370000	36.000000	34.000000	6	0.781250	1.562500	0.680000	0.000000	3.300000	2.840000	-3.125000	2.343750	0.045000	0	0	0	
152891	617	0.000000	3.170000	2.730000	1.520000	0.370000	36.000000	34.000000	6	0.781250	1.562500	0.680000	0.000000	3.270000	2.820000	-3.125000	2.343750	0.045000	0	0	0	
153125	623	0.000000	3.170000	2.730000	1.520000	0.370000	36.000000	34.000000	6	0.781250	1.562500	0.680000	0.000000	3.290000	2.820000	-3.125000	2.343750	0.045000	0	0	0	
153359	620	0.000000	3.170000	2.740000	1.540000	0.370000	36.000000	34.000000	6	0.781250	0.000000	0.670000	0.000000	3.250000	2.810000	-3.125000	0.000000	0.050000	0	0	0	
153625	653	0.000000	3.270000	4.320000	1.490000	0.470000	36.000000	34.000000	6	0.781250	0.000000	0.670000	0.000000	3.460000	2.970000	-3.125000	0.000000	0.050000	0	0	0	
153875	839	0.000000	7.060000	5.920000	1.480000	0.610000	37.000000	34.000000	6	0.781250	0.000000	0.670000	0.000000	6.870000	5.740000	-3.125000	0.000000	0.050000	0	0	0	
154188	1055	0.000000	6.730000	5.200000	1.510000	0.600000	37.000000	34.000000	6	0.781250	0.000000	0.670000	0.000000	6.340000	5.180000	-3.125000	0.000000	0.050000	0	0	0	
154422	1092	0.000000	5.680000	4.750000	1.500000	0.630000	37.000000	34.000000	6	0.781250	-3.906250	0.725000	0.000000	5.760000	4.830000	-3.125000	-2.343750	0.055000	0	0	0	
154672	971	0.000000	6.660000	5.340000	1.490000	0.720000	37.000000	34.000000	6	0.781250	-3.906250	0.725000	0.000000	6.530000	5.260000	-3.125000	-2.343750	0.055000	0	0	0	
154938	843	0.000000	7.830000	6.220000	1.500000	0.710000	37.000000	34.000000	6	0.781250	-3.906250	0.725000	0.000000	7.640000	6.110000	-3.125000	-2.343750	0.055000	0	0	0	
155234	768	0.000000	5.220000	4.040000	1.550000	0.570000	36.000000	34.000000	6	0.781250	-3.906250	0.725000	0.000000	6.050000	5.220000	-3.125000	-2.343750	0.055000	0	0	0	
155469	963	0.000000	3.270000	2.640000	1.550000	0.440000	36.000000	34.000000	6	0.781250	-11.718750	0.795000	0.000000	3.190000	2.610000	-3.125000	-8.593750	0.625000	0	0	0	
155719	863	0.000000	2.890000	2.450000	1.520000	0.410000	36.000000	34.000000	6	0.781250	-11.718750	0.795000	0.000000	2.960000	2.480000	-3.125000	-8.593750	0.625000	0	0	0	
155953	764	0.000000	3.580000	2.960000	1.520000	0.430000	36.000000	34.000000	6	0.781250	-11.718750	0.795000	0.000000	4.000000	3.170000	-3.125000	-8.593750	0.625000	0	0	0	
156234	753	0.000000	4.170000	3.320000	1.520000	0.430000	36.000000	34.000000	6	0.781250	-11.718750	0.795000	0.000000	4.160000	3.390000	-3.125000	-8.593750	0.625000	0	0	0	
156516	834	0.000000	3.970000	3.160000	1.520000	0.400000	37.000000	34.000000	6	0.781250	7.031250	0.800000	0.000000	4.180000	3.300000	-3.125000	10.937500	0.660000	0	0	0	
156750	879	0.000000	3.800000	2.980000	1.510000	0.370000	36.000000	34.000000	6	0.781250	7.031250	0.800000	0.000000	3.770000	3.050000	-3.125000	10.937500	0.660000	0	0	0	
157188	847	0.000000	3.250000	2.600000	1.510000	0.350000	37.000000	34.000000	6	0.781250	7.031250	0.800000	0.000000	3.290000	2.620000	-3.125000	10.937500	0.660000	0	0	0	
157422	814	0.000000	2.910000	2.530000	1.550000	0.350000	37.000000	34.000000	6	0.781250	7.031250	0.800000	0.000000	3.020000	2.620000	-3.125000	10.937500	0.660000	0	0	0	
157672	731	0.000000	3.130000	2.660000	1.530000	0.350000	37.000000	34.000000	6	0.781250	5.468750	0.755000	0.000000	3.180000	2.660000	-3.125000	7.031250	0.640000	0	0	0	
157906	707	0.000000	3.200000	2.760000	1.530000	0.360000	37.000000	34.000000	6	0.781250	5.468750	0.755000	0.000000	3.240000	2.800000	-3.125000	7.031250	0.640000	0	0	0	
158172	693	0.000000	3.270000	2.830000	1.530000	0.360000	37.000000	34.000000	6	0.781250	5.468750	0.755000	0.000000	3.290000	2.850000	-3.125000	7.031250	0.640000	0	0	0	
158422	689	0.000000	3.260000	2.820000	1.520000	0.360000	37.000000	34.000000	6	0.781250	5.468750	0.755000	0.000000	3.390000	2.940000	-3.125000	7.031250	0.640000	0	0	0	
158672	666	0.000000	3.350000	2.910000	1.530000	0.360000	37.000000	34.000000	6	0.781250	9.375000	0.705000	0.000000	3.370000	2.930000	-3.125000	9.375000	0.630000	0	0	0	
158906	660	0.000000	3.410000	2.950000	1.530000	0.350000	37.000000	34.000000	6	0.781250	9.375000	0.705000	0.000000	3.410000	2.950000	-3.125000	9.375000	0.630000	0	0	0	
159172	652	0.000000	3.400000	2.940000	1.520000	0.360000	37.000000	34.000000	6	0.781250	9.375000	0.705000	0.000000	3.560000	3.020000	-3.125000	9.375000	0.630000	0	0	0	
159422	627	0.000000	3.450000	2.960000	1.530000	0.370000	37.000000	34.000000	6	0.781250	9.375000	0.705000	0.000000	3.610000	3.060000	-3.125000	9.375000	0.630000	0	0	0	
159672	643	0.000000	5.280000	4.040000	1.490000	0.460000	37.000000	34.000000	6	0.781250	6.250000	0.670000	0.000000	3.460000	2.980000	-3.125000	5.468750	0.625000	0	0	0	
159922	769	0.000000	8.320000	6.540000	1.440000	0.690000	37.000000	34.000000	6	0.781250	6.250000	0.670000	0.000000	8.090000	6.430000	-3.125000	5.468750	0.625000	0	0	0	
160203	1073	0.000000	11.510000	7.820000	1.450000	0.760000	37.000000	34.000000	6	0.781250	6.250000	0.670000	0.000000	10.540000	7.940000	-3.125000	5.468750	0.625000	0	0	0	
160453	1368	0.000000	8.180000	6.760000	1.450000	0.710000	37.000000	34.000000	6	0.781250	6.250000	0.670000	0.000000	8.150000	6.540000	-3.125000	5.468750	0.625000	0	0	0	
160703	1377	0.000000	6.360000	5.200000	1.470000	0.690000	37.000000	34.000000	6	0.781250	6.250000	0.670000	0.000000	6.610000	5.310000	-3.125000	5.468750	0.625000	0	0	0	
160938	1163	0.000000	7.780000	6.380000	1.480000	0.780000	37.000000	34.000000	6	0.781250	-1.562500	0.860000	0.000000	7.750000	6.030000	-3.125000	0.781250	0.815000	0	0	0	
161188	1115	0.000000	7.660000	5.960000	1.490000	0.790000	37.000000	34.000000	6	0.781250	-1.562500	0.860000	0.000000	7.760000	6.070000	-3.125000	0.781250	0.815000	0	0	0	
161438	993	0.000000	7.250000	5.710000	1.510000	0.770000	37.000000	34.000000	6	0.781250	-1.562500	0.860000	0.000000	7.430000	5.840000	-3.125000	0.781250	0.815000	0	0	0	
161688	1038	0.000000	7.400000	5.790000	1.490000	0.710000	37.000000	34.000000	6	0.781250	-1.562500	0.860000	0.000000	6.880000	5.470000	-3.125000	0.781250	0.815000	0	0	0	
161922	1093	0.000000	6.310000	5.180000	1.490000	0.700000	37.000000	34.000000	6	0.781250	-11.718750	0.830000	0.000000	6.020000	4.980000	-3.125000	-8.593750	0.790000	0	0	0	
162328	1189	0.000000	5.790000	4.870000	1.490000	0.670000	37.000000	34.000000	6	0.781250	-11.718750	0.830000	0.000000	5.840000	4.890000	-3.125000	-8.593750	0.790000	0	0	0	
162578	1225	0.000000	6.180000	5.070000	1.490000	0.660000	37.000000	34.000000	6	0.781250	-11.718750	0.830000	0.000000	5.640000	4.760000	-3.125000	-8.593750	0.790000	0	0	0	
162813	1266	0.000000	5.820000	4.900000	1.460000	0.670000	37.000000	34.000000	6	0.781250	-11.718750	0.830000	0.000000	5.860000	4.930000	-3.125000	-8.593750	0.790000	0	0	0	
163063	1334	0.000000	7.780000	5.860000	1.470000	0.730000	37.000000	34.000000	6	0.781250	3.906250	0.595000	0.000000	7.780000	5.860000	-3.125000	5.468750	0.015000	0	0	0	
163344	1416	0.000000	7.490000	5.700000	1.480000	0.750000	37.000000	34.000000	6	0.781250	3.906250	0.595000	0.000000	6.800000	5.390000	-3.125000	5.468750	0.015000	0	0	0	
163594	1567	0.000000	7.510000	5.740000	1.450000	0.760000	37.000000	34.000000	6	0.781250	3.906250	0.595000	0.000000	7.640000	5.870000	-3.125000	5.468750	0.015000	0	0	0	
163844	1664	0.000000	7.130000	5.580000	1.460000	0.760000	37.000000	34.000000	6	0.781250	3.906250	0.595000	0.000000	7.240000	5.630000	-3.125000	5.468750	0.015000	0	0	0	
164078	1804	0.000000	7.280000	5.850000	1.460000	0.770000	37.000000	34.000000	6	0.781250	-4.687500	0.780000	0.000000	6.880000	5.450000	-3.125000	-5.468750	0.760000	0	0	0	
164344	1924	0.000000	7.210000	6.060000	1.450000	0.780000	37.000000	34.000000	6	0.781250	-4.687500	0.780000	0.000000	6.910000	5.570000	-3.125000	-5.468750	0.760000	0	0	0	
164578	2056	0.000000	7.310000	6.920000	1.430000	0.790000	37.000000	34.000000	6	0.781250	-4.687500	0.780000	0.000000	7.610000	6.280000	-3.125000	-5.468750	0.760000	0	0	0	
164828	2202	0.000000	9.020000	7.390000	1.440000	0.780000	37.000000	34.000000	6	0.781250	-4.687500	0.780000	0.000000	8.310000	7.010000	-3.125000	-5.468750	0.760000	0	0	0	
165094	2365	0.000000	8.750000	6.850000	1.440000	0.760000	37.000000	34.000000	6	0.781250	-4.687500	0.780000	0.000000	8.380000	6.590000	-3.125000	-5.468750	0.760000	0	0	0	
165328	2497	0.000000	7.950000	6.030000	1.420000	0.740000	37.000000	34.000000	6	0.781250	0.000000	0.745000	0.000000	8.110000	6.150000	-3.125000	0.781250	0.615000	0	0	0	
165563	2641	0.000000	7.730000	5.740000	1.450000	0.720000	37.000000	34.000000	6	0.781250	0.000000	0.745000	0.000000	7.590000	5.620000	-3.125000	0.781250	0.615000	0	0	0	
165828	2521	0.000000	2.560000	2.240000	1.800000	0.340000	37.000000	34.000000	6	0.781250	0.000000	0.745000	0.000000	2.390000	2.110000	-3.125000	0.781250	0.615000	0	0	0	
166094	2249	0.000000	2.250000	1.800000	1.970000	0.250000	37.000000	34.000000	6	0.781250	0.000000	0.745000	0.000000	2.300000	1.850000	-3.125000	0.781250	0.615000	0	0	0	
166344	1878	0.000000	0.000000	0.000000	2.100000	0.250000	37.000000	34.000000	6	0.781250	0.000000	0.740000	0.000000	0.000000	0.000000	-3.125000	0.000000	0.000000	0	0	0	
166609	1469	0.000000	3.260000	2.920000	1.910000	0.390000	37.000000	34.000000	6	0.781250	0.000000	0.740000	0.000000	3.480000	3.050000	-3.125000	0.000000	0.000000	0	0	0	
166875	1420	0.000000	4.890000	4.490000	1.650000	0.510000	37.000000	34.000000	6	0.781250	0.000000	0.740000	0.000000	4.890000	4.180000	-3.125000	0.000000	0.000000	0	0	0	
167141	1423	0.000000	7.080000	6.030000	1.450000	0.660000	37.000000	34.000000	6	0.781250	0.000000	0.740000	0.000000	6.990000	5.490000	-3.125000	0.000000	0.000000	0	0	0	
167563	1433	0.000000	8.250000	7.410000	1.450000	0.790000	37.000000	34.000000	6	0.781250	0.000000	0.035000	0.000000	8.120000	7.100000	-3.125000	0.000000	0.000000	0	0	0	
167813	1479	0.000000	8.130000	7.490000	1.450000	0.790000	37.000000	34.000000	6	0.781250	0.000000	0.035000	0.000000	8.110000	7.230000	-3.125000	0.000000	0.000000	0	0	0	
168063	1518	0.000000	8.000000	7.180000	1.450000	0.770000	37.000000	34.000000	6	0.781250	0.000000	0.035000	0.000000	7.780000	6.690000	-3.125000	0.000000	0.000000	0	0	0	
168328	1550	0.000000	7.660000	6.650000	1.480000	0.760000	37.000000	34.000000	6	0.781250	0.000000	0.035000	0.000000	7.680000	6.210000	-3.125000	0.000000	0.000000	0	0	0	
168563	1592	0.000000	7.700000	6.220000	1.460000	0.750000	37.000000	34.000000	6	0.781250	4.687500	0.815000	0.000000	7.570000	5.850000	-3.125000	1.562500	0.805000	0	0	0	
168859	1622	0.000000	7.430000	5.910000	1.470000	0.750000	37.000000	34.000000	6	0.781250	4.687500	0.815000	0.000000	7.050000	5.480000	-3.125000	1.562500	0.805000	0	0	0	
169094	1648	0.000000	7.280000	5.730000	1.470000	0.750000	37.000000	34.000000	6	0.781250	4.687500	0.815000	0.000000	6.960000	5.380000	-3.125000	1.562500	0.805000	0	0	0	
169344	1675	0.000000	7.150000	5.630000	1.470000	0.750000	37.000000	34.000000	6	0.781250	4.687500	0.815000	0.000000	6.960000	5.480000	-3.125000	1.562500	0.805000	0	0	0	
169594	1704	0.000000	7.130000	5.680000	1.480000	0.750000	38.000000	34.000000	6	0.781250	-6.250000	0.805000	0.000000	6.520000	5.290000	-3.125000	-6.250000	0.770000	0	0	0	
169828	1729	0.000000	7.040000	5.570000	1.470000	0.750000	37.000000	34.000000	6	0.781250	-6.250000	0.805000	0.000000	6.940000	5.470000	-3.125000	-6.250000	0.770000	0	0	0	
170078	1746	0.000000	6.900000	5.440000	1.460000	0.760000	37.000000	34.000000	6	0.781250	-6.250000	0.805000	0.000000	6.780000	5.360000	-3.125000	-6.250000	0.770000	0	0	0	
170359	1773	0.000000	6.900000	5.550000	1.470000	0.760000	37.000000	34.000000	6	0.781250	-6.250000	0.805000	0.000000	6.520000	5.150000	-3.125000	-6.250000	0.770000	0	0	0	
170609	1797	0.000000	7.050000	5.680000	1.470000	0.750000	37.000000	34.000000	6	0.781250	-3.906250	0.715000	0.000000	6.690000	5.400000	-3.125000	-6.250000	0.690000	0	0	0	
170859	1816	0.000000	6.890000	5.510000	1.470000	0.750000	38.000000	34.000000	6	0.781250	-3.906250	0.715000	0.000000	6.780000	5.370000	-3.125000	-4.687500	0.690000	0	0	0	
171109	1833	0.000000	6.980000	5.590000	1.450000	0.750000	38.000000	34.000000	6	0.781250	-3.906250	0.715000	0.000000	6.610000	5.180000	-3.125000	-4.687500	0.690000	0	0	0	
171375	1858	0.000000	7.000000	5.590000	1.460000	0.750000	37.000000	34.000000	6	0.781250	-3.906250	0.715000	0.000000	6.630000	5.170000	-3.125000	-4.687500	0.690000	0	0	0	
171625	1875	0.000000	6.850000	5.430000	1.470000	0.750000	38.000000	34.000000	6	0.781250	-3.906250	0.715000	0.000000	6.720000	5.330000	-3.125000	-4.687500	0.690000	0	0	0	
171875	1876	0.000000	6.910000	5.560000	1.470000	0.740000	38.000000	35.000000	6	0.781250	-3.906250	0.690000	0.000000	6.680000	5.190000	-3.125000	-4.687500	0.640000	0	0	0	
172109	1903	0.000000	6.800000	5.490000	1.460000	0.750000	37.000000	34.000000	6	0.781250	-3.906250	0.690000	0.000000	6.560000	5.170000	-3.125000	-4.687500	0.640000	0	0	0	
172406	1922	0.000000	6.900000	5.510000	1.450000	0.750000	37.000000	35.000000	6	0.781250	-3.906250	0.690000	0.000000	6.800000	5.380000	-3.125000	-4.687500	0.640000	0	0	0	
172813	1937	0.000000	7.140000	5.710000	1.450000	0.750000	38.000000	35.000000	6	0.781250	-0.781250	0.645000	0.000000	6.810000	5.350000	-3.125000	-0.781250	0.615000	0	0	0	
173094	1958	0.000000	7.140000	5.660000	1.430000	0.750000	38.000000	35.000000	6	0.781250	-0.781250	0.645000	0.000000	7.020000	5.580000	-3.125000	-0.781250	0.615000	0	0	0	
173359	1973	0.000000	6.920000	5.570000	1.470000	0.750000	37.000000	35.000000	6	0.781250	-0.781250	0.645000	0.000000	6.880000	5.530000	-3.125000	-0.781250	0.615000	0	0	0	
173609	1999	0.000000	7.050000	5.670000	1.450000	0.740000	38.000000	35.000000	6	0.781250	-0.781250	0.645000	0.000000	6.780000	5.380000	-3.125000	-0.781250	0.615000	0	0	0	
173859	2013	0.000000	7.080000	5.760000	1.460000	0.740000	38.000000	35.000000	6	0.781250	-0.781250	0.645000	0.000000	6.880000	5.580000	-3.125000	-0.781250	0.615000	0	0	0	
174094	2034	0.000000	6.920000	5.620000	1.460000	0.730000	37.000000	35.000000	6	0.781250	-0.781250	0.710000	0.000000	6.900000	5.590000	-3.125000	0.000000	0.625000	0	0	0	
174375	2059	0.000000	7.030000	5.750000	1.450000	0.730000	37.000000	35.000000	6	0.781250	-0.781250	0.710000	0.000000	6.760000	5.500000	-3.125000	0.000000	0.625000	0	0	0	
174641	2074	0.000000	7.060000	5.640000	1.470000	0.710000	38.000000	35.000000	6	0.781250	-0.781250	0.710000	0.000000	6.770000	5.450000	-3.125000	0.000000	0.625000	0	0	0	
174891	2091	0.000000	6.870000	5.610000	1.460000	0.710000	38.000000	35.000000	6	0.781250	-0.781250	0.710000	0.000000	6.870000	5.600000	-3.125000	0.000000	0.625000	0	0	0	
175141	2108	0.000000	6.950000	5.680000	1.470000	0.700000	38.000000	35.000000	6	0.781250	1.562500	0.695000	0.000000	6.690000	5.430000	-3.125000	3.125000	0.625000	0	0	0	
175375	2121	0.000000	6.840000	5.610000	1.470000	0.690000	37.000000	35.000000	6	0.781250	1.562500	0.695000	0.000000	6.510000	5.280000	-3.125000	3.125000	0.625000	0	0	0	
175609	2133	0.000000	6.770000	5.550000	1.460000	0.690000	37.000000	35.000000	6	0.781250	1.562500	0.695000	0.000000	6.730000	5.470000	-3.125000	3.125000	0.625000	0	0	0	
175891	2143	0.000000	6.840000	5.640000	1.470000	0.690000	38.000000	35.000000	6	0.781250	1.562500	0.695000	0.000000	6.560000	5.310000	-3.125000	3.125000	0.625000	0	0	0	
176156	2150	0.000000	6.790000	5.570000	1.450000	0.690000	38.000000	35.000000	6	0.781250	0.781250	0.705000	0.000000	6.520000	5.250000	-3.125000	0.781250	0.715000	0	0	0	
176391	2160	0.000000	6.660000	5.400000	1.470000	0.680000	38.000000	35.000000	6	0.781250	0.781250	0.705000	0.000000	6.550000	5.320000	-3.125000	0.781250	0.715000	0	0	0	
176641	2165	0.000000	6.530000	5.240000	1.480000	0.680000	38.000000	35.000000	6	0.781250	0.781250	0.705000	0.000000	6.510000	5.240000	-3.125000	0.781250	0.715000	0	0	0	
176906	2170	0.000000	6.600000	5.370000	1.470000	0.680000	38.000000	35.000000	6	0.781250	0.781250	0.705000	0.000000	6.390000	5.060000	-3.125000	0.781250	0.715000	0	0	0	
177156	2176	0.000000	6.520000	5.250000	1.470000	0.680000	38.000000	35.000000	6	0.781250	-1.562500	0.730000	0.000000	6.430000	5.130000	-3.125000	-3.125000	0.730000	0	0	0	
177406	2186	0.000000	6.300000	5.000000	1.480000	0.670000	38.000000	35.000000	6	0.781250	-1.562500	0.730000	0.000000	6.240000	4.950000	-3.125000	-3.125000	0.730000	0	0	0	
177656	2168	0.000000	4.280000	3.190000	1.570000	0.520000	38.000000	35.000000	6	0.781250	-1.562500	0.730000	0.000000	4.620000	2.990000	-3.125000	-3.125000	0.730000	0	0	0	
178094	2117	0.000000	3.310000	2.470000	1.590000	0.390000	38.000000	35.000000	6	0.781250	-1.562500	0.730000	0.000000	3.350000	2.510000	-3.125000	-3.125000	0.730000	0	0	0	
178359	2081	0.000000	3.350000	2.520000	1.560000	0.380000	38.000000	35.000000	6	0.781250	-7.812500	0.735000	0.000000	3.280000	2.450000	-3.125000	-4.687500	0.720000	0	0	0	
178625	2028	0.000000	3.320000	2.520000	1.530000	0.390000	38.000000	35.000000	6	0.781250	-7.812500	0.735000	0.000000	3.240000	2.420000	-3.125000	-4.687500	0.720000	0	0	0	
178891	1981	0.000000	2.890000	2.260000	1.560000	0.360000	38.000000	35.000000	6	0.781250	-7.812500	0.735000	0.000000	2.920000	2.270000	-3.125000	-4.687500	0.720000	0	0	0	
179156	1947	0.000000	2.870000	2.260000	1.550000	0.340000	38.000000	35.000000	6	0.781250	-7.812500	0.735000	0.000000	2.800000	2.200000	-3.125000	-4.687500	0.720000	0	0	0	
179422	1879	0.000000	2.860000	2.290000	1.530000	0.340000	38.000000	35.000000	6	0.781250	-7.031250	0.740000	0.000000	2.750000	2.210000	-3.125000	-7.031250	0.705000	0	0	0	
179688	1831	0.000000	2.870000	2.310000	1.530000	0.350000	38.000000	35.000000	6	0.781250	-7.031250	0.740000	0.000000	2.850000	2.290000	-3.125000	-7.031250	0.705000	0	0	0	
179953	1789	0.000000	2.980000	2.380000	1.530000	0.350000	38.000000	35.000000	6	0.781250	-7.031250	0.740000	0.000000	2.840000	2.290000	-3.125000	-7.031250	0.705000	0	0	0	
180203	1727	0.000000	3.090000	2.470000	1.510000	0.360000	38.000000	35.000000	6	0.781250	-7.031250	0.740000	0.000000	2.950000	2.340000	-3.125000	-7.031250	0.705000	0	0	0	
180469	1691	0.000000	3.130000	2.440000	1.520000	0.370000	38.000000	35.000000	6	0.781250	-0.781250	0.700000	0.000000	3.100000	2.400000	-3.125000	-3.906250	0.620000	0	0	0	
180750	1639	0.000000	3.210000	2.460000	1.500000	0.360000	38.000000	35.000000	6	0.781250	-0.781250	0.700000	0.000000	3.060000	2.360000	-3.125000	-3.906250	0.620000	0	0	0	
181000	1603	0.000000	2.640000	2.110000	1.570000	0.310000	38.000000	35.000000	6	0.781250	-0.781250	0.700000	0.000000	2.460000	1.990000	-3.125000	-3.906250	0.620000	0	0	0	
181266	1524	0.000000	2.350000	1.850000	1.570000	0.270000	38.000000	35.000000	6	0.781250	-0.781250	0.700000	0.000000	2.300000	1.810000	-3.125000	-3.906250	0.620000	0	0	0	
181531	1472	0.000000	2.100000	1.550000	1.560000	0.240000	38.000000	35.000000	6	0.781250	-7.031250	0.695000	0.000000	2.150000	1.570000	-3.125000	-3.906250	0.645000	0	0	0	
181781	1414	0.000000	2.080000	1.470000	1.540000	0.230000	38.000000	35.000000	6	0.781250	-7.031250	0.695000	0.000000	2.160000	1.560000	-3.125000	-3.906250	0.645000	0	0	0	
182047	1337	0.000000	2.030000	1.440000	1.540000	0.230000	38.000000	35.000000	6	0.781250	-7.031250	0.695000	0.000000	2.150000	1.560000	-3.125000	-3.906250	0.645000	0	0	0	
182313	1263	0.000000	1.960000	1.410000	1.550000	0.230000	38.000000	35.000000	6	0.781250	-7.031250	0.695000	0.000000	2.120000	1.550000	-3.125000	-3.906250	0.645000	0	0	0	
182547	1220	0.000000	2.140000	1.580000	1.500000	0.270000	38.000000	35.000000	6	0.781250	-7.031250	0.695000	0.000000	2.300000	1.740000	-3.125000	-3.906250	0.645000	0	0	0	
182797	1166	0.000000	3.600000	2.790000	1.460000	0.430000	38.000000	35.000000	6	0.781250	-10.156250	0.785000	0.000000	4.380000	3.200000	-3.125000	0.000000	0.045000	0	0	0	
183047	1068	0.000000	7.280000	5.610000	1.470000	0.620000	38.000000	35.000000	6	0.781250	-10.156250	0.785000	0.000000	7.960000	6.050000	-3.125000	0.000000	0.045000	0	0	0	
183469	1169	0.000000	10.500000	8.340000	1.430000	0.860000	38.000000	35.000000	6	0.781250	-10.156250	0.785000	0.000000	10.330000	8.130000	-3.125000	0.000000	0.045000	0	0	0	
183703	1200	0.000000	8.650000	7.280000	1.450000	0.870000	38.000000	35.000000	6	0.781250	-10.156250	0.850000	0.000000	8.470000	7.000000	-3.125000	0.000000	0.840000	0	0	0	
183969	1268	0.000000	8.550000	7.180000	1.470000	0.850000	38.000000	35.000000	6	0.781250	-10.156250	0.850000	0.000000	8.280000	6.650000	-3.125000	-8.593750	0.840000	0	0	0	
184234	1319	0.000000	8.300000	7.110000	1.470000	0.830000	38.000000	35.000000	6	0.781250	-10.156250	0.850000	0.000000	8.250000	6.840000	-3.125000	-8.593750	0.840000	0	0	0	
184484	1363	0.000000	8.420000	7.400000	1.450000	0.820000	38.000000	35.000000	6	0.781250	-10.156250	0.850000	0.000000	8.290000	7.120000	-3.125000	-8.593750	0.840000	0	0	0	
184750	1414	0.000000	8.380000	7.440000	1.470000	0.800000	38.000000	35.000000	6	0.781250	3.125000	0.330000	0.000000	8.110000	6.840000	-3.125000	-8.593750	0.015000	0	0	0	
185000	1459	0.000000	8.040000	6.940000	1.470000	0.790000	38.000000	35.000000	6	0.781250	3.125000	0.330000	0.000000	8.020000	6.730000	-3.125000	0.781250	0.015000	0	0	0	
185219	1501	0.000000	7.970000	6.690000	1.460000	0.780000	38.000000	35.000000	6	0.781250	3.125000	0.330000	0.000000	7.870000	6.470000	-3.125000	0.781250	0.015000	0	0	0	
185500	1543	0.000000	7.770000	6.510000	1.470000	0.770000	39.000000	35.000000	6	0.781250	3.125000	0.330000	0.000000	7.680000	5.890000	-3.125000	0.781250	0.015000	0	0	0	
185734	1579	0.000000	7.630000	6.000000	1.470000	0.750000	39.000000	35.000000	6	0.781250	3.125000	0.330000	0.000000	7.200000	5.620000	-3.125000	0.781250	0.015000	0	0	0	
186000	1600	0.000000	5.640000	4.510000	1.530000	0.630000	38.000000	35.000000	6	0.781250	-2.343750	0.720000	0.000000	5.320000	4.270000	-3.125000	-7.031250	0.755000	0	0	0	
186250	1609	0.000000	4.910000	3.980000	1.500000	0.590000	39.000000	35.000000	6	0.781250	-2.343750	0.720000	0.000000	4.690000	3.750000	-3.125000	-7.031250	0.755000	0	0	0	
186469	1620	0.000000	4.880000	3.960000	1.500000	0.570000	38.000000	35.000000	6	0.781250	-2.343750	0.720000	0.000000	4.760000	3.820000	-3.125000	-7.031250	0.755000	0	0	0	
186750	1609	0.000000	4.690000	3.640000	1.500000	0.530000	39.000000	35.000000	6	0.781250	-2.343750	0.720000	0.000000	4.660000	3.590000	-3.125000	-7.031250	0.755000	0	0	0	
186969	1599	0.000000	4.600000	3.590000	1.500000	0.510000	39.000000	35.000000	6	0.781250	-2.343750	0.725000	0.000000	4.350000	3.330000	-3.125000	-7.031250	0.630000	0	0	0	
187234	1570	0.000000	4.680000	3.650000	1.490000	0.510000	39.000000	35.000000	6	0.781250	1.562500	0.725000	0.000000	4.450000	3.370000	-3.125000	-1.562500	0.630000	0	0	0	
187484	1561	0.000000	4.590000	3.500000	1.500000	0.500000	39.000000	35.000000	6	0.781250	1.562500	0.725000	0.000000	4.520000	3.390000	-3.125000	-1.562500	0.630000	0	0	0	
187750	1546	0.000000	4.630000	3.570000	1.500000	0.510000	39.000000	35.000000	6	0.781250	1.562500	0.725000	0.000000	4.190000	3.250000	-3.125000	-1.562500	0.630000	0	0	0	
188016	1529	0.000000	4.640000	3.560000	1.490000	0.510000	39.000000	35.000000	6	0.781250	1.562500	0.725000	0.000000	4.310000	3.290000	-3.125000	-1.562500	0.630000	0	0	0	
188250	1508	0.000000	4.610000	3.470000	1.500000	0.520000	38.000000	35.000000	6	0.781250	-2.343750	0.705000	0.000000	4.560000	3.420000	-3.125000	-4.687500	0.685000	0	0	0	
188641	1509	0.000000	4.530000	3.400000	1.510000	0.510000	39.000000	35.000000	6	0.781250	-2.343750	0.705000	0.000000	4.010000	3.180000	-3.125000	-4.687500	0.685000	0	0	0	
188859	1495	0.000000	4.580000	3.410000	1.490000	0.510000	39.000000	35.000000	6	0.781250	-2.343750	0.705000	0.000000	4.220000	3.240000	-3.125000	-4.687500	0.685000	0	0	0	
189156	1495	0.000000	4.380000	3.330000	1.510000	0.520000	39.000000	35.000000	6	0.781250	-3.906250	0.730000	0.000000	4.520000	3.400000	-3.125000	-2.343750	0.630000	0	0	0	
189406	1481	0.000000	4.550000	3.460000	1.500000	0.520000	39.000000	35.000000	6	0.781250	-3.906250	0.730000	0.000000	4.220000	3.260000	-3.125000	-2.343750	0.630000	0	0	0	
189688	1472	0.000000	4.580000	3.460000	1.490000	0.530000	39.000000	35.000000	6	0.781250	-3.906250	0.730000	0.000000	4.550000	3.410000	-3.125000	-2.343750	0.630000	0	0	0	
189969	1456	0.000000	4.660000	3.560000	1.500000	0.530000	39.000000	35.000000	6	0.781250	-3.906250	0.730000	0.000000	4.530000	3.390000	-3.125000	-2.343750	0.630000	0	0	0	
190234	1444	0.000000	4.640000	3.590000	1.530000	0.530000	39.000000	35.000000	6	0.781250	-2.343750	0.705000	0.000000	4.270000	3.280000	-3.125000	-3.906250	0.425000	0	0	0	
190484	1438	0.000000	4.690000	3.650000	1.510000	0.530000	39.000000	35.000000	6	0.781250	-2.343750	0.705000	0.000000	4.320000	3.390000	-3.125000	-3.906250	0.425000	0	0	0	
190766	1430	0.000000	4.710000	3.710000	1.500000	0.540000	39.000000	35.000000	6	0.781250	-2.343750	0.705000	0.000000	4.560000	3.400000	-3.125000	-3.906250	0.425000	0	0	0	
190984	1421	0.000000	4.670000	3.730000	1.510000	0.540000	39.000000	35.000000	6	0.781250	-2.343750	0.705000	0.000000	4.300000	3.280000	-3.125000	-3.906250	0.425000	0	0	0	
191250	1408	0.000000	4.720000	3.790000	1.500000	0.540000	39.000000	35.000000	6	0.781250	-2.343750	0.705000	0.000000	4.610000	3.480000	-3.125000	-3.906250	0.425000	0	0	0	
191516	1392	0.000000	4.780000	3.870000	1.490000	0.550000	39.000000	35.000000	6	0.781250	4.687500	0.700000	0.000000	4.620000	3.520000	-3.125000	-0.781250	0.495000	0	0	0	
191766	1375	0.000000	4.760000	3.880000	1.490000	0.550000	39.000000	35.000000	6	0.781250	4.687500	0.700000	0.000000	4.500000	3.380000	-3.125000	-0.781250	0.495000	0	0	0	
192000	1361	0.000000	4.720000	3.810000	1.510000	0.550000	39.000000	35.000000	6	0.781250	4.687500	0.700000	0.000000	4.530000	3.420000	-3.125000	-0.781250	0.495000	0	0	0	
192250	1351	0.000000	4.740000	3.910000	1.500000	0.560000	39.000000	35.000000	6	0.781250	4.687500	0.700000	0.000000	4.590000	3.480000	-3.125000	-0.781250	0.495000	0	0	0	
192500	1336	0.000000	5.310000	4.030000	1.480000	0.570000	39.000000	35.000000	6	0.781250	10.156250	0.710000	0.000000	4.660000	3.560000	-3.125000	0.781250	0.685000	0	0	0	
192766	1315	0.000000	4.820000	3.950000	1.500000	0.570000	39.000000	35.000000	6	0.781250	10.156250	0.710000	0.000000	4.650000	3.580000	-3.125000	0.781250	0.685000	0	0	0	
193000	1283	0.000000	4.770000	3.810000	1.510000	0.570000	39.000000	35.000000	6	0.781250	10.156250	0.710000	0.000000	4.600000	3.470000	-3.125000	0.781250	0.685000	0	0	0	
193234	1267	0.000000	4.790000	3.910000	1.510000	0.580000	39.000000	35.000000	6	0.781250	10.156250	0.710000	0.000000	4.660000	3.690000	-3.125000	0.781250	0.685000	0	0	0	
193516	1291	0.000000	6.200000	5.080000	1.480000	0.670000	39.000000	35.000000	6	0.781250	10.156250	0.710000	0.000000	5.570000	4.560000	-3.125000	3.906250	0.040000	0	0	0	
193922	1314	0.000000	6.120000	5.030000	1.460000	0.730000	39.000000	35.000000	6	0.781250	10.156250	0.710000	0.000000	6.260000	5.100000	-3.125000	3.906250	0.040000	0	0	0	
194188	1311	0.000000	7.160000	5.530000	1.470000	0.760000	39.000000	35.000000	6	0.781250	10.156250	0.710000	0.000000	7.040000	5.500000	-3.125000	3.906250	0.040000	0	0	0	
194438	1324	0.000000	7.060000	5.500000	1.470000	0.770000	39.000000	35.000000	6	0.781250	10.156250	0.710000	0.000000	6.530000	5.260000	-3.125000	3.906250	0.040000	0	0	0	
194688	1364	0.000000	6.560000	5.270000	1.480000	0.760000	39.000000	35.000000	6	0.781250	-7.031250	0.815000	0.000000	6.810000	5.570000	-3.125000	-3.125000	0.795000	0	0	0	
194938	1381	0.000000	6.830000	5.360000	1.460000	0.760000	39.000000	35.000000	6	0.781250	-7.031250	0.815000	0.000000	7.180000	5.520000	-3.125000	-3.125000	0.795000	0	0	0	
195188	1398	0.000000	7.060000	5.500000	1.480000	0.760000	40.000000	35.000000	6	0.781250	-7.031250	0.815000	0.000000	6.160000	5.080000	-3.125000	-3.125000	0.795000	0	0	0	
195438	1404	0.000000	6.370000	5.200000	1.500000	0.750000	40.000000	35.000000	6	0.781250	-7.031250	0.815000	0.000000	6.110000	5.090000	-3.125000	-3.125000	0.795000	0	0	0	
195688	1434	0.000000	6.100000	5.060000	1.470000	0.750000	39.000000	35.000000	6	0.781250	-7.031250	0.815000	0.000000	6.560000	5.270000	-3.125000	-3.125000	0.795000	0	0	0	
195922	1449	0.000000	7.290000	5.590000	1.470000	0.750000	40.000000	35.000000	6	0.781250	2.343750	0.680000	0.000000	6.130000	5.030000	-3.125000	1.562500	0.025000	0	0	0	
196141	1451	0.000000	6.650000	5.340000	1.490000	0.740000	39.000000	35.000000	6	0.781250	2.343750	0.680000	0.000000	6.250000	5.110000	-3.125000	1.562500	0.025000	0	0	0	
196391	1472	0.000000	6.210000	5.090000	1.480000	0.740000	39.000000	35.000000	6	0.781250	2.343750	0.680000	0.000000	6.610000	5.260000	-3.125000	1.562500	0.025000	0	0	0	
196641	1483	0.000000	6.440000	5.160000	1.480000	0.750000	39.000000	35.000000	6	0.781250	2.343750	0.680000	0.000000	6.300000	5.090000	-3.125000	1.562500	0.025000	0	0	0	
196906	1494	0.000000	6.710000	5.360000	1.460000	0.740000	39.000000	35.000000	6	0.781250	2.343750	0.700000	0.000000	6.140000	5.020000	-3.125000	1.562500	0.735000	0	0	0	
197156	1506	0.000000	6.440000	5.120000	1.450000	0.740000	39.000000	35.000000	6	0.781250	2.343750	0.700000	0.000000	6.640000	5.210000	-3.125000	1.562500	0.735000	0	0	0	
197422	1530	0.000000	6.450000	5.130000	1.460000	0.730000	40.000000	35.000000	6	0.781250	2.343750	0.700000	0.000000	6.420000	5.070000	-3.125000	1.562500	0.735000	0	0	0	
197656	1537	0.000000	6.560000	5.150000	1.460000	0.730000	40.000000	35.000000	6	0.781250	2.343750	0.700000	0.000000	6.000000	4.900000	-3.125000	1.562500	0.735000	0	0	0	
197922	1527	0.000000	5.960000	4.900000	1.490000	0.730000	39.000000	35.000000	6	0.781250	-1.562500	0.705000	0.000000	6.090000	4.970000	-3.125000	0.781250	0.705000	0	0	0	
198156	1520	0.000000	6.090000	4.970000	1.480000	0.730000	39.000000	35.000000	6	0.781250	-1.562500	0.705000	0.000000	6.040000	4.960000	-3.125000	0.781250	0.705000	0	0	0	
198438	1546	0.000000	5.600000	4.450000	1.520000	0.670000	40.000000	35.000000	6	0.781250	-1.562500	0.705000	0.000000	5.450000	4.330000	-3.125000	0.781250	0.705000	0	0	0	
198688	1529	0.000000	4.670000	3.700000	1.520000	0.590000	40.000000	35.000000	6	0.781250	-1.562500	0.705000	0.000000	4.610000	3.560000	-3.125000	0.781250	0.705000	0	0	0	
199094	1496	0.000000	4.660000	3.560000	1.490000	0.530000	40.000000	35.000000	6	0.781250	2.343750	0.645000	0.000000	4.200000	3.230000	-3.125000	1.562500	0.665000	0	0	0	
199344	1464	0.000000	4.570000	3.470000	1.510000	0.530000	40.000000	35.000000	6	0.781250	2.343750	0.645000	0.000000	4.390000	3.340000	-3.125000	1.562500	0.665000	0	0	0	
199563	1433	0.000000	3.510000	2.920000	1.540000	0.470000	40.000000	35.000000	6	0.781250	2.343750	0.645000	0.000000	3.440000	2.800000	-3.125000	1.562500	0.665000	0	0	0	
199844	1387	0.000000	3.420000	2.610000	1.530000	0.390000	40.000000	35.000000	6	0.781250	2.343750	0.645000	0.000000	3.430000	2.550000	-3.125000	1.562500	0.665000	0	0	0	
200078	1356	0.000000	3.110000	2.270000	1.520000	0.370000	40.000000	35.000000	6	0.781250	2.343750	0.755000	0.000000	3.190000	2.280000	-3.125000	1.562500	0.700000	0	0	0	
200328	1308	0.000000	3.030000	2.220000	1.510000	0.370000	39.000000	35.000000	6	0.781250	-0.781250	0.755000	0.000000	2.960000	2.210000	-3.125000	-0.781250	0.700000	0	0	0	
200594	1255	0.000000	3.000000	2.260000	1.510000	0.370000	40.000000	35.000000	6	0.781250	-0.781250	0.755000	0.000000	2.900000	2.210000	-3.125000	-0.781250	0.700000	0	0	0	
200844	1212	0.000000	3.130000	2.390000	1.510000	0.380000	40.000000	35.000000	6	0.781250	-0.781250	0.755000	0.000000	3.040000	2.340000	-3.125000	-0.781250	0.700000	0	0	0	
201125	1163	0.000000	3.290000	2.580000	1.500000	0.390000	40.000000	35.000000	6	0.781250	-0.781250	0.700000	0.000000	3.180000	2.440000	-3.125000	-0.781250	0.315000	0	0	0	
201359	1141	0.000000	3.490000	2.750000	1.510000	0.410000	40.000000	35.000000	6	0.781250	2.343750	0.700000	0.000000	3.380000	2.710000	-3.125000	1.562500	0.315000	0	0	0	
201609	1079	0.000000	5.800000	4.530000	1.460000	0.580000	40.000000	35.000000	6	0.781250	2.343750	0.700000	0.000000	5.830000	4.600000	-3.125000	1.562500	0.315000	0	0	0	
201844	1027	0.000000	9.580000	7.270000	1.410000	0.790000	40.000000	35.000000	6	0.781250	2.343750	0.700000	0.000000	8.630000	6.700000	-3.125000	1.562500	0.315000	0	0	0	
202078	1084	0.000000	8.860000	6.980000	1.460000	0.810000	40.000000	35.000000	6	0.781250	2.343750	0.700000	0.000000	8.190000	6.320000	-3.125000	1.562500	0.315000	0	0	0	
202344	1095	0.000000	7.470000	5.730000	1.490000	0.810000	40.000000	35.000000	6	0.781250	-12.500000	0.490000	0.000000	7.600000	5.850000	-3.125000	-10.937500	0.745000	0	0	0	
202609	1151	0.000000	7.530000	5.740000	1.480000	0.810000	40.000000	35.000000	6	0.781250	-12.500000	0.490000	0.000000	7.040000	5.480000	-3.125000	-10.937500	0.745000	0	0	0	
202844	1163	0.000000	8.140000	6.190000	1.470000	0.850000	40.000000	35.000000	6	0.781250	-12.500000	0.490000	0.000000	7.770000	5.890000	-3.125000	-10.937500	0.745000	0	0	0	
203094	1200	0.000000	7.840000	6.190000	1.470000	0.850000	40.000000	35.000000	6	0.781250	-12.500000	0.490000	0.000000	7.900000	6.310000	-3.125000	-10.937500	0.745000	0	0	0	
203328	1243	0.000000	8.420000	6.900000	1.450000	0.860000	40.000000	35.000000	6	0.781250	-3.125000	0.700000	0.000000	8.400000	6.910000	-3.125000	-1.562500	0.020000	0	0	0	
203609	1305	0.000000	8.650000	7.620000	1.450000	0.870000	40.000000	35.000000	6	0.781250	-3.125000	0.700000	0.000000	8.420000	7.110000	-3.125000	-1.562500	0.020000	0	0	0	
203875	1355	0.000000	8.780000	8.060000	1.460000	0.860000	40.000000	35.000000	6	0.781250	-3.125000	0.700000	0.000000	8.700000	7.850000	-3.125000	-1.562500	0.020000	0	0	0	
204281	1469	0.000000	9.380000	8.580000	1.450000	0.820000	40.000000	35.000000	6	0.781250	-3.125000	0.700000	0.000000	8.620000	8.030000	-3.125000	-1.562500	0.020000	0	0	0	
204516	1512	0.000000	8.760000	8.250000	1.470000	0.810000	40.000000	35.000000	6	0.781250	10.156250	0.085000	0.000000	8.640000	7.850000	-3.125000	12.500000	0.025000	0	0	0	
204766	1549	0.000000	8.850000	7.730000	1.460000	0.810000	40.000000	35.000000	6	0.781250	10.156250	0.085000	0.000000	8.150000	7.630000	-3.125000	12.500000	0.025000	0	0	0	
205016	1588	0.000000	7.880000	7.220000	1.450000	0.800000	40.000000	35.000000	6	0.781250	10.156250	0.085000	0.000000	7.820000	6.960000	-3.125000	12.500000	0.025000	0	0	0	
205281	1631	0.000000	8.130000	7.270000	1.470000	0.810000	40.000000	35.000000	6	0.781250	10.156250	0.085000	0.000000	7.590000	6.950000	-3.125000	12.500000	0.025000	0	0	0	
205531	1671	0.000000	7.670000	7.060000	1.450000	0.810000	40.000000	35.000000	6	0.781250	3.906250	0.725000	0.000000	8.110000	7.250000	-3.125000	7.031250	0.200000	0	0	0	
205766	1707	0.000000	8.710000	7.590000	1.440000	0.810000	40.000000	35.000000	6	0.781250	3.906250	0.725000	0.000000	7.730000	7.130000	-3.125000	7.031250	0.200000	0	0	0	
206016	1751	0.000000	7.990000	7.300000	1.470000	0.810000	40.000000	35.000000	6	0.781250	3.906250	0.725000	0.000000	7.470000	7.050000	-3.125000	7.031250	0.200000	0	0	0	
206281	1785	0.000000	7.420000	7.160000	1.450000	0.810000	40.000000	35.000000	6	0.781250	3.906250	0.725000	0.000000	7.930000	7.340000	-3.125000	7.031250	0.200000	0	0	0	
206531	1840	0.000000	8.130000	7.370000	1.450000	0.810000	40.000000	35.000000	6	0.781250	3.906250	0.615000	0.000000	7.910000	7.250000	-3.125000	7.031250	0.680000	0	0	0	
206797	1875	0.000000	7.990000	7.220000	1.450000	0.810000	40.000000	35.000000	6	0.781250	4.687500	0.615000	0.000000	7.550000	7.080000	-3.125000	6.250000	0.680000	0	0	0	
207078	1912	0.000000	7.800000	7.080000	1.460000	0.810000	40.000000	35.000000	6	0.781250	4.687500	0.615000	0.000000	8.390000	7.330000	-3.125000	6.250000	0.680000	0	0	0	
207344	1956	0.000000	7.930000	7.100000	1.450000	0.810000	40.000000	35.000000	6	0.781250	4.687500	0.615000	0.000000	7.900000	7.100000	-3.125000	6.250000	0.680000	0	0	0	
207578	2017	0.000000	8.130000	7.020000	1.440000	0.810000	40.000000	35.000000	6	0.781250	4.687500	0.615000	0.000000	7.910000	6.830000	-3.125000	6.250000	0.680000	0	0	0	
207828	2040	0.000000	8.350000	7.180000	1.430000	0.820000	40.000000	35.000000	6	0.781250	-1.562500	0.715000	0.000000	8.570000	7.400000	-3.125000	2.343750	0.710000	0	0	0	
208094	2096	0.000000	8.990000	7.530000	1.420000	0.820000	40.000000	35.000000	6	0.781250	-1.562500	0.715000	0.000000	9.570000	7.680000	-3.125000	2.343750	0.710000	0	0	0	
208359	2154	0.000000	8.810000	7.300000	1.440000	0.810000	40.000000	35.000000	6	0.781250	-1.562500	0.715000	0.000000	8.440000	6.940000	-3.125000	2.343750	0.710000	0	0	0	
208641	2204	0.000000	8.530000	6.850000	1.430000	0.810000	40.000000	35.000000	6	0.781250	-1.562500	0.715000	0.000000	8.810000	7.110000	-3.125000	2.343750	0.710000	0	0	0	
208875	2262	0.000000	8.380000	6.660000	1.430000	0.810000	40.000000	35.000000	6	0.781250	-7.031250	0.740000	0.000000	8.480000	6.780000	-3.125000	-3.125000	0.685000	0	0	0	
209125	2306	0.000000	8.600000	6.770000	1.430000	0.800000	40.000000	35.000000	6	0.781250	-7.031250	0.740000	0.000000	8.340000	6.580000	-3.125000	-3.125000	0.685000	0	0	0	
209531	2392	0.000000	8.400000	6.490000	1.430000	0.790000	40.000000	35.000000	6	0.781250	-7.031250	0.740000	0.000000	8.570000	6.620000	-3.125000	-3.125000	0.685000	0	0	0	
209797	2448	0.000000	8.750000	6.590000	1.430000	0.790000	40.000000	35.000000	6	0.781250	-7.031250	0.740000	0.000000	8.500000	6.410000	-3.125000	-3.125000	0.685000	0	0	0	
210047	2503	0.000000	8.690000	6.480000	1.440000	0.790000	40.000000	35.000000	6	0.781250	-7.031250	0.650000	0.000000	8.420000	6.340000	-3.125000	-3.125000	0.710000	0	0	0	
210313	2553	0.000000	8.440000	6.240000	1.420000	0.800000	40.000000	35.000000	6	0.781250	-7.031250	0.650000	0.000000	8.810000	6.450000	-3.125000	-3.125000	0.710000	0	0	0	
210563	2618	0.000000	8.240000	6.050000	1.470000	0.750000	40.000000	35.000000	6	0.781250	-7.031250	0.650000	0.000000	8.070000	5.980000	-3.125000	-3.125000	0.710000	0	0	0	
210813	2450	0.000000	2.470000	2.100000	1.890000	0.330000	40.000000	35.000000	6	0.781250	-7.031250	0.650000	0.000000	2.440000	2.060000	-3.125000	-3.125000	0.710000	0	0	0	
211063	2200	0.000000	0.000000	0.000000	2.100000	0.250000	40.000000	35.000000	6	0.781250	0.000000	0.730000	0.000000	0.000000	0.000000	-3.125000	0.000000	0.770000	0	0	0	
211313	1842	0.000000	2.610000	2.970000	2.070000	0.350000	40.000000	35.000000	6	0.781250	0.000000	0.730000	0.000000	2.470000	2.050000	-3.125000	0.000000	0.770000	0	0	0	
211578	1660	0.000000	5.130000	4.460000	1.690000	0.570000	40.000000	35.000000	6	0.781250	0.000000	0.730000	0.000000	5.250000	4.350000	-3.125000	0.000000	0.770000	0	0	0	
211828	1644	0.000000	7.630000	7.020000	1.460000	0.740000	40.000000	35.000000	6	0.781250	0.000000	0.730000	0.000000	7.600000	6.720000	-3.125000	0.000000	0.770000	0	0	0	
212094	1643	0.000000	9.750000	8.350000	1.430000	0.810000	40.000000	35.000000	6	0.781250	0.000000	0.060000	0.000000	9.160000	8.060000	-3.125000	0.000000	0.015000	0	0	0	
212328	1655	0.000000	9.360000	8.140000	1.420000	0.810000	40.000000	35.000000	6	0.781250	0.000000	0.060000	0.000000	9.190000	8.060000	-3.125000	0.000000	0.015000	0	0	0	
212563	1668	0.000000	8.360000	7.360000	1.450000	0.810000	40.000000	35.000000	6	0.781250	0.000000	0.060000	0.000000	8.060000	7.240000	-3.125000	0.000000	0.015000	0	0	0	
212828	1685	0.000000	7.640000	7.090000	1.450000	0.810000	40.000000	35.000000	6	0.781250	0.000000	0.060000	0.000000	7.490000	6.990000	-3.125000	0.000000	0.015000	0	0	0	
213063	1691	0.000000	8.220000	7.340000	1.450000	0.810000	40.000000	35.000000	6	0.781250	0.000000	0.060000	0.000000	8.070000	7.270000	-3.125000	0.000000	0.015000	0	0	0	
213328	1716	0.000000	7.890000	7.240000	1.460000	0.810000	40.000000	35.000000	6	0.781250	3.125000	0.800000	0.000000	7.660000	7.100000	-3.125000	5.468750	0.700000	0	0	0	
213609	1719	0.000000	7.420000	6.980000	1.450000	0.810000	40.000000	35.000000	6	0.781250	3.125000	0.800000	0.000000	7.630000	7.110000	-3.125000	5.468750	0.700000	0	0	0	
213859	1735	0.000000	8.150000	7.360000	1.450000	0.810000	40.000000	35.000000	6	0.781250	3.125000	0.800000	0.000000	7.750000	7.170000	-3.125000	5.468750	0.700000	0	0	0	
214125	1749	0.000000	7.920000	7.270000	1.460000	0.810000	40.000000	35.000000	6	0.781250	3.125000	0.800000	0.000000	7.530000	7.090000	-3.125000	5.468750	0.700000	0	0	0	
214359	1758	0.000000	7.720000	7.190000	1.440000	0.810000	40.000000	35.000000	6	0.781250	4.687500	0.605000	0.000000	8.120000	7.380000	-3.125000	10.937500	0.065000	0	0	0	
214781	1780	0.000000	8.140000	7.440000	1.460000	0.810000	41.000000	35.000000	6	0.781250	4.687500	0.605000	0.000000	7.250000	6.970000	-3.125000	10.937500	0.065000	0	0	0	
215047	1792	0.000000	7.850000	7.280000	1.450000	0.810000	40.000000	35.000000	6	0.781250	4.687500	0.605000	0.000000	7.640000	7.170000	-3.125000	10.937500	0.065000	0	0	0	
215297	1810	0.000000	7.650000	7.190000	1.470000	0.810000	41.000000	35.000000	6	0.781250	8.593750	0.710000	0.000000	7.730000	7.240000	-3.125000	9.375000	0.085000	0	0	0	
215547	1827	0.000000	8.450000	7.510000	1.450000	0.810000	40.000000	35.000000	6	0.781250	8.593750	0.710000	0.000000	7.400000	7.050000	-3.125000	9.375000	0.085000	0	0	0	
215813	1829	0.000000	7.860000	7.230000	1.460000	0.810000	40.000000	35.000000	6	0.781250	8.593750	0.710000	0.000000	7.710000	7.160000	-3.125000	9.375000	0.085000	0	0	0	
216094	1847	0.000000	7.530000	7.090000	1.460000	0.810000	40.000000	35.000000	6	0.781250	8.593750	0.710000	0.000000	7.730000	7.180000	-3.125000	9.375000	0.085000	0	0	0	
216313	1855	0.000000	8.360000	7.420000	1.450000	0.810000	40.000000	35.000000	6	0.781250	8.593750	0.670000	0.000000	7.470000	6.990000	-3.125000	9.375000	0.695000	0	0	0	
216609	1874	0.000000	8.080000	7.280000	1.460000	0.810000	40.000000	35.000000	6	0.781250	7.812500	0.670000	0.000000	7.820000	7.160000	-3.125000	9.375000	0.695000	0	0	0	
216875	1886	0.000000	7.690000	7.060000	1.460000	0.810000	40.000000	35.000000	6	0.781250	7.812500	0.670000	0.000000	7.810000	7.110000	-3.125000	9.375000	0.695000	0	0	0	
217141	1897	0.000000	8.230000	7.350000	1.460000	0.810000	40.000000	35.000000	6	0.781250	7.812500	0.670000	0.000000	7.590000	6.950000	-3.125000	9.375000	0.695000	0	0	0	
217406	1915	0.000000	7.900000	7.130000	1.450000	0.810000	41.000000	35.000000	6	0.781250	7.812500	0.670000	0.000000	7.670000	7.000000	-3.125000	9.375000	0.695000	0	0	0	
217625	1922	0.000000	7.690000	6.970000	1.450000	0.810000	41.000000	35.000000	6	0.781250	2.343750	0.755000	0.000000	8.040000	7.180000	-3.125000	7.812500	0.670000	0	0	0	
217891	1933	0.000000	7.850000	7.080000	1.450000	0.810000	40.000000	35.000000	6	0.781250	2.343750	0.755000	0.000000	7.810000	7.060000	-3.125000	7.812500	0.670000	0	0	0	
218156	1937	0.000000	8.100000	7.160000	1.440000	0.810000	41.000000	35.000000	6	0.781250	2.343750	0.755000	0.000000	7.750000	6.910000	-3.125000	7.812500	0.670000	0	0	0	
218391	1954	0.000000	7.820000	6.910000	1.440000	0.810000	41.000000	35.000000	6	0.781250	2.343750	0.755000	0.000000	7.970000	7.090000	-3.125000	7.812500	0.670000	0	0	0	
218672	1966	0.000000	7.790000	6.990000	1.450000	0.800000	40.000000	35.000000	6	0.781250	0.781250	0.755000	0.000000	7.940000	7.080000	-3.125000	3.125000	0.690000	0	0	0	
218938	1980	0.000000	8.170000	7.140000	1.440000	0.800000	40.000000	35.000000	6	0.781250	0.781250	0.755000	0.000000	7.820000	6.840000	-3.125000	3.125000	0.690000	0	0	0	
219172	1990	0.000000	7.930000	6.940000	1.440000	0.810000	40.000000	35.000000	6	0.781250	0.781250	0.755000	0.000000	8.000000	7.030000	-3.125000	3.125000	0.690000	0	0	0	
219469	2007	0.000000	9.570000	7.690000	1.410000	0.850000	40.000000	35.000000	6	0.781250	0.781250	0.755000	0.000000	9.660000	7.760000	-3.125000	3.125000	0.690000	0	0	0	
219703	2031	0.000000	9.920000	7.990000	1.430000	0.860000	41.000000	35.000000	6	0.781250	-10.937500	0.750000	0.000000	9.940000	7.850000	-3.125000	-6.250000	0.790000	0	0	0	
220125	2071	0.000000	9.520000	7.670000	1.430000	0.860000	41.000000	35.000000	6	0.781250	-10.937500	0.750000	0.000000	9.670000	7.830000	-3.125000	-6.250000	0.790000	0	0	0	
220359	2039	0.000000	4.450000	3.490000	1.700000	0.540000	40.000000	35.000000	6	0.781250	-10.937500	0.750000	0.000000	3.880000	3.110000	-3.125000	-6.250000	0.790000	0	0	0	
220625	2051	0.000000	2.380000	1.900000	1.920000	0.320000	40.000000	35.000000	6	0.781250	-10.937500	0.750000	0.000000	2.480000	1.850000	-3.125000	-6.250000	0.790000	0	0	0	
220891	1858	0.000000	2.220000	1.790000	2.080000	0.260000	41.000000	35.000000	6	0.781250	0.000000	0.705000	0.000000	2.220000	1.790000	-3.125000	1.562500	0.715000	0	0	0	
221109	1677	0.000000	2.030000	1.720000	2.170000	0.270000	41.000000	35.000000	6	0.781250	0.000000	0.705000	0.000000	2.120000	1.830000	-3.125000	1.562500	0.715000	0	0	0	
221391	1450	0.000000	3.200000	2.730000	2.010000	0.370000	41.000000	35.000000	6	0.781250	0.000000	0.705000	0.000000	3.230000	2.790000	-3.125000	1.562500	0.715000	0	0	0	
221656	1378	0.000000	4.860000	4.040000	1.740000	0.500000	41.000000	35.000000	6	0.781250	0.000000	0.705000	0.000000	4.860000	4.040000	-3.125000	1.562500	0.715000	0	0	0	
221906	1404	0.000000	5.210000	4.280000	1.550000	0.550000	41.000000	35.000000	6	0.781250	0.000000	0.030000	0.000000	5.160000	4.190000	-3.125000	0.000000	0.000000	0	0	0	
222156	1379	0.000000	5.420000	4.310000	1.500000	0.600000	41.000000	35.000000	6	0.781250	0.000000	0.030000	0.000000	5.390000	4.220000	-3.125000	0.000000	0.000000	0	0	0	
222422	1361	0.000000	5.520000	4.660000	1.480000	0.610000	41.000000	35.000000	6	0.781250	0.000000	0.030000	0.000000	5.460000	4.490000	-3.125000	0.000000	0.000000	0	0	0	
222703	1350	0.000000	5.770000	4.880000	1.470000	0.620000	41.000000	35.000000	6	0.781250	0.000000	0.030000	0.000000	5.560000	4.660000	-3.125000	0.000000	0.000000	0	0	0	
222938	1342	0.000000	7.990000	6.030000	1.440000	0.700000	41.000000	35.000000	6	0.781250	0.000000	0.490000	0.000000	6.990000	5.430000	-3.125000	0.000000	0.800000	0	0	0	
223203	1334	0.000000	7.420000	5.620000	1.460000	0.730000	41.000000	35.000000	6	0.781250	5.468750	0.490000	0.000000	6.420000	5.180000	-3.125000	2.343750	0.800000	0	0	0	
223469	1325	0.000000	6.050000	5.020000	1.460000	0.740000	41.000000	35.000000	6	0.781250	5.468750	0.490000	0.000000	6.040000	4.980000	-3.125000	2.343750	0.800000	0	0	0	
223734	1325	0.000000	6.490000	5.200000	1.460000	0.740000	41.000000	35.000000	6	0.781250	5.468750	0.490000	0.000000	6.140000	5.120000	-3.125000	2.343750	0.800000	0	0	0	
223969	1322	0.000000	7.030000	5.470000	1.470000	0.750000	41.000000	35.000000	6	0.781250	5.468750	0.850000	0.000000	6.640000	5.290000	-3.125000	2.343750	0.800000	0	0	0	
224250	1313	0.000000	8.230000	6.600000	1.450000	0.810000	41.000000	35.000000	6	0.781250	0.781250	0.850000	0.000000	8.000000	6.370000	-3.125000	1.562500	0.300000	0	0	0	
224516	1318	0.000000	8.170000	6.720000	1.470000	0.820000	41.000000	35.000000	6	0.781250	0.781250	0.850000	0.000000	8.090000	6.450000	-3.125000	1.562500	0.300000	0	0	0	
224766	1315	0.000000	7.990000	6.340000	1.460000	0.810000	41.000000	35.000000	6	0.781250	0.781250	0.850000	0.000000	7.970000	6.330000	-3.125000	1.562500	0.300000	0	0	0	
225016	1312	0.000000	8.110000	6.450000	1.450000	0.800000	41.000000	35.000000	6	0.781250	0.781250	0.785000	0.000000	7.910000	6.020000	-3.125000	1.562500	0.300000	0	0	0	
225453	1312	0.000000	7.970000	6.270000	1.470000	0.800000	41.000000	35.000000	6	0.781250	-6.250000	0.785000	0.000000	7.860000	6.050000	-3.125000	-5.468750	0.745000	0	0	0	
225703	1315	0.000000	8.020000	6.300000	1.470000	0.800000	41.000000	35.000000	6	0.781250	-6.250000	0.785000	0.000000	7.840000	6.050000	-3.125000	-5.468750	0.745000	0	0	0	
225984	1317	0.000000	7.990000	6.340000	1.470000	0.800000	41.000000	35.000000	6	0.781250	-6.250000	0.785000	0.000000	7.760000	5.800000	-3.125000	-5.468750	0.745000	0	0	0	
226266	1316	0.000000	7.820000	5.900000	1.470000	0.800000	41.000000	35.000000	6	0.781250	-7.812500	0.725000	0.000000	7.480000	5.680000	-3.125000	-10.937500	0.725000	0	0	0	
226531	1313	0.000000	7.530000	5.720000	1.480000	0.790000	41.000000	35.000000	6	0.781250	-7.812500	0.725000	0.000000	7.250000	5.590000	-3.125000	-10.937500	0.725000	0	0	0	
226813	1310	0.000000	6.420000	5.220000	1.500000	0.720000	41.000000	36.000000	6	0.781250	-7.812500	0.725000	0.000000	5.540000	4.740000	-3.125000	-10.937500	0.725000	0	0	0	
227078	1309	0.000000	5.460000	4.520000	1.490000	0.680000	41.000000	36.000000	6	0.781250	-7.812500	0.725000	0.000000	5.470000	4.490000	-3.125000	-10.937500	0.725000	0	0	0	
227313	1303	0.000000	5.500000	4.520000	1.500000	0.670000	41.000000	36.000000	6	0.781250	3.906250	0.245000	0.000000	5.510000	4.530000	-3.125000	5.468750	0.010000	0	0	0	
227578	1292	0.000000	5.790000	4.880000	1.490000	0.680000	41.000000	36.000000	6	0.781250	3.906250	0.245000	0.000000	5.540000	4.590000	-3.125000	5.468750	0.010000	0	0	0	
227828	1290	0.000000	6.360000	5.200000	1.470000	0.700000	41.000000	36.000000	6	0.781250	3.906250	0.245000	0.000000	5.820000	4.880000	-3.125000	5.468750	0.010000	0	0	0	
228063	1289	0.000000	6.420000	5.180000	1.480000	0.710000	41.000000	36.000000	6	0.781250	3.906250	0.245000	0.000000	6.200000	5.070000	-3.125000	5.468750	0.010000	0	0	0	
228344	1281	0.000000	6.550000	5.240000	1.470000	0.730000	41.000000	36.000000	6	0.781250	3.906250	0.095000	0.000000	6.070000	5.010000	-3.125000	5.468750	0.065000	0	0	0	
228594	1276	0.000000	6.260000	5.120000	1.510000	0.730000	41.000000	36.000000	6	0.781250	5.468750	0.095000	0.000000	5.950000	5.120000	-3.125000	7.031250	0.065000	0	0	0	
228844	1274	0.000000	6.130000	5.050000	1.480000	0.740000	41.000000	36.000000	6	0.781250	5.468750	0.095000	0.000000	6.170000	5.070000	-3.125000	7.031250	0.065000	0	0	0	
229109	1276	0.000000	7.920000	6.080000	1.430000	0.810000	41.000000	36.000000	6	0.781250	5.468750	0.095000	0.000000	7.810000	5.820000	-3.125000	7.031250	0.065000	0	0	0	
229359	1277	0.000000	8.440000	7.110000	1.450000	0.830000	42.000000	36.000000	6	0.781250	5.468750	0.095000	0.000000	8.610000	7.270000	-3.125000	7.031250	0.065000	0	0	0	
229625	1285	0.000000	8.240000	6.390000	1.470000	0.830000	41.000000	36.000000	6	0.781250	-4.687500	0.780000	0.000000	8.200000	6.500000	-3.125000	-2.343750	0.785000	0	0	0	
229875	1289	0.000000	8.180000	6.520000	1.470000	0.830000	42.000000	36.000000	6	0.781250	-4.687500	0.780000	0.000000	7.890000	6.080000	-3.125000	-2.343750	0.785000	0	0	0	
230141	1297	0.000000	8.180000	6.440000	1.460000	0.830000	41.000000	36.000000	6	0.781250	-4.687500	0.780000	0.000000	7.860000	6.010000	-3.125000	-2.343750	0.785000	0	0	0	
230359	1297	0.000000	7.950000	6.220000	1.470000	0.820000	41.000000	36.000000	6	0.781250	-4.687500	0.780000	0.000000	7.860000	6.070000	-3.125000	-2.343750	0.785000	0	0	0	
230781	1310	0.000000	7.980000	6.240000	1.460000	0.810000	41.000000	36.000000	6	0.781250	-3.906250	0.700000	0.000000	7.750000	5.770000	-3.125000	-4.687500	0.660000	0	0	0	
231078	1316	0.000000	7.830000	6.030000	1.480000	0.810000	41.000000	36.000000	6	0.781250	-3.906250	0.700000	0.000000	7.690000	5.790000	-3.125000	-4.687500	0.660000	0	0	0	
231328	1318	0.000000	7.850000	5.920000	1.470000	0.810000	41.000000	36.000000	6	0.781250	-3.906250	0.700000	0.000000	7.640000	5.740000	-3.125000	-4.687500	0.660000	0	0	0	
231641	1325	0.000000	7.930000	6.030000	1.460000	0.800000	41.000000	36.000000	6	0.781250	-3.906250	0.725000	0.000000	7.220000	5.540000	-3.125000	-4.687500	0.525000	0	0	0	
231891	1342	0.000000	7.920000	5.890000	1.460000	0.800000	42.000000	36.000000	6	0.781250	-5.468750	0.725000	0.000000	7.880000	5.940000	-3.125000	-3.125000	0.525000	0	0	0	
232156	1340	0.000000	7.820000	5.880000	1.460000	0.800000	41.000000	36.000000	6	0.781250	-5.468750	0.725000	0.000000	7.590000	5.710000	-3.125000	-3.125000	0.525000	0	0	0	
232422	1345	0.000000	7.340000	5.590000	1.450000	0.810000	42.000000	36.000000	6	0.781250	-5.468750	0.725000	0.000000	7.770000	5.770000	-3.125000	-3.125000	0.525000	0	0	0	
232672	1348	0.000000	7.770000	5.770000	1.470000	0.800000	41.000000	36.000000	6	0.781250	-5.468750	0.725000	0.000000	7.790000	5.790000	-3.125000	-3.125000	0.525000	0	0	0	
232906	1362	0.000000	7.470000	5.670000	1.480000	0.800000	41.000000	36.000000	6	0.781250	-3.125000	0.690000	0.000000	7.130000	5.520000	-3.125000	-4.687500	0.770000	0	0	0	
233156	1373	0.000000	7.540000	5.690000	1.480000	0.790000	41.000000	36.000000	6	0.781250	-3.125000	0.690000	0.000000	7.570000	6.110000	-3.125000	-4.687500	0.770000	0	0	0	
233406	1375	0.000000	6.710000	5.340000	1.500000	0.710000	41.000000	36.000000	6	0.781250	-3.125000	0.690000	0.000000	5.980000	5.020000	-3.125000	-4.687500	0.770000	0	0	0	
233672	1381	0.000000	4.640000	3.700000	1.520000	0.620000	41.000000	36.000000	6	0.781250	-3.125000	0.690000	0.000000	4.690000	3.800000	-3.125000	-4.687500	0.770000	0	0	0	
233906	1372	0.000000	4.640000	3.560000	1.500000	0.610000	42.000000	36.000000	6	0.781250	2.343750	0.105000	0.000000	4.560000	3.450000	-3.125000	1.562500	0.675000	0	0	0	
234188	1370	0.000000	4.750000	3.860000	1.490000	0.590000	42.000000	36.000000	6	0.781250	2.343750	0.105000	0.000000	4.690000	3.650000	-3.125000	1.562500	0.675000	0	0	0	
234453	1364	0.000000	4.790000	3.900000	1.510000	0.580000	41.000000	36.000000	6	0.781250	2.343750	0.105000	0.000000	4.630000	3.570000	-3.125000	1.562500	0.675000	0	0	0	
234734	1365	0.000000	4.810000	3.950000	1.490000	0.590000	41.000000	36.000000	6	0.781250	2.343750	0.105000	0.000000	4.620000	3.550000	-3.125000	1.562500	0.675000	0	0	0	
234969	1361	0.000000	5.260000	4.010000	1.480000	0.590000	41.000000	36.000000	6	0.781250	15.625000	0.060000	0.000000	4.710000	3.670000	-3.125000	1.562500	0.070000	0	0	0	
235234	1359	0.000000	4.770000	3.910000	1.490000	0.580000	42.000000	36.000000	6	0.781250	15.625000	0.060000	0.000000	4.650000	3.590000	-3.125000	6.250000	0.070000	0	0	0	
235500	1358	0.000000	5.240000	4.010000	1.480000	0.590000	41.000000	36.000000	6	0.781250	15.625000	0.060000	0.000000	4.600000	3.470000	-3.125000	6.250000	0.070000	0	0	0	
235781	1360	0.000000	4.810000	3.930000	1.490000	0.590000	41.000000	36.000000	6	0.781250	15.625000	0.060000	0.000000	4.650000	3.590000	-3.125000	6.250000	0.070000	0	0	0	
236188	1359	0.000000	5.270000	4.030000	1.480000	0.590000	42.000000	36.000000	6	0.781250	10.156250	0.730000	0.000000	4.590000	3.490000	-3.125000	2.343750	0.730000	0	0	0	
236438	1358	0.000000	4.830000	3.970000	1.480000	0.590000	42.000000	36.000000	6	0.781250	10.156250	0.730000	0.000000	4.600000	3.460000	-3.125000	2.343750	0.730000	0	0	0	
236688	1355	0.000000	4.680000	3.760000	1.530000	0.580000	42.000000	36.000000	6	0.781250	10.156250	0.730000	0.000000	4.540000	3.450000	-3.125000	2.343750	0.730000	0	0	0	
236938	1355	0.000000	4.700000	3.820000	1.510000	0.590000	42.000000	36.000000	6	0.781250	10.156250	0.730000	0.000000	4.490000	3.380000	-3.125000	2.343750	0.730000	0	0	0	
237203	1360	0.000000	4.760000	3.860000	1.490000	0.590000	42.000000	36.000000	6	0.781250	4.687500	0.780000	0.000000	4.540000	3.380000	-3.125000	-0.781250	0.750000	0	0	0	
237453	1357	0.000000	4.730000	3.750000	1.490000	0.590000	42.000000	36.000000	6	0.781250	4.687500	0.780000	0.000000	4.620000	3.490000	-3.125000	-0.781250	0.750000	0	0	0	
237750	1354	0.000000	4.760000	3.890000	1.510000	0.580000	42.000000	36.000000	6	0.781250	4.687500	0.780000	0.000000	4.590000	3.380000	-3.125000	-0.781250	0.750000	0	0	0	
238000	1360	0.000000	4.740000	3.870000	1.490000	0.590000	42.000000	36.000000	6	0.781250	4.687500	0.780000	0.000000	4.470000	3.360000	-3.125000	-0.781250	0.750000	0	0	0	
238250	1356	0.000000	4.710000	3.710000	1.490000	0.580000	42.000000	36.000000	6	0.781250	6.250000	0.685000	0.000000	4.470000	3.350000	-3.125000	-2.343750	0.690000	0	0	0	
238500	1358	0.000000	4.050000	3.180000	1.540000	0.500000	42.000000	36.000000	6	0.781250	6.250000	0.685000	0.000000	3.520000	2.880000	-3.125000	-2.343750	0.690000	0	0	0	
238750	1354	0.000000	3.500000	2.760000	1.540000	0.380000	42.000000	36.000000	6	0.781250	6.250000	0.685000	0.000000	3.310000	2.440000	-3.125000	-2.343750	0.690000	0	0	0	
239016	1353	0.000000	2.290000	1.710000	1.550000	0.300000	42.000000	36.000000	6	0.781250	6.250000	0.685000	0.000000	2.280000	1.700000	-3.125000	-2.343750	0.690000	0	0	0	
239266	1321	0.000000	2.090000	1.510000	1.540000	0.260000	42.000000	36.000000	6	0.781250	6.250000	0.685000	0.000000	2.140000	1.560000	-3.125000	-2.343750	0.690000	0	0	0	
239531	1332	0.000000	2.050000	1.450000	1.530000	0.240000	42.000000	36.000000	6	0.781250	-2.343750	0.810000	0.000000	2.090000	1.490000	-3.125000	0.000000	0.065000	0	0	0	
239797	1319	0.000000	1.980000	1.390000	1.530000	0.230000	42.000000	36.000000	6	0.781250	-2.343750	0.810000	0.000000	2.090000	1.520000	-3.125000	0.000000	0.065000	0	0	0	
240047	1312	0.000000	1.940000	1.370000	1.530000	0.230000	42.000000	36.000000	6	0.781250	-2.343750	0.810000	0.000000	2.100000	1.520000	-3.125000	0.000000	0.065000	0	0	0	
240313	1303	0.000000	2.010000	1.420000	1.510000	0.230000	42.000000	36.000000	6	0.781250	-2.343750	0.810000	0.000000	2.090000	1.510000	-3.125000	0.000000	0.065000	0	0	0	
240563	1295	0.000000	2.080000	1.480000	1.510000	0.230000	42.000000	36.000000	6	0.781250	0.781250	0.665000	0.000000	2.150000	1.560000	-3.125000	7.031250	0.020000	0	0	0	
240828	1284	0.000000	2.080000	1.490000	1.510000	0.220000	42.000000	36.000000	6	0.781250	0.781250	0.665000	0.000000	2.130000	1.540000	-3.125000	7.031250	0.020000	0	0	0	
241063	1275	0.000000	2.090000	1.510000	1.520000	0.220000	42.000000	36.000000	6	0.781250	0.781250	0.665000	0.000000	2.090000	1.510000	-3.125000	7.031250	0.020000	0	0	0	
241484	1260	0.000000	2.060000	1.480000	1.520000	0.220000	42.000000	36.000000	6	0.781250	7.031250	0.080000	0.000000	2.080000	1.510000	-3.125000	3.125000	0.755000	0	0	0	
241750	1250	0.000000	2.050000	1.470000	1.520000	0.220000	42.000000	36.000000	6	0.781250	7.031250	0.080000	0.000000	2.020000	1.440000	-3.125000	3.125000	0.755000	0	0	0	
242031	1233	0.000000	2.030000	1.450000	1.520000	0.220000	42.000000	36.000000	6	0.781250	7.031250	0.080000	0.000000	2.020000	1.440000	-3.125000	3.125000	0.755000	0	0	0	
242281	1226	0.000000	1.940000	1.380000	1.520000	0.220000	43.000000	36.000000	6	0.781250	7.031250	0.080000	0.000000	2.030000	1.470000	-3.125000	3.125000	0.755000	0	0	0	
242531	1219	0.000000	1.980000	1.410000	1.520000	0.220000	42.000000	36.000000	6	0.781250	-3.125000	0.830000	0.000000	2.080000	1.510000	-3.125000	7.031250	0.010000	0	0	0	
242781	1207	0.000000	1.990000	1.420000	1.510000	0.220000	42.000000	36.000000	6	0.781250	-3.125000	0.830000	0.000000	2.110000	1.540000	-3.125000	7.031250	0.010000	0	0	0	
243031	1198	0.000000	1.960000	1.410000	1.510000	0.210000	42.000000	36.000000	6	0.781250	-3.125000	0.830000	0.000000	2.140000	1.590000	-3.125000	7.031250	0.010000	0	0	0	
243281	1187	0.000000	2.000000	1.460000	1.510000	0.210000	42.000000	36.000000	6	0.781250	-3.125000	0.830000	0.000000	2.140000	1.600000	-3.125000	7.031250	0.010000	0	0	0	
243547	1183	0.000000	2.060000	1.510000	1.510000	0.210000	42.000000	36.000000	6	0.781250	-3.125000	0.830000	0.000000	2.090000	1.540000	-3.125000	7.031250	0.010000	0	0	0	
243813	1152	0.000000	2.050000	1.510000	1.510000	0.210000	42.000000	36.000000	6	0.781250	9.375000	0.055000	0.000000	2.110000	1.560000	-3.125000	8.593750	0.060000	0	0	0	
244109	1152	0.000000	2.110000	1.580000	1.510000	0.210000	43.000000	36.000000	6	0.781250	9.375000	0.055000	0.000000	2.150000	1.620000	-3.125000	8.593750	0.060000	0	0	0	
244406	1153	0.000000	2.080000	1.540000	1.510000	0.220000	42.000000	36.000000	6	0.781250	9.375000	0.055000	0.000000	2.070000	1.530000	-3.125000	8.593750	0.060000	0	0	0	
244656	1136	0.000000	2.090000	1.550000	1.500000	0.210000	43.000000	36.000000	6	0.781250	9.375000	0.055000	0.000000	2.120000	1.580000	-3.125000	8.593750	0.060000	0	0	0	
244906	1128	0.000000	2.100000	1.560000	1.510000	0.220000	42.000000	36.000000	6	0.781250	5.468750	0.695000	0.000000	2.080000	1.550000	-3.125000	3.125000	0.785000	0	0	0	
245172	1122	0.000000	2.110000	1.580000	1.510000	0.220000	43.000000	36.000000	6	0.781250	5.468750	0.695000	0.000000	2.110000	1.590000	-3.125000	3.125000	0.785000	0	0	0	
245438	1110	0.000000	1.990000	1.470000	1.520000	0.210000	42.000000	36.000000	6	0.781250	5.468750	0.695000	0.000000	2.050000	1.540000	-3.125000	3.125000	0.785000	0	0	0	
245703	1098	0.000000	2.070000	1.560000	1.490000	0.260000	43.000000	36.000000	6	0.781250	5.468750	0.695000	0.000000	2.190000	1.680000	-3.125000	3.125000	0.785000	0	0	0	
245953	1094	0.000000	3.400000	2.680000	1.460000	0.370000	43.000000	36.000000	6	0.781250	-4.687500	0.830000	0.000000	3.550000	2.740000	-3.125000	-1.562500	0.760000	0	0	0	
246219	1073	0.000000	4.630000	3.350000	1.460000	0.460000	43.000000	36.000000	6	0.781250	-4.687500	0.830000	0.000000	4.850000	3.600000	-3.125000	-1.562500	0.760000	0	0	0	
246453	1082	0.000000	5.030000	3.930000	1.450000	0.570000	43.000000	36.000000	6	0.781250	-4.687500	0.830000	0.000000	5.640000	4.180000	-3.125000	-1.562500	0.760000	0	0	0	
246875	1084	0.000000	5.800000	4.600000	1.480000	0.640000	43.000000	36.000000	6	0.781250	-7.812500	0.790000	0.000000	5.710000	4.430000	-3.125000	-1.562500	0.655000	0	0	0	
247109	1088	0.000000	5.690000	4.300000	1.470000	0.660000	43.000000	36.000000	6	0.781250	-7.812500	0.790000	0.000000	5.610000	4.200000	-3.125000	-7.812500	0.655000	0	0	0	
247328	1092	0.000000	5.700000	4.330000	1.480000	0.660000	43.000000	36.000000	6	0.781250	-7.812500	0.790000	0.000000	5.020000	3.960000	-3.125000	-7.812500	0.655000	0	0	0	
247578	1088	0.000000	5.640000	4.240000	1.490000	0.660000	43.000000	36.000000	6	0.781250	-7.812500	0.790000	0.000000	5.020000	3.950000	-3.125000	-7.812500	0.655000	0	0	0	
247828	1084	0.000000	5.600000	4.190000	1.470000	0.660000	43.000000	36.000000	6	0.781250	-7.812500	0.790000	0.000000	5.640000	4.230000	-3.125000	-7.812500	0.655000	0	0	0	
248109	1086	0.000000	5.630000	4.260000	1.490000	0.670000	43.000000	36.000000	6	0.781250	-5.468750	0.745000	0.000000	5.640000	4.240000	-3.125000	-5.468750	0.640000	0	0	0	
248359	1084	0.000000	5.700000	4.440000	1.470000	0.670000	43.000000	36.000000	6	0.781250	-5.468750	0.745000	0.000000	5.560000	4.110000	-3.125000	-5.468750	0.640000	0	0	0	
248625	1084	0.000000	5.700000	4.410000	1.490000	0.680000	43.000000	36.000000	6	0.781250	-5.468750	0.745000	0.000000	5.620000	4.180000	-3.125000	-5.468750	0.640000	0	0	0	
248891	1082	0.000000	5.700000	4.470000	1.480000	0.680000	43.000000	36.000000	6	0.781250	-5.468750	0.745000	0.000000	5.560000	4.130000	-3.125000	-5.468750	0.640000	0	0	0	
249141	1076	0.000000	5.770000	4.570000	1.480000	0.680000	43.000000	36.000000	6	0.781250	1.562500	0.625000	0.000000	5.080000	4.000000	-3.125000	-5.468750	0.595000	0	0	0	
249391	1071	0.000000	5.750000	4.570000	1.490000	0.680000	43.000000	36.000000	6	0.781250	1.562500	0.625000	0.000000	5.610000	4.180000	-3.125000	-5.468750	0.595000	0	0	0	
249656	1068	0.000000	5.730000	4.470000	1.470000	0.680000	43.000000	36.000000	6	0.781250	1.562500	0.625000	0.000000	5.580000	4.140000	-3.125000	-5.468750	0.595000	0	0	0	
249891	1063	0.000000	5.810000	4.650000	1.470000	0.680000	43.000000	36.000000	6	0.781250	1.562500	0.625000	0.000000	5.520000	4.030000	-3.125000	-5.468750	0.595000	0	0	0	
250172	1052	0.000000	5.770000	4.650000	1.480000	0.690000	43.000000	36.000000	6	0.781250	7.812500	0.185000	0.000000	5.550000	4.150000	-3.125000	-5.468750	0.370000	0	0	0	
250469	1000	0.000000	4.570000	3.440000	1.550000	0.520000	44.000000	36.000000	6	0.781250	7.812500	0.185000	0.000000	4.180000	3.110000	-3.125000	-1.562500	0.370000	0	0	0	
250734	1023	0.000000	2.790000	2.350000	1.540000	0.390000	44.000000	36.000000	6	0.781250	7.812500	0.185000	0.000000	2.440000	2.000000	-3.125000	-1.562500	0.370000	0	0	0	
250984	951	0.000000	2.330000	1.880000	1.520000	0.360000	43.000000	36.000000	6	0.781250	7.812500	0.185000	0.000000	2.300000	1.840000	-3.125000	-1.562500	0.370000	0	0	0	
251219	834	0.000000	3.540000	2.780000	1.470000	0.420000	44.000000	36.000000	6	0.781250	7.812500	0.635000	0.000000	3.650000	2.860000	-3.125000	-1.562500	0.075000	0	0	0	
251453	1135	0.000000	4.690000	3.480000	1.470000	0.440000	43.000000	36.000000	6	0.781250	8.593750	0.635000	0.000000	4.650000	3.430000	-3.125000	8.593750	0.075000	0	0	0	
251703	1275	0.000000	5.410000	4.130000	1.470000	0.490000	43.000000	36.000000	6	0.781250	8.593750	0.635000	0.000000	4.750000	3.780000	-3.125000	8.593750	0.075000	0	0	0	
252141	1265	0.000000	7.980000	5.960000	1.450000	0.730000	43.000000	36.000000	6	0.781250	8.593750	0.635000	0.000000	7.990000	6.030000	-3.125000	8.593750	0.075000	0	0	0	
252375	1269	0.000000	7.800000	5.900000	1.460000	0.750000	43.000000	36.000000	6	0.781250	8.593750	0.720000	0.000000	7.110000	5.530000	-3.125000	8.593750	0.075000	0	0	0	
252609	1255	0.000000	7.060000	5.480000	1.460000	0.750000	43.000000	36.000000	6	0.781250	3.125000	0.720000	0.000000	6.820000	5.380000	-3.125000	-0.781250	0.780000	0	0	0	
252875	1252	0.000000	6.290000	5.090000	1.470000	0.750000	44.000000	36.000000	6	0.781250	3.125000	0.720000	0.000000	6.490000	5.190000	-3.125000	-0.781250	0.780000	0	0	0	
253156	1249	0.000000	6.840000	5.410000	1.480000	0.750000	43.000000	36.000000	6	0.781250	3.125000	0.720000	0.000000	6.300000	5.100000	-3.125000	-0.781250	0.780000	0	0	0	
253375	1239	0.000000	6.520000	5.190000	1.450000	0.740000	44.000000	36.000000	6	0.781250	3.125000	0.720000	0.000000	6.700000	5.320000	-3.125000	-0.781250	0.780000	0	0	0	
253625	1241	0.000000	6.660000	5.270000	1.480000	0.740000	44.000000	36.000000	6	0.781250	0.000000	0.770000	0.000000	6.700000	5.350000	-3.125000	4.687500	0.105000	0	0	0	
253906	1238	0.000000	7.100000	5.530000	1.450000	0.740000	44.000000	36.000000	6	0.781250	0.000000	0.770000	0.000000	6.450000	5.160000	-3.125000	4.687500	0.105000	0	0	0	
254172	1233	0.000000	6.950000	5.460000	1.490000	0.740000	44.000000	36.000000	6	0.781250	0.000000	0.770000	0.000000	6.440000	5.150000	-3.125000	4.687500	0.105000	0	0	0	
254438	1229	0.000000	6.550000	5.220000	1.480000	0.740000	43.000000	36.000000	6	0.781250	0.000000	0.770000	0.000000	6.680000	5.290000	-3.125000	4.687500	0.105000	0	0	0	
254719	1227	0.000000	6.900000	5.430000	1.470000	0.740000	44.000000	36.000000	6	0.781250	2.343750	0.695000	0.000000	6.280000	5.070000	-3.125000	3.125000	0.085000	0	0	0	
254969	1219	0.000000	6.550000	5.300000	1.480000	0.750000	44.000000	37.000000	6	0.781250	2.343750	0.695000	0.000000	6.470000	5.190000	-3.125000	3.125000	0.085000	0	0	0	
255234	1210	0.000000	6.680000	5.340000	1.460000	0.750000	44.000000	37.000000	6	0.781250	2.343750	0.695000	0.000000	6.770000	5.390000	-3.125000	3.125000	0.085000	0	0	0	
255500	1205	0.000000	7.140000	5.560000	1.470000	0.750000	44.000000	37.000000	6	0.781250	2.343750	0.695000	0.000000	6.600000	5.230000	-3.125000	3.125000	0.085000	0	0	0	
255766	1200	0.000000	6.710000	5.280000	1.470000	0.750000	44.000000	37.000000	6	0.781250	1.562500	0.670000	0.000000	6.530000	5.340000	-3.125000	2.343750	0.665000	0	0	0	
256016	1190	0.000000	6.450000	5.240000	1.470000	0.750000	44.000000	37.000000	6	0.781250	1.562500	0.670000	0.000000	6.540000	5.290000	-3.125000	2.343750	0.665000	0	0	0	
256281	1187	0.000000	7.080000	5.480000	1.480000	0.740000	44.000000	37.000000	6	0.781250	1.562500	0.670000	0.000000	6.900000	5.240000	-3.125000	2.343750	0.665000	0	0	0	
256547	1176	0.000000	6.410000	5.250000	1.470000	0.740000	44.000000	37.000000	6	0.781250	1.562500	0.670000	0.000000	6.170000	5.110000	-3.125000	2.343750	0.665000	0	0	0	
256797	1162	0.000000	6.120000	5.020000	1.490000	0.720000	44.000000	37.000000	6	0.781250	-1.562500	0.715000	0.000000	5.860000	4.910000	-3.125000	1.562500	0.730000	0	0	0	
257063	1154	0.000000	6.460000	5.250000	1.480000	0.730000	44.000000	37.000000	6	0.781250	-1.562500	0.715000	0.000000	6.060000	4.980000	-3.125000	1.562500	0.730000	0	0	0	
257453	1133	0.000000	6.240000	5.100000	1.470000	0.720000	44.000000	37.000000	6	0.781250	-1.562500	0.715000	0.000000	6.000000	4.940000	-3.125000	1.562500	0.730000	0	0	0	
257734	1129	0.000000	6.220000	5.060000	1.490000	0.720000	44.000000	37.000000	6	0.781250	-1.562500	0.715000	0.000000	6.530000	5.190000	-3.125000	1.562500	0.730000	0	0	0	
257984	1126	0.000000	6.350000	5.150000	1.490000	0.720000	44.000000	37.000000	6	0.781250	-0.781250	0.680000	0.000000	6.120000	5.020000	-3.125000	-2.343750	0.090000	0	0	0	
258250	1118	0.000000	6.000000	4.870000	1.480000	0.710000	44.000000	37.000000	6	0.781250	-0.781250	0.680000	0.000000	6.100000	4.980000	-3.125000	-2.343750	0.090000	0	0	0	
258516	1109	0.000000	4.840000	3.870000	1.530000	0.610000	44.000000	37.000000	6	0.781250	-0.781250	0.680000	0.000000	4.880000	3.890000	-3.125000	-2.343750	0.090000	0	0	0	
258766	1084	0.000000	4.410000	3.280000	1.530000	0.480000	44.000000	37.000000	6	0.781250	-0.781250	0.680000	0.000000	4.250000	3.160000	-3.125000	-2.343750	0.090000	0	0	0	
259047	1069	0.000000	2.820000	2.310000	1.530000	0.420000	44.000000	37.000000	6	0.781250	-5.468750	0.705000	0.000000	2.850000	2.340000	-3.125000	-4.687500	0.710000	0	0	0	
259313	1045	0.000000	2.820000	2.310000	1.520000	0.390000	44.000000	37.000000	6	0.781250	-5.468750	0.705000	0.000000	2.870000	2.360000	-3.125000	-4.687500	0.710000	0	0	0	
259609	1011	0.000000	2.690000	2.230000	1.520000	0.360000	44.000000	37.000000	6	0.781250	-5.468750	0.705000	0.000000	2.750000	2.290000	-3.125000	-4.687500	0.710000	0	0	0	
259844	981	0.000000	2.550000	2.100000	1.520000	0.330000	44.000000	37.000000	6	0.781250	-5.468750	0.705000	0.000000	2.610000	2.150000	-3.125000	-4.687500	0.710000	0	0	0	
260094	955	0.000000	2.460000	1.990000	1.530000	0.310000	44.000000	37.000000	6	0.781250	2.343750	0.710000	0.000000	2.530000	2.070000	-3.125000	3.125000	0.690000	0	0	0	
260344	922	0.000000	2.480000	2.020000	1.510000	0.300000	45.000000	37.000000	6	0.781250	2.343750	0.710000	0.000000	2.470000	2.010000	-3.125000	3.125000	0.690000	0	0	0	
260609	884	0.000000	2.500000	2.010000	1.520000	0.290000	44.000000	37.000000	6	0.781250	2.343750	0.710000	0.000000	2.510000	2.020000	-3.125000	3.125000	0.690000	0	0	0	
260859	855	0.000000	2.500000	2.020000	1.510000	0.290000	45.000000	37.000000	6	0.781250	2.343750	0.710000	0.000000	2.540000	2.060000	-3.125000	3.125000	0.690000	0	0	0	
261141	835	0.000000	2.620000	2.140000	1.520000	0.290000	45.000000	37.000000	6	0.781250	6.250000	0.100000	0.000000	2.580000	2.110000	-3.125000	4.687500	0.655000	0	0	0	
261391	802	0.000000	2.600000	2.130000	1.510000	0.300000	44.000000	37.000000	6	0.781250	6.250000	0.100000	0.000000	2.640000	2.170000	-3.125000	4.687500	0.655000	0	0	0	
261641	767	0.000000	2.620000	2.150000	1.510000	0.300000	44.000000	37.000000	6	0.781250	6.250000	0.100000	0.000000	2.660000	2.190000	-3.125000	4.687500	0.655000	0	0	0	
261906	738	0.000000	2.750000	2.320000	1.510000	0.320000	45.000000	37.000000	6	0.781250	6.250000	0.100000	0.000000	2.740000	2.280000	-3.125000	4.687500	0.655000	0	0	0	
262172	716	0.000000	3.010000	2.570000	1.500000	0.340000	45.000000	37.000000	6	0.781250	6.250000	0.095000	0.000000	2.870000	2.440000	-3.125000	4.687500	0.660000	0	0	0	
262406	714	0.000000	3.160000	2.670000	1.510000	0.350000	45.000000	37.000000	6	0.781250	4.687500	0.095000	0.000000	3.170000	2.660000	-3.125000	0.781250	0.660000	0	0	0	
262813	747	0.000000	3.340000	2.760000	1.510000	0.360000	44.000000	37.000000	6	0.781250	4.687500	0.095000	0.000000	3.200000	2.660000	-3.125000	0.781250	0.660000	0	0	0	
263078	776	0.000000	3.230000	2.660000	1.510000	0.360000	45.000000	37.000000	6	0.781250	4.687500	0.095000	0.000000	3.060000	2.610000	-3.125000	0.781250	0.660000	0	0	0	
263344	786	0.000000	3.030000	2.600000	1.510000	0.350000	44.000000	37.000000	6	0.781250	3.906250	0.130000	0.000000	3.000000	2.570000	-3.125000	0.000000	0.660000	0	0	0	
263594	791	0.000000	3.000000	2.570000	1.520000	0.340000	45.000000	37.000000	6	0.781250	3.906250	0.130000	0.000000	2.900000	2.490000	-3.125000	0.000000	0.660000	0	0	0	
263844	782	0.000000	3.000000	2.580000	1.510000	0.340000	44.000000	37.000000	6	0.781250	3.906250	0.130000	0.000000	2.960000	2.520000	-3.125000	0.000000	0.660000	0	0	0	
264094	776	0.000000	2.950000	2.510000	1.500000	0.340000	44.000000	37.000000	6	0.781250	3.906250	0.130000	0.000000	2.970000	2.530000	-3.125000	0.000000	0.660000	0	0	0	
264359	772	0.000000	2.920000	2.500000	1.510000	0.340000	45.000000	37.000000	6	0.781250	3.906250	0.670000	0.000000	2.890000	2.470000	-3.125000	2.343750	0.660000	0	0	0	
264625	768	0.000000	2.950000	2.510000	1.500000	0.340000	45.000000	37.000000	6	0.781250	3.906250	0.670000	0.000000	2.920000	2.500000	-3.125000	2.343750	0.660000	0	0	0	
264875	765	0.000000	2.910000	2.490000	1.510000	0.340000	45.000000	37.000000	6	0.781250	3.906250	0.670000	0.000000	3.000000	2.560000	-3.125000	2.343750	0.660000	0	0	0	
265141	756	0.000000	3.000000	2.560000	1.490000	0.340000	45.000000	37.000000	6	0.781250	3.906250	0.670000	0.000000	2.970000	2.530000	-3.125000	2.343750	0.660000	0	0	0	
265406	765	0.000000	3.550000	2.900000	1.460000	0.440000	45.000000	37.000000	6	0.781250	3.906250	0.670000	0.000000	3.860000	3.110000	-3.125000	2.343750	0.660000	0	0	0	
265688	918	0.000000	5.430000	4.100000	1.480000	0.500000	45.000000	37.000000	6	0.781250	3.906250	0.685000	0.000000	5.520000	4.310000	-3.125000	4.687500	0.655000	0	0	0	
265953	916	0.000000	5.690000	4.420000	1.470000	0.590000	45.000000	37.000000	6	0.781250	3.906250	0.685000	0.000000	5.710000	4.300000	-3.125000	4.687500	0.655000	0	0	0	
266203	829	0.000000	7.280000	5.820000	1.450000	0.680000	45.000000	37.000000	6	0.781250	3.906250	0.685000	0.000000	6.950000	5.580000	-3.125000	4.687500	0.655000	0	0	0	
266453	917	0.000000	6.840000	5.460000	1.480000	0.670000	45.000000	37.000000	6	0.781250	3.906250	0.685000	0.000000	6.480000	5.240000	-3.125000	4.687500	0.655000	0	0	0	
266719	1048	0.000000	6.210000	5.020000	1.480000	0.670000	45.000000	37.000000	6	0.781250	0.000000	0.705000	0.000000	6.200000	5.020000	-3.125000	-0.781250	0.660000	0	0	0	
266984	1061	0.000000	6.300000	5.060000	1.460000	0.690000	45.000000	37.000000	6	0.781250	0.000000	0.705000	0.000000	6.070000	4.880000	-3.125000	-0.781250	0.660000	0	0	0	
267234	1152	0.000000	6.360000	5.160000	1.460000	0.680000	45.000000	37.000000	6	0.781250	0.000000	0.705000	0.000000	5.890000	4.870000	-3.125000	-0.781250	0.660000	0	0	0	
267484	1264	0.000000	5.800000	4.840000	1.460000	0.660000	45.000000	37.000000	6	0.781250	0.000000	0.705000	0.000000	5.950000	4.910000	-3.125000	-0.781250	0.660000	0	0	0	
267766	1368	0.000000	5.560000	4.830000	1.490000	0.660000	45.000000	37.000000	6	0.781250	0.000000	0.770000	0.000000	5.560000	4.680000	-3.125000	0.000000	0.310000	0	0	0	
268188	1550	0.000000	5.750000	4.610000	1.470000	0.620000	45.000000	37.000000	6	0.781250	0.000000	0.770000	0.000000	5.450000	4.300000	-3.125000	0.000000	0.310000	0	0	0	
268453	1692	0.000000	5.800000	4.390000	1.480000	0.620000	45.000000	37.000000	6	0.781250	0.000000	0.770000	0.000000	5.570000	4.190000	-3.125000	0.000000	0.310000	0	0	0	
268703	1800	0.000000	6.230000	4.710000	1.440000	0.650000	45.000000	37.000000	6	0.781250	3.125000	0.080000	0.000000	5.690000	4.220000	-3.125000	-1.562500	0.080000	0	0	0	
268969	2029	0.000000	5.880000	4.390000	1.440000	0.670000	45.000000	37.000000	6	0.781250	3.125000	0.080000	0.000000	5.710000	4.240000	-3.125000	-1.562500	0.080000	0	0	0	
269266	2208	0.000000	6.220000	4.850000	1.420000	0.660000	45.000000	37.000000	6	0.781250	3.125000	0.080000	0.000000	6.160000	4.780000	-3.125000	-1.562500	0.080000	0	0	0	
269516	2348	0.000000	6.130000	4.670000	1.470000	0.600000	45.000000	37.000000	6	0.781250	3.125000	0.080000	0.000000	5.940000	4.420000	-3.125000	-1.562500	0.080000	0	0	0	
269781	2516	0.000000	6.280000	4.400000	1.430000	0.590000	45.000000	37.000000	6	0.781250	3.125000	0.080000	0.000000	6.180000	4.260000	-3.125000	-1.562500	0.080000	0	0	0	
270016	2655	0.000000	5.410000	3.530000	1.490000	0.540000	45.000000	37.000000	6	0.781250	2.343750	0.180000	0.000000	5.270000	3.780000	-3.125000	0.000000	0.065000	0	0	0	
270266	2498	0.000000	2.810000	2.310000	1.560000	0.310000	45.000000	37.000000	6	0.781250	2.343750	0.180000	0.000000	2.730000	2.210000	-3.125000	0.000000	0.065000	0	0	0	
270500	2225	0.000000	0.000000	0.000000	1.620000	0.260000	45.000000	37.000000	6	0.781250	2.343750	0.180000	0.000000	0.000000	0.000000	-3.125000	0.000000	0.065000	0	0	0	
270750	1874	0.000000	2.810000	2.310000	1.640000	0.250000	45.000000	37.000000	6	0.781250	2.343750	0.180000	0.000000	2.730000	2.210000	-3.125000	0.000000	0.065000	0	0	0	
271063	1657	0.000000	3.830000	3.040000	1.490000	0.370000	45.000000	37.000000	6	0.781250	0.000000	0.035000	0.000000	3.730000	2.990000	-3.125000	0.000000	0.000000	0	0	0	
271297	1654	0.000000	4.730000	3.610000	1.480000	0.440000	45.000000	37.000000	6	0.781250	0.000000	0.035000	0.000000	4.730000	3.540000	-3.125000	0.000000	0.000000	0	0	0	
271547	1727	0.000000	4.580000	3.490000	1.490000	0.450000	45.000000	37.000000	6	0.781250	0.000000	0.035000	0.000000	4.510000	3.410000	-3.125000	0.000000	0.000000	0	0	0	
271797	1768	0.000000	4.650000	3.540000	1.460000	0.490000	45.000000	37.000000	6	0.781250	0.000000	0.035000	0.000000	4.520000	3.430000	-3.125000	0.000000	0.000000	0	0	0	
272047	1815	0.000000	4.660000	3.560000	1.460000	0.500000	46.000000	37.000000	6	0.781250	0.000000	0.030000	0.000000	4.570000	3.450000	-3.125000	0.000000	0.000000	0	0	0	
272297	1855	0.000000	4.780000	3.690000	1.490000	0.510000	46.000000	37.000000	6	0.781250	0.000000	0.030000	0.000000	4.540000	3.450000	-3.125000	0.000000	0.000000	0	0	0	
272563	1909	0.000000	4.720000	3.740000	1.490000	0.500000	46.000000	37.000000	6	0.781250	0.000000	0.030000	0.000000	4.360000	3.310000	-3.125000	0.000000	0.000000	0	0	0	
272859	1957	0.000000	4.980000	3.980000	1.460000	0.540000	46.000000	37.000000	6	0.781250	0.000000	0.030000	0.000000	4.450000	3.300000	-3.125000	0.000000	0.000000	0	0	0	
273141	2017	0.000000	5.730000	4.370000	1.470000	0.580000	46.000000	37.000000	6	0.781250	6.250000	0.035000	0.000000	4.910000	3.690000	-3.125000	-0.781250	0.010000	0	0	0	
273578	2109	0.000000	5.540000	4.180000	1.490000	0.560000	46.000000	37.000000	6	0.781250	6.250000	0.035000	0.000000	4.860000	3.670000	-3.125000	-0.781250	0.010000	0	0	0	
273859	2168	0.000000	5.540000	4.140000	1.490000	0.550000	45.000000	37.000000	6	0.781250	6.250000	0.035000	0.000000	4.830000	3.630000	-3.125000	-0.781250	0.010000	0	0	0	
274125	2221	0.000000	4.960000	3.870000	1.470000	0.540000	45.000000	37.000000	6	0.781250	6.250000	0.035000	0.000000	4.890000	3.600000	-3.125000	-0.781250	0.010000	0	0	0	
274406	2271	0.000000	4.970000	3.720000	1.480000	0.530000	45.000000	37.000000	6	0.781250	3.125000	0.315000	0.000000	4.810000	3.420000	-3.125000	0.781250	0.020000	0	0	0	
274672	2317	0.000000	4.920000	3.660000	1.460000	0.530000	45.000000	37.000000	6	0.781250	3.125000	0.315000	0.000000	4.670000	3.310000	-3.125000	0.781250	0.020000	0	0	0	
274969	2371	0.000000	4.870000	3.570000	1.490000	0.520000	45.000000	37.000000	6	0.781250	3.125000	0.315000	0.000000	4.720000	3.360000	-3.125000	0.781250	0.020000	0	0	0	
275219	2369	0.000000	4.350000	3.170000	1.530000	0.440000	45.000000	37.000000	6	0.781250	3.125000	0.315000	0.000000	3.640000	2.720000	-3.125000	0.781250	0.020000	0	0	0	
275500	2392	0.000000	2.430000	1.790000	1.560000	0.260000	45.000000	37.000000	6	0.781250	0.781250	0.740000	0.000000	2.490000	1.840000	-3.125000	-0.781250	0.035000	0	0	0	
275781	2051	0.000000	0.000000	0.000000	1.600000	0.250000	45.000000	37.000000	6	0.781250	0.781250	0.740000	0.000000	0.000000	0.000000	-3.125000	-0.781250	0.035000	0	0	0	
276000	1687	0.000000	2.210000	1.890000	1.590000	0.250000	45.000000	37.000000	6	0.781250	0.781250	0.740000	0.000000	2.210000	1.860000	-3.125000	-0.781250	0.035000	0	0	0	
276234	1663	0.000000	2.810000	2.190000	1.500000	0.290000	45.000000	37.000000	6	0.781250	0.781250	0.740000	0.000000	2.750000	2.150000	-3.125000	-0.781250	0.035000	0	0	0	
276500	1593	0.000000	3.160000	2.360000	1.480000	0.320000	45.000000	37.000000	6	0.781250	0.000000	0.060000	0.000000	3.030000	2.290000	-3.125000	0.000000	0.000000	0	0	0	
276766	1651	0.000000	3.100000	2.400000	1.530000	0.330000	45.000000	37.000000	6	0.781250	0.000000	0.060000	0.000000	3.080000	2.380000	-3.125000	0.000000	0.000000	0	0	0	
277016	1655	0.000000	3.260000	2.510000	1.510000	0.340000	45.000000	37.000000	6	0.781250	0.000000	0.060000	0.000000	3.180000	2.450000	-3.125000	0.000000	0.000000	0	0	0	
277297	1658	0.000000	3.130000	2.410000	1.500000	0.340000	45.000000	37.000000	6	0.781250	0.000000	0.060000	0.000000	3.050000	2.360000	-3.125000	0.000000	0.000000	0	0	0	
277563	1617	0.000000	2.890000	2.230000	1.520000	0.280000	45.000000	37.000000	6	0.781250	0.000000	0.040000	0.000000	2.810000	2.180000	-3.125000	0.000000	0.005000	0	0	0	
277813	1691	0.000000	2.300000	1.880000	1.530000	0.250000	45.000000	37.000000	6	0.781250	0.000000	0.040000	0.000000	2.290000	1.870000	-3.125000	0.000000	0.005000	0	0	0	
278078	1673	0.000000	2.230000	1.780000	1.520000	0.240000	45.000000	37.000000	6	0.781250	0.000000	0.040000	0.000000	2.250000	1.800000	-3.125000	0.000000	0.005000	0	0	0	
278328	1663	0.000000	2.230000	1.780000	1.510000	0.230000	45.000000	37.000000	6	0.781250	0.000000	0.040000	0.000000	2.280000	1.830000	-3.125000	0.000000	0.005000	0	0	0	
278578	1644	0.000000	2.230000	1.780000	1.550000	0.230000	45.000000	37.000000	6	0.781250	0.000000	0.115000	0.000000	2.280000	1.840000	-3.125000	0.000000	0.040000	0	0	0	
279016	1653	0.000000	2.230000	1.780000	1.560000	0.230000	45.000000	37.000000	6	0.781250	0.000000	0.115000	0.000000	2.280000	1.840000	-3.125000	0.000000	0.040000	0	0	0	
279281	1660	0.000000	2.230000	1.780000	1.560000	0.230000	45.000000	37.000000	6	0.781250	0.000000	0.115000	0.000000	2.280000	1.840000	-3.125000	0.000000	0.040000	0	0	0	
279531	1663	0.000000	2.230000	1.780000	1.470000	0.320000	45.000000	37.000000	6	0.781250	0.000000	0.115000	0.000000	2.280000	1.840000	-3.125000	0.000000	0.040000	0	0	0	
279781	1740	0.000000	3.640000	2.890000	1.490000	0.370000	45.000000	37.000000	6	0.781250	0.000000	0.050000	0.000000	3.580000	2.870000	-3.125000	0.000000	0.000000	0	0	0	
280047	1697	0.000000	3.720000	3.040000	1.510000	0.400000	45.000000	37.000000	6	0.781250	0.000000	0.050000	0.000000	3.650000	2.950000	-3.125000	0.000000	0.000000	0	0	0	
280281	1703	0.000000	4.080000	3.170000	1.500000	0.420000	45.000000	37.000000	6	0.781250	0.000000	0.050000	0.000000	3.870000	3.100000	-3.125000	0.000000	0.000000	0	0	0	
280531	1710	0.000000	4.090000	3.170000	1.500000	0.420000	45.000000	37.000000	6	0.781250	0.000000	0.050000	0.000000	3.900000	3.100000	-3.125000	0.000000	0.000000	0	0	0	
280781	1722	0.000000	4.040000	3.160000	1.510000	0.430000	44.000000	37.000000	6	0.781250	0.000000	0.030000	0.000000	3.870000	3.100000	-3.125000	0.000000	0.000000	0	0	0	
281031	1741	0.000000	4.160000	3.230000	1.500000	0.430000	44.000000	37.000000	6	0.781250	0.000000	0.030000	0.000000	4.060000	3.150000	-3.125000	0.000000	0.000000	0	0	0	
281281	1747	0.000000	4.250000	3.270000	1.480000	0.430000	45.000000	37.000000	6	0.781250	0.000000	0.030000	0.000000	4.090000	3.170000	-3.125000	0.000000	0.000000	0	0	0	
281547	1766	0.000000	4.240000	3.260000	1.480000	0.430000	45.000000	37.000000	6	0.781250	0.000000	0.030000	0.000000	4.080000	3.160000	-3.125000	0.000000	0.000000	0	0	0	
281828	1775	0.000000	4.200000	3.230000	1.470000	0.420000	45.000000	37.000000	6	0.781250	5.468750	0.035000	0.000000	4.000000	3.120000	-3.125000	4.687500	0.005000	0	0	0	
282078	1796	0.000000	4.140000	3.220000	1.510000	0.420000	45.000000	37.000000	6	0.781250	5.468750	0.035000	0.000000	3.670000	3.000000	-3.125000	4.687500	0.005000	0	0	0	
282328	1803	0.000000	4.090000	3.200000	1.520000	0.420000	45.000000	37.000000	6	0.781250	5.468750	0.035000	0.000000	3.510000	2.830000	-3.125000	4.687500	0.005000	0	0	0	
282594	1823	0.000000	3.440000	2.790000	1.530000	0.370000	45.000000	37.000000	6	0.781250	5.468750	0.035000	0.000000	3.110000	2.510000	-3.125000	4.687500	0.005000	0	0	0	
282844	1781	0.000000	3.010000	2.450000	1.530000	0.300000	45.000000	37.000000	6	0.781250	5.468750	0.035000	0.000000	2.650000	2.170000	-3.125000	4.687500	0.005000	0	0	0	
283094	1811	0.000000	2.310000	1.940000	1.530000	0.250000	44.000000	37.000000	6	0.781250	4.687500	0.050000	0.000000	2.160000	1.790000	-3.125000	2.343750	0.015000	0	0	0	
283328	1833	0.000000	2.220000	1.810000	1.520000	0.240000	45.000000	37.000000	6	0.781250	4.687500	0.050000	0.000000	2.170000	1.760000	-3.125000	2.343750	0.015000	0	0	0	
283609	1844	0.000000	2.260000	1.840000	1.510000	0.230000	44.000000	37.000000	6	0.781250	4.687500	0.050000	0.000000	2.210000	1.780000	-3.125000	2.343750	0.015000	0	0	0	
283859	1866	0.000000	2.250000	1.840000	1.540000	0.230000	45.000000	37.000000	6	0.781250	4.687500	0.050000	0.000000	2.190000	1.790000	-3.125000	2.343750	0.015000	0	0	0	
284250	1817	0.000000	2.250000	1.840000	1.570000	0.230000	45.000000	37.000000	6	0.781250	0.000000	0.755000	0.000000	2.190000	1.790000	-3.125000	0.000000	0.020000	0	0	0	
284500	1837	0.000000	2.250000	1.840000	1.570000	0.230000	45.000000	37.000000	6	0.781250	0.000000	0.755000	0.000000	2.190000	1.790000	-3.125000	0.000000	0.020000	0	0	0	
284766	1837	0.000000	2.250000	1.840000	1.560000	0.230000	44.000000	37.000000	6	0.781250	0.000000	0.755000	0.000000	2.190000	1.790000	-3.125000	0.000000	0.020000	0	0	0	
285016	1827	0.000000	0.000000	0.000000	1.570000	0.230000	45.000000	37.000000	6	0.781250	0.000000	0.035000	0.000000	0.000000	0.000000	-3.125000	0.000000	0.020000	0	0	0	
285266	1833	0.000000	0.000000	0.000000	1.570000	0.230000	44.000000	37.000000	6	0.781250	0.000000	0.035000	0.000000	0.000000	0.000000	-3.125000	0.000000	0.000000	0	0	0	
285516	1833	0.000000	0.000000	0.000000	1.570000	0.230000	44.000000	37.000000	6	0.781250	0.000000	0.035000	0.000000	0.000000	0.000000	-3.125000	0.000000	0.000000	0	0	0	
285734	1823	0.000000	0.000000	0.000000	1.570000	0.230000	44.000000	37.000000	6	0.781250	0.000000	0.035000	0.000000	0.000000	0.000000	-3.125000	0.000000	0.000000	0	0	0	
285984	1817	0.000000	0.000000	0.000000	1.570000	0.240000	44.000000	37.000000	6	0.781250	0.000000	0.035000	0.000000	0.000000	0.000000	-3.125000	0.000000	0.000000	0	0	0	
286234	1815	0.000000	0.000000	0.000000	1.570000	0.230000	44.000000	37.000000	6	0.781250	0.000000	0.005000	0.000000	0.000000	0.000000	-3.125000	0.000000	0.000000	0	0	0	
286500	1813	0.000000	0.000000	0.000000	1.570000	0.230000	44.000000	37.000000	6	0.781250	0.000000	0.005000	0.000000	0.000000	0.000000	-3.125000	0.000000	0.000000	0	0	0	
286750	1810	0.000000	0.000000	0.000000	1.570000	0.230000	44.000000	37.000000	6	0.781250	0.000000	0.005000	0.000000	0.000000	0.000000	-3.125000	0.000000	0.000000	0	0	0	
286969	1808	0.000000	0.000000	0.000000	1.570000	0.230000	44.000000	37.000000	6	0.781250	0.000000	0.005000	0.000000	0.000000	0.000000	-3.125000	0.000000	0.000000	0	0	0	
287219	1811	0.000000	0.000000	0.000000	1.570000	0.230000	44.000000	37.000000	6	0.781250	0.000000	0.005000	0.000000	0.000000	0.000000	-3.125000	0.000000	0.000000	0	0	0	
287438	1805	0.000000	0.000000	0.000000	1.570000	0.230000	44.000000	37.000000	6	0.781250	0.000000	0.000000	0.000000	0.000000	0.000000	-3.125000	0.000000	0.000000	0	0	0	
287656	1796	0.000000	0.000000	0.000000	1.570000	0.240000	44.000000	37.000000	6	0.781250	0.000000	0.000000	0.000000	0.000000	0.000000	-3.125000	0.000000	0.000000	0	0	0	
287875	1799	0.000000	0.000000	0.000000	1.570000	0.230000	44.000000	37.000000	6	0.781250	0.000000	0.000000	0.000000	0.000000	0.000000	-3.125000	0.000000	0.000000	0	0	0	
288094	1798	0.000000	0.000000	0.000000	1.570000	0.240000	44.000000	37.000000	6	0.781250	0.000000	0.000000	0.000000	0.000000	0.000000	-3.125000	0.000000	0.000000	0	0	0	
288313	1799	0.000000	0.000000	0.000000	1.570000	0.230000	44.000000	37.000000	6	0.781250	0.000000	0.000000	0.000000	0.000000	0.000000	-3.125000	0.000000	0.000000	0	0	0	
288563	1796	0.000000	0.000000	0.000000	1.570000	0.230000	44.000000	37.000000	6	0.781250	0.000000	0.000000	0.000000	0.000000	0.000000	-3.125000	0.000000	0.000000	0	0	0	
288844	1792	0.000000	0.000000	0.000000	1.570000	0.230000	44.000000	37.000000	6	0.781250	0.000000	0.000000	0.000000	0.000000	0.000000	-3.125000	0.000000	0.000000	0	0	0	
289203	1781	0.000000	0.000000	0.000000	1.570000	0.230000	43.000000	37.000000	6	0.781250	0.000000	0.000000	0.000000	0.000000	0.000000	-3.125000	0.000000	0.000000	0	0	0	
289438	1784	0.000000	0.000000	0.000000	1.570000	0.240000	43.000000	37.000000	6	0.781250	0.000000	0.000000	0.000000	0.000000	0.000000	-3.125000	0.000000	0.000000	0	0	0	
289656	1778	0.000000	0.000000	0.000000	1.570000	0.230000	44.000000	37.000000	6	0.781250	0.000000	0.000000	0.000000	0.000000	0.000000	-3.125000	0.000000	0.000000	0	0	0	
289875	1771	0.000000	0.000000	0.000000	1.570000	0.230000	43.000000	37.000000	6	0.781250	0.000000	0.000000	0.000000	0.000000	0.000000	-3.125000	0.000000	0.000000	0	0	0	
290125	1767	0.000000	0.000000	0.000000	1.570000	0.230000	43.000000	37.000000	6	0.781250	0.000000	0.000000	0.000000	0.000000	0.000000	-3.125000	0.000000	0.000000	0	0	0	
290328	1764	0.000000	0.000000	0.000000	1.570000	0.230000	44.000000	37.000000	6	0.781250	0.000000	0.000000	0.000000	0.000000	0.000000	-3.125000	0.000000	0.000000	0	0	0	
290594	1766	0.000000	0.000000	0.000000	1.570000	0.230000	43.000000	37.000000	6	0.781250	0.000000	0.000000	0.000000	0.000000	0.000000	-3.125000	0.000000	0.000000	0	0	0	
290828	1761	0.000000	0.000000	0.000000	1.580000	0.220000	43.000000	37.000000	6	0.781250	0.000000	0.000000	0.000000	0.000000	0.000000	-3.125000	0.000000	0.000000	0	0	0	
291063	1757	0.000000	0.000000	0.000000	1.570000	0.230000	43.000000	37.000000	6	0.781250	0.000000	0.000000	0.000000	0.000000	0.000000	-3.125000	0.000000	0.000000	0	0	0	
291313	1753	0.000000	0.000000	0.000000	1.580000	0.230000	43.000000	37.000000	6	0.781250	0.000000	0.000000	0.000000	0.000000	0.000000	-3.125000	0.000000	0.000000	0	0	0	
291547	1748	0.000000	0.000000	0.000000	1.570000	0.230000	43.000000	37.000000	6	0.781250	0.000000	0.000000	0.000000	0.000000	0.000000	-3.125000	0.000000	0.000000	0	0	0	
291750	1739	0.000000	0.000000	0.000000	1.570000	0.230000	43.000000	37.000000	6	0.781250	0.000000	0.000000	0.000000	0.000000	0.000000	-3.125000	0.000000	0.000000	0	0	0	
291984	1738	0.000000	0.000000	0.000000	1.570000	0.230000	44.000000	37.000000	6	0.781250	0.000000	0.000000	0.000000	0.000000	0.000000	-3.125000	0.000000	0.000000	0	0	0	
292219	1731	0.000000	0.000000	0.000000	1.570000	0.230000	44.000000	37.000000	6	0.781250	0.000000	0.000000	0.000000	0.000000	0.000000	-3.125000	0.000000	0.000000	0	0	0	
292438	1722	0.000000	0.000000	0.000000	1.570000	0.230000	43.000000	37.000000	6	0.781250	0.000000	0.000000	0.000000	0.000000	0.000000	-3.125000	0.000000	0.000000	0	0	0	
292703	1724	0.000000	0.000000	0.000000	1.570000	0.230000	43.000000	37.000000	6	0.781250	0.000000	0.000000	0.000000	0.000000	0.000000	-3.125000	0.000000	0.000000	0	0	0	
292938	1719	0.000000	0.000000	0.000000	1.570000	0.230000	44.000000	37.000000	6	0.781250	0.000000	0.000000	0.000000	0.000000	0.000000	-3.125000	0.000000	0.000000	0	0	0	
293203	1715	0.000000	0.000000	0.000000	1.570000	0.230000	44.000000	37.000000	6	0.781250	0.000000	0.000000	0.000000	0.000000	0.000000	-3.125000	0.000000	0.000000	0	0	0	
293469	1715	0.000000	0.000000	0.000000	1.570000	0.230000	43.000000	37.000000	6	0.781250	0.000000	0.000000	0.000000	0.000000	0.000000	-3.125000	0.000000	0.000000	0	0	0	
293703	1718	0.000000	0.000000	0.000000	1.570000	0.230000	43.000000	37.000000	6	0.781250	0.000000	0.000000	0.000000	0.000000	0.000000	-3.125000	0.000000	0.000000	0	0	0	
294078	1711	0.000000	0.000000	0.000000	1.580000	0.230000	43.000000	37.000000	6	0.781250	0.000000	0.000000	0.000000	0.000000	0.000000	-3.125000	0.000000	0.000000	0	0	0	
294313	1707	0.000000	0.000000	0.000000	1.570000	0.230000	43.000000	37.000000	6	0.781250	0.000000	0.000000	0.000000	0.000000	0.000000	-3.125000	0.000000	0.000000	0	0	0	
294547	1702	0.000000	0.000000	0.000000	1.570000	0.230000	43.000000	37.000000	6	0.781250	0.000000	0.000000	0.000000	0.000000	0.000000	-3.125000	0.000000	0.000000	0	0	0	
294781	1482	0.000000	0.000000	0.000000	1.570000	0.230000	43.000000	37.000000	6	0.781250	0.000000	0.000000	0.000000	0.000000	0.000000	-3.125000	0.000000	0.000000	0	0	0	
295031	1114	0.000000	3.060000	2.420000	1.480000	0.320000	43.000000	37.000000	6	0.781250	0.000000	0.000000	0.000000	2.480000	1.910000	-3.125000	0.000000	0.000000	0	0	0	
295281	993	0.000000	3.810000	2.820000	1.500000	0.340000	43.000000	37.000000	6	0.781250	0.000000	0.000000	0.000000	3.780000	2.790000	-3.125000	0.000000	0.000000	0	0	0	
295563	1273	0.000000	2.970000	2.250000	1.510000	0.290000	43.000000	37.000000	6	0.781250	0.000000	0.000000	0.000000	3.220000	2.390000	-3.125000	0.000000	0.000000	0	0	0	
295828	1266	0.000000	2.710000	2.060000	1.500000	0.270000	43.000000	37.000000	6	0.781250	0.000000	0.000000	0.000000	2.700000	2.050000	-3.125000	0.000000	0.000000	0	0	0	
296078	1260	0.000000	2.530000	1.950000	1.500000	0.260000	43.000000	37.000000	6	0.781250	0.000000	0.000000	0.000000	2.550000	1.950000	-3.125000	0.000000	0.005000	0	0	0	
296313	1269	0.000000	2.500000	1.910000	1.490000	0.250000	43.000000	37.000000	6	0.781250	0.000000	0.000000	0.000000	2.500000	1.910000	-3.125000	0.000000	0.005000	0	0	0	
296578	1277	0.000000	2.420000	1.830000	1.510000	0.240000	43.000000	37.000000	6	0.781250	0.000000	0.000000	0.000000	2.420000	1.840000	-3.125000	0.000000	0.005000	0	0	0	
296844	1277	0.000000	2.340000	1.750000	1.500000	0.230000	43.000000	37.000000	6	0.781250	0.000000	0.000000	0.000000	2.360000	1.780000	-3.125000	0.000000	0.005000	0	0	0	
297094	1282	0.000000	2.340000	1.750000	1.510000	0.230000	43.000000	37.000000	6	0.781250	0.000000	0.040000	0.000000	2.360000	1.770000	-3.125000	0.000000	0.030000	0	0	0	
297344	1280	0.000000	2.330000	1.730000	1.500000	0.230000	43.000000	37.000000	6	0.781250	0.000000	0.040000	0.000000	2.340000	1.750000	-3.125000	0.000000	0.030000	0	0	0	
297609	1281	0.000000	2.320000	1.720000	1.510000	0.220000	43.000000	37.000000	6	0.781250	0.000000	0.040000	0.000000	2.370000	1.770000	-3.125000	0.000000	0.030000	0	0	0	
297875	1289	0.000000	2.250000	1.650000	1.500000	0.210000	43.000000	37.000000	6	0.781250	0.000000	0.040000	0.000000	2.280000	1.680000	-3.125000	0.000000	0.030000	0	0	0	
298109	1288	0.000000	2.190000	1.600000	1.500000	0.220000	43.000000	37.000000	6	0.781250	-0.781250	0.840000	0.000000	2.270000	1.670000	-3.125000	0.000000	0.055000	0	0	0	
298453	1292	0.000000	2.150000	1.550000	1.510000	0.210000	43.000000	37.000000	6	0.781250	-0.781250	0.840000	0.000000	2.340000	1.740000	-3.125000	3.125000	0.055000	0	0	0	
298969	1297	0.000000	2.150000	1.550000	1.500000	0.220000	43.000000	37.000000	6	0.781250	-0.781250	0.840000	0.000000	2.410000	1.820000	-3.125000	3.125000	0.055000	0	0	0	
299250	1296	0.000000	2.170000	1.570000	1.500000	0.220000	43.000000	37.000000	6	0.781250	-1.562500	0.810000	0.000000	2.460000	1.870000	-3.125000	11.718750	0.805000	0	0	0	
299656	1304	0.000000	2.110000	1.510000	1.500000	0.220000	43.000000	37.000000	6	0.781250	-1.562500	0.810000	0.000000	2.330000	1.730000	-3.125000	11.718750	0.805000	0	0	0	
299922	1307	0.000000	2.090000	1.490000	1.510000	0.210000	43.000000	37.000000	6	0.781250	-1.562500	0.810000	0.000000	2.260000	1.660000	-3.125000	11.718750	0.805000	0	0	0	
300172	1303	0.000000	2.060000	1.470000	1.510000	0.220000	43.000000	37.000000	6	0.781250	-1.562500	0.810000	0.000000	2.210000	1.620000	-3.125000	11.718750	0.805000	0	0	0	
300422	1313	0.000000	2.050000	1.450000	1.510000	0.210000	43.000000	37.000000	6	0.781250	-7.031250	0.775000	0.000000	2.180000	1.590000	-3.125000	4.687500	0.785000	0	0	0	
300703	1308	0.000000	2.050000	1.460000	1.510000	0.220000	43.000000	37.000000	6	0.781250	-7.031250	0.775000	0.000000	2.180000	1.590000	-3.125000	4.687500	0.785000	0	0	0	
300969	1311	0.000000	2.000000	1.400000	1.510000	0.220000	43.000000	37.000000	6	0.781250	-7.031250	0.775000	0.000000	2.150000	1.560000	-3.125000	4.687500	0.785000	0	0	0	
301234	1315	0.000000	1.980000	1.380000	1.500000	0.220000	43.000000	37.000000	6	0.781250	-7.031250	0.775000	0.000000	2.140000	1.550000	-3.125000	4.687500	0.785000	0	0	0	
301500	1319	0.000000	2.170000	1.560000	1.520000	0.220000	43.000000	37.000000	6	0.781250	0.000000	0.785000	0.000000	2.190000	1.590000	-3.125000	0.000000	0.770000	0	0	0	
301750	1324	0.000000	2.230000	1.630000	1.520000	0.220000	43.000000	37.000000	6	0.781250	0.000000	0.785000	0.000000	2.240000	1.630000	-3.125000	0.000000	0.770000	0	0	0	
302016	1325	0.000000	2.220000	1.620000	1.510000	0.230000	43.000000	37.000000	6	0.781250	0.000000	0.785000	0.000000	2.240000	1.630000	-3.125000	0.000000	0.770000	0	0	0	
302266	1326	0.000000	2.280000	1.680000	1.510000	0.230000	43.000000	37.000000	6	0.781250	0.000000	0.785000	0.000000	2.290000	1.690000	-3.125000	0.000000	0.770000	0	0	0	
302531	1330	0.000000	2.250000	1.640000	1.520000	0.230000	43.000000	37.000000	6	0.781250	0.000000	0.755000	0.000000	2.270000	1.660000	-3.125000	0.000000	0.720000	0	0	0	
302797	1333	0.000000	2.270000	1.670000	1.510000	0.230000	42.000000	37.000000	6	0.781250	0.000000	0.755000	0.000000	2.300000	1.690000	-3.125000	0.000000	0.720000	0	0	0	
303063	1336	0.000000	2.220000	1.630000	1.510000	0.230000	42.000000	37.000000	6	0.781250	0.000000	0.755000	0.000000	2.260000	1.660000	-3.125000	0.000000	0.720000	0	0	0	
303313	1342	0.000000	2.200000	1.610000	1.520000	0.220000	42.000000	37.000000	6	0.781250	0.000000	0.755000	0.000000	2.210000	1.620000	-3.125000	0.000000	0.720000	0	0	0	
303547	1336	0.000000	2.190000	1.580000	1.520000	0.220000	43.000000	37.000000	6	0.781250	0.000000	0.725000	0.000000	2.200000	1.600000	-3.125000	0.000000	0.040000	0	0	0	
303813	1341	0.000000	2.200000	1.590000	1.510000	0.220000	42.000000	37.000000	6	0.781250	0.000000	0.725000	0.000000	2.220000	1.620000	-3.125000	0.000000	0.040000	0	0	0	
304078	1336	0.000000	2.180000	1.580000	1.520000	0.220000	43.000000	37.000000	6	0.781250	0.000000	0.725000	0.000000	2.200000	1.600000	-3.125000	0.000000	0.040000	0	0	0	
304359	1335	0.000000	2.180000	1.570000	1.510000	0.220000	43.000000	37.000000	6	0.781250	0.000000	0.725000	0.000000	2.200000	1.590000	-3.125000	0.000000	0.040000	0	0	0	
304594	1327	0.000000	2.170000	1.570000	1.530000	0.210000	43.000000	37.000000	6	0.781250	0.000000	0.725000	0.000000	2.200000	1.590000	-3.125000	0.000000	0.040000	0	0	0	
305000	1335	0.000000	2.180000	1.570000	1.520000	0.220000	43.000000	37.000000	6	0.781250	0.000000	0.670000	0.000000	2.190000	1.590000	-3.125000	0.000000	0.050000	0	0	0	
305297	1342	0.000000	2.170000	1.570000	1.510000	0.220000	43.000000	37.000000	6	0.781250	0.000000	0.670000	0.000000	2.150000	1.550000	-3.125000	0.000000	0.050000	0	0	0	
305563	1345	0.000000	2.180000	1.570000	1.510000	0.220000	43.000000	37.000000	6	0.781250	0.000000	0.670000	0.000000	2.150000	1.530000	-3.125000	0.000000	0.050000	0	0	0	
305859	1342	0.000000	2.180000	1.580000	1.510000	0.220000	43.000000	37.000000	6	0.781250	3.125000	0.655000	0.000000	2.120000	1.510000	-3.125000	-5.468750	0.770000	0	0	0	
306125	1346	0.000000	2.190000	1.590000	1.500000	0.220000	42.000000	37.000000	6	0.781250	3.125000	0.655000	0.000000	2.110000	1.510000	-3.125000	-5.468750	0.770000	0	0	0	
306391	1352	0.000000	2.180000	1.580000	1.520000	0.220000	43.000000	37.000000	6	0.781250	3.125000	0.655000	0.000000	2.090000	1.480000	-3.125000	-5.468750	0.770000	0	0	0	
306641	1349	0.000000	2.180000	1.570000	1.510000	0.220000	43.000000	37.000000	6	0.781250	3.125000	0.655000	0.000000	2.100000	1.500000	-3.125000	-5.468750	0.770000	0	0	0	
306906	1348	0.000000	2.170000	1.560000	1.510000	0.220000	42.000000	37.000000	6	0.781250	0.000000	0.720000	0.000000	2.080000	1.480000	-3.125000	-8.593750	0.730000	0	0	0	
307156	1356	0.000000	2.160000	1.560000	1.520000	0.220000	42.000000	37.000000	6	0.781250	0.000000	0.720000	0.000000	2.100000	1.490000	-3.125000	-8.593750	0.730000	0	0	0	
307438	1358	0.000000	2.150000	1.550000	1.520000	0.210000	43.000000	37.000000	6	0.781250	0.000000	0.720000	0.000000	2.120000	1.520000	-3.125000	-8.593750	0.730000	0	0	0	
307734	1362	0.000000	2.170000	1.550000	1.510000	0.220000	42.000000	37.000000	6	0.781250	0.000000	0.720000	0.000000	2.110000	1.490000	-3.125000	-8.593750	0.730000	0	0	0	
308000	1371	0.000000	2.150000	1.530000	1.520000	0.220000	43.000000	37.000000	6	0.781250	-3.906250	0.760000	0.000000	2.090000	1.480000	-3.125000	-8.593750	0.575000	0	0	0	
308266	1373	0.000000	2.100000	1.500000	1.530000	0.220000	43.000000	37.000000	6	0.781250	-3.906250	0.760000	0.000000	2.100000	1.490000	-3.125000	-8.593750	0.575000	0	0	0	
308531	1360	0.000000	2.110000	1.510000	1.520000	0.220000	42.000000	37.000000	6	0.781250	-3.906250	0.760000	0.000000	2.060000	1.470000	-3.125000	-8.593750	0.575000	0	0	0	
308781	1366	0.000000	2.090000	1.490000	1.520000	0.220000	42.000000	37.000000	6	0.781250	-3.906250	0.760000	0.000000	2.070000	1.460000	-3.125000	-8.593750	0.575000	0	0	0	
309016	1379	0.000000	2.020000	1.410000	1.530000	0.220000	43.000000	37.000000	6	0.781250	-3.906250	0.760000	0.000000	2.090000	1.490000	-3.125000	-8.593750	0.575000	0	0	0	
309297	1376	0.000000	2.040000	1.430000	1.530000	0.220000	42.000000	37.000000	6	0.781250	-11.718750	0.775000	0.000000	2.100000	1.480000	-3.125000	-7.812500	0.395000	0	0	0	
309563	1371	0.000000	2.040000	1.440000	1.530000	0.220000	43.000000	37.000000	6	0.781250	-11.718750	0.775000	0.000000	2.100000	1.500000	-3.125000	-7.812500	0.395000	0	0	0	
309797	1380	0.000000	2.070000	1.470000	1.520000	0.220000	43.000000	37.000000	6	0.781250	-11.718750	0.775000	0.000000	2.160000	1.550000	-3.125000	-7.812500	0.395000	0	0	0	
310094	1377	0.000000	2.030000	1.430000	1.520000	0.220000	42.000000	37.000000	6	0.781250	-11.718750	0.775000	0.000000	2.100000	1.490000	-3.125000	-7.812500	0.395000	0	0	0	
310516	1369	0.000000	1.950000	1.350000	1.510000	0.220000	42.000000	37.000000	6	0.781250	-11.718750	0.745000	0.000000	2.050000	1.450000	-3.125000	-7.812500	0.035000	0	0	0	
310766	1371	0.000000	2.010000	1.410000	1.530000	0.220000	42.000000	37.000000	6	0.781250	-11.718750	0.745000	0.000000	2.090000	1.490000	-3.125000	-7.812500	0.035000	0	0	0	
311047	1369	0.000000	2.100000	1.500000	1.530000	0.220000	43.000000	37.000000	6	0.781250	-11.718750	0.745000	0.000000	2.060000	1.450000	-3.125000	-7.812500	0.035000	0	0	0	
311297	1368	0.000000	2.090000	1.470000	1.510000	0.230000	43.000000	37.000000	6	0.781250	-1.562500	0.715000	0.000000	2.120000	1.520000	-3.125000	-2.343750	0.040000	0	0	0	
311531	1289	0.000000	2.090000	1.480000	1.510000	0.230000	43.000000	37.000000	6	0.781250	-1.562500	0.715000	0.000000	2.130000	1.520000	-3.125000	-2.343750	0.040000	0	0	0	
311828	1264	0.000000	2.020000	1.450000	1.510000	0.220000	43.000000	37.000000	6	0.781250	-1.562500	0.715000	0.000000	2.060000	1.480000	-3.125000	-2.343750	0.040000	0	0	0	
312063	1249	0.000000	2.020000	1.440000	1.520000	0.220000	42.000000	38.000000	6	0.781250	-1.562500	0.715000	0.000000	2.080000	1.500000	-3.125000	-2.343750	0.040000	0	0	0	
312344	1254	0.000000	2.010000	1.430000	1.520000	0.220000	43.000000	37.000000	6	0.781250	-2.343750	0.130000	0.000000	2.100000	1.520000	-3.125000	3.906250	0.020000	0	0	0	
312594	1250	0.000000	2.030000	1.460000	1.520000	0.220000	42.000000	37.000000	6	0.781250	-2.343750	0.130000	0.000000	2.090000	1.520000	-3.125000	3.906250	0.020000	0	0	0	
312813	1254	0.000000	2.120000	1.540000	1.530000	0.210000	43.000000	37.000000	6	0.781250	-2.343750	0.130000	0.000000	2.150000	1.580000	-3.125000	3.906250	0.020000	0	0	0	
313078	1252	0.000000	2.090000	1.520000	1.520000	0.220000	43.000000	37.000000	6	0.781250	-2.343750	0.130000	0.000000	2.160000	1.580000	-3.125000	3.906250	0.020000	0	0	0	
313328	1250	0.000000	2.150000	1.570000	1.510000	0.220000	42.000000	37.000000	6	0.781250	-2.343750	0.130000	0.000000	2.190000	1.610000	-3.125000	3.906250	0.020000	0	0	0	
313578	1255	0.000000	2.130000	1.550000	1.510000	0.210000	42.000000	38.000000	6	0.781250	5.468750	0.065000	0.000000	2.180000	1.590000	-3.125000	9.375000	0.020000	0	0	0	
313859	1250	0.000000	2.120000	1.540000	1.500000	0.210000	42.000000	38.000000	6	0.781250	5.468750	0.065000	0.000000	2.190000	1.610000	-3.125000	9.375000	0.020000	0	0	0	
314109	1249	0.000000	2.130000	1.550000	1.510000	0.210000	43.000000	38.000000	6	0.781250	5.468750	0.065000	0.000000	2.200000	1.620000	-3.125000	9.375000	0.020000	0	0	0	
314375	1247	0.000000	2.130000	1.540000	1.500000	0.210000	42.000000	38.000000	6	0.781250	5.468750	0.065000	0.000000	2.150000	1.580000	-3.125000	9.375000	0.020000	0	0	0	
314609	1248	0.000000	2.110000	1.520000	1.500000	0.210000	42.000000	38.000000	6	0.781250	4.687500	0.195000	0.000000	2.170000	1.590000	-3.125000	7.812500	0.640000	0	0	0	
314875	1247	0.000000	2.090000	1.510000	1.500000	0.210000	43.000000	38.000000	6	0.781250	4.687500	0.195000	0.000000	2.160000	1.570000	-3.125000	7.812500	0.640000	0	0	0	
315125	1246	0.000000	2.070000	1.500000	1.520000	0.210000	42.000000	38.000000	6	0.781250	4.687500	0.195000	0.000000	2.090000	1.520000	-3.125000	7.812500	0.640000	0	0	0	
315359	1247	0.000000	2.040000	1.450000	1.530000	0.210000	42.000000	38.000000	6	0.781250	4.687500	0.195000	0.000000	2.090000	1.510000	-3.125000	7.812500	0.640000	0	0	0	
315766	1242	0.000000	2.030000	1.460000	1.530000	0.210000	42.000000	38.000000	6	0.781250	0.000000	0.790000	0.000000	2.040000	1.480000	-3.125000	0.781250	0.765000	0	0	0	
316031	1239	0.000000	2.020000	1.450000	1.520000	0.210000	42.000000	38.000000	6	0.781250	0.000000	0.790000	0.000000	2.050000	1.480000	-3.125000	0.781250	0.765000	0	0	0	
316281	1236	0.000000	1.920000	1.360000	1.530000	0.210000	42.000000	38.000000	6	0.781250	0.000000	0.790000	0.000000	2.010000	1.460000	-3.125000	0.781250	0.765000	0	0	0	
316516	1238	0.000000	1.880000	1.330000	1.540000	0.210000	43.000000	38.000000	6	0.781250	0.000000	0.790000	0.000000	1.980000	1.430000	-3.125000	0.781250	0.765000	0	0	0	
316766	1237	0.000000	1.910000	1.360000	1.540000	0.210000	43.000000	38.000000	6	0.781250	-6.250000	0.780000	0.000000	1.990000	1.440000	-3.125000	-1.562500	0.680000	0	0	0	
317016	1228	0.000000	1.940000	1.380000	1.540000	0.210000	43.000000	38.000000	6	0.781250	-6.250000	0.780000	0.000000	2.050000	1.490000	-3.125000	-1.562500	0.680000	0	0	0	
317281	1228	0.000000	2.030000	1.460000	1.510000	0.210000	42.000000	38.000000	6	0.781250	-6.250000	0.780000	0.000000	2.140000	1.580000	-3.125000	-1.562500	0.680000	0	0	0	
317531	1230	0.000000	2.100000	1.530000	1.510000	0.210000	43.000000	38.000000	6	0.781250	-6.250000	0.780000	0.000000	2.140000	1.570000	-3.125000	-1.562500	0.680000	0	0	0	
317797	1228	0.000000	2.080000	1.500000	1.510000	0.210000	42.000000	38.000000	6	0.781250	-6.250000	0.045000	0.000000	2.150000	1.580000	-3.125000	-1.562500	0.010000	0	0	0	
318063	1230	0.000000	2.060000	1.490000	1.500000	0.210000	42.000000	38.000000	6	0.781250	9.375000	0.045000	0.000000	2.140000	1.560000	-3.125000	13.281250	0.010000	0	0	0	
318297	1231	0.000000	2.070000	1.490000	1.500000	0.210000	43.000000	38.000000	6	0.781250	9.375000	0.045000	0.000000	2.100000	1.530000	-3.125000	13.281250	0.010000	0	0	0	
318578	1232	0.000000	2.040000	1.460000	1.500000	0.210000	42.000000	38.000000	6	0.781250	9.375000	0.045000	0.000000	2.090000	1.530000	-3.125000	13.281250	0.010000	0	0	0	
318859	1231	0.000000	2.000000	1.430000	1.510000	0.210000	42.000000	38.000000	6	0.781250	9.375000	0.710000	0.000000	2.070000	1.500000	-3.125000	13.281250	0.775000	0	0	0	
319109	1231	0.000000	2.000000	1.430000	1.520000	0.210000	42.000000	38.000000	6	0.781250	4.687500	0.710000	0.000000	2.040000	1.470000	-3.125000	7.031250	0.775000	0	0	0	
319375	1232	0.000000	1.980000	1.410000	1.520000	0.210000	42.000000	38.000000	6	0.781250	4.687500	0.710000	0.000000	2.060000	1.490000	-3.125000	7.031250	0.775000	0	0	0	
319641	1230	0.000000	1.980000	1.410000	1.520000	0.210000	43.000000	38.000000	6	0.781250	4.687500	0.710000	0.000000	2.060000	1.500000	-3.125000	7.031250	0.775000	0	0	0	
319906	1233	0.000000	2.030000	1.460000	1.510000	0.210000	42.000000	38.000000	6	0.781250	4.687500	0.685000	0.000000	2.060000	1.490000	-3.125000	7.031250	0.115000	0	0	0	
320188	1233	0.000000	2.040000	1.460000	1.510000	0.210000	42.000000	38.000000	6	0.781250	6.250000	0.685000	0.000000	2.110000	1.540000	-3.125000	8.593750	0.115000	0	0	0	
320469	1238	0.000000	2.020000	1.450000	1.510000	0.210000	42.000000	38.000000	6	0.781250	6.250000	0.685000	0.000000	2.120000	1.550000	-3.125000	8.593750	0.115000	0	0	0	
320734	1235	0.000000	2.040000	1.460000	1.510000	0.210000	42.000000	38.000000	6	0.781250	6.250000	0.685000	0.000000	2.110000	1.530000	-3.125000	8.593750	0.115000	0	0	0	
321141	1236	0.000000	2.000000	1.420000	1.500000	0.210000	43.000000	38.000000	6	0.781250	4.687500	0.380000	0.000000	2.110000	1.540000	-3.125000	10.937500	0.030000	0	0	0	
321422	1235	0.000000	1.990000	1.440000	1.540000	0.210000	43.000000	38.000000	6	0.781250	4.687500	0.380000	0.000000	2.090000	1.530000	-3.125000	10.937500	0.030000	0	0	0	
321672	1236	0.000000	2.000000	1.440000	1.530000	0.210000	42.000000	37.000000	6	0.781250	4.687500	0.380000	0.000000	2.070000	1.520000	-3.125000	10.937500	0.030000	0	0	0	
321969	1236	0.000000	1.990000	1.420000	1.520000	0.210000	43.000000	38.000000	6	0.781250	4.687500	0.380000	0.000000	2.100000	1.530000	-3.125000	10.937500	0.030000	0	0	0	
322234	1229	0.000000	2.050000	1.480000	1.520000	0.210000	42.000000	38.000000	6	0.781250	6.250000	0.575000	0.000000	2.070000	1.510000	-3.125000	8.593750	0.705000	0	0	0	
322484	1229	0.000000	2.110000	1.540000	1.510000	0.210000	42.000000	38.000000	6	0.781250	6.250000	0.575000	0.000000	2.080000	1.510000	-3.125000	8.593750	0.705000	0	0	0	
322734	1229	0.000000	2.070000	1.510000	1.510000	0.210000	42.000000	38.000000	6	0.781250	6.250000	0.575000	0.000000	2.110000	1.540000	-3.125000	8.593750	0.705000	0	0	0	
322984	1227	0.000000	2.090000	1.520000	1.500000	0.210000	42.000000	38.000000	6	0.781250	6.250000	0.575000	0.000000	2.080000	1.510000	-3.125000	8.593750	0.705000	0	0	0	
323250	1225	0.000000	2.090000	1.520000	1.490000	0.220000	42.000000	38.000000	6	0.781250	7.812500	0.660000	0.000000	2.100000	1.520000	-3.125000	6.250000	0.740000	0	0	0	
323516	1217	0.000000	2.060000	1.500000	1.510000	0.210000	43.000000	38.000000	6	0.781250	7.812500	0.660000	0.000000	2.100000	1.530000	-3.125000	6.250000	0.740000	0	0	0	
323781	1218	0.000000	2.040000	1.480000	1.530000	0.210000	42.000000	38.000000	6	0.781250	7.812500	0.660000	0.000000	2.070000	1.500000	-3.125000	6.250000	0.740000	0	0	0	
324016	1221	0.000000	2.000000	1.440000	1.510000	0.220000	42.000000	38.000000	6	0.781250	7.812500	0.660000	0.000000	2.050000	1.490000	-3.125000	6.250000	0.740000	0	0	0	
324266	1215	0.000000	1.960000	1.390000	1.530000	0.210000	42.000000	38.000000	6	0.781250	7.812500	0.815000	0.000000	2.060000	1.510000	-3.125000	6.250000	0.690000	0	0	0	
324500	1221	0.000000	1.930000	1.360000	1.520000	0.220000	43.000000	38.000000	6	0.781250	-3.125000	0.815000	0.000000	2.070000	1.510000	-3.125000	4.687500	0.690000	0	0	0	
324797	1218	0.000000	1.960000	1.400000	1.520000	0.210000	43.000000	38.000000	6	0.781250	-3.125000	0.815000	0.000000	2.080000	1.510000	-3.125000	4.687500	0.690000	0	0	0	
325047	1215	0.000000	2.000000	1.430000	1.520000	0.210000	42.000000	38.000000	6	0.781250	-3.125000	0.815000	0.000000	2.110000	1.550000	-3.125000	4.687500	0.690000	0	0	0	
325313	1219	0.000000	2.070000	1.510000	1.510000	0.210000	42.000000	38.000000	6	0.781250	-3.125000	0.815000	0.000000	2.160000	1.590000	-3.125000	4.687500	0.690000	0	0	0	
325563	1216	0.000000	2.150000	1.580000	1.510000	0.210000	42.000000	38.000000	6	0.781250	10.156250	0.050000	0.000000	2.140000	1.580000	-3.125000	10.937500	0.015000	0	0	0	
325797	1231	0.000000	2.150000	1.580000	1.510000	0.210000	42.000000	38.000000	6	0.781250	10.156250	0.050000	0.000000	2.160000	1.590000	-3.125000	10.937500	0.015000	0	0	0	
326063	1229	0.000000	2.150000	1.580000	1.510000	0.210000	42.000000	38.000000	6	0.781250	10.156250	0.050000	0.000000	2.160000	1.590000	-3.125000	10.937500	0.015000	0	0	0	
326469	1230	0.000000	2.170000	1.610000	1.510000	0.210000	42.000000	38.000000	6	0.781250	10.156250	0.050000	0.000000	2.090000	1.520000	-3.125000	10.937500	0.015000	0	0	0	
326734	1232	0.000000	2.180000	1.610000	1.510000	0.210000	42.000000	38.000000	6	0.781250	16.406250	0.065000	0.000000	2.090000	1.520000	-3.125000	4.687500	0.785000	0	0	0	
326969	1233	0.000000	2.180000	1.610000	1.510000	0.210000	42.000000	38.000000	6	0.781250	16.406250	0.065000	0.000000	2.080000	1.510000	-3.125000	4.687500	0.785000	0	0	0	
327203	1237	0.000000	2.180000	1.610000	1.510000	0.210000	42.000000	38.000000	6	0.781250	16.406250	0.065000	0.000000	2.050000	1.480000	-3.125000	4.687500	0.785000	0	0	0	
327484	1238	0.000000	2.130000	1.570000	1.510000	0.210000	42.000000	38.000000	6	0.781250	16.406250	0.065000	0.000000	2.080000	1.500000	-3.125000	4.687500	0.785000	0	0	0	
327719	1240	0.000000	2.120000	1.560000	1.510000	0.210000	42.000000	38.000000	6	0.781250	11.718750	0.780000	0.000000	2.070000	1.500000	-3.125000	0.000000	0.725000	0	0	0	
327984	1236	0.000000	2.140000	1.570000	1.510000	0.220000	42.000000	38.000000	6	0.781250	11.718750	0.780000	0.000000	2.080000	1.510000	-3.125000	0.000000	0.725000	0	0	0	
328250	1236	0.000000	2.090000	1.530000	1.510000	0.210000	42.000000	38.000000	6	0.781250	11.718750	0.780000	0.000000	2.080000	1.510000	-3.125000	0.000000	0.725000	0	0	0	
328516	1239	0.000000	2.070000	1.490000	1.510000	0.210000	42.000000	38.000000	6	0.781250	11.718750	0.780000	0.000000	2.080000	1.510000	-3.125000	0.000000	0.725000	0	0	0	
328766	1242	0.000000	2.070000	1.480000	1.500000	0.220000	42.000000	38.000000	6	0.781250	2.343750	0.795000	0.000000	2.070000	1.480000	-3.125000	0.781250	0.650000	0	0	0	
329016	1237	0.000000	2.030000	1.440000	1.510000	0.210000	42.000000	38.000000	6	0.781250	2.343750	0.795000	0.000000	2.100000	1.510000	-3.125000	0.781250	0.650000	0	0	0	
329281	1240	0.000000	1.980000	1.410000	1.530000	0.210000	42.000000	38.000000	6	0.781250	2.343750	0.795000	0.000000	2.070000	1.510000	-3.125000	0.781250	0.650000	0	0	0	
329516	1239	0.000000	1.970000	1.410000	1.530000	0.210000	42.000000	38.000000	6	0.781250	2.343750	0.795000	0.000000	2.040000	1.490000	-3.125000	0.781250	0.650000	0	0	0	
329781	1240	0.000000	1.980000	1.410000	1.540000	0.210000	42.000000	38.000000	6	0.781250	-6.250000	0.780000	0.000000	2.080000	1.530000	-3.125000	3.125000	0.065000	0	0	0	
330031	1238	0.000000	1.980000	1.420000	1.520000	0.220000	42.000000	38.000000	6	0.781250	-6.250000	0.780000	0.000000	2.110000	1.550000	-3.125000	3.125000	0.065000	0	0	0	
330281	1243	0.000000	2.050000	1.480000	1.510000	0.210000	42.000000	38.000000	6	0.781250	-6.250000	0.780000	0.000000	2.100000	1.530000	-3.125000	3.125000	0.065000	0	0	0	
330547	1244	0.000000	2.090000	1.500000	1.500000	0.220000	42.000000	38.000000	6	0.781250	-6.250000	0.780000	0.000000	2.120000	1.540000	-3.125000	3.125000	0.065000	0	0	0	
330781	1245	0.000000	2.100000	1.520000	1.510000	0.210000	42.000000	38.000000	6	0.781250	-6.250000	0.780000	0.000000	2.150000	1.570000	-3.125000	3.125000	0.065000	0	0	0	
331031	1248	0.000000	2.110000	1.540000	1.510000	0.220000	42.000000	38.000000	6	0.781250	4.687500	0.060000	0.000000	2.120000	1.540000	-3.125000	4.687500	0.060000	0	0	0	
331281	1250	0.000000	2.110000	1.530000	1.530000	0.210000	42.000000	38.000000	6	0.781250	4.687500	0.060000	0.000000	2.100000	1.530000	-3.125000	4.687500	0.060000	0	0	0	
331688	1251	0.000000	2.060000	1.490000	1.520000	0.210000	42.000000	38.000000	6	0.781250	4.687500	0.060000	0.000000	2.080000	1.510000	-3.125000	4.687500	0.060000	0	0	0	
331922	1254	0.000000	2.050000	1.480000	1.530000	0.210000	42.000000	38.000000	6	0.781250	4.687500	0.735000	0.000000	2.060000	1.470000	-3.125000	4.687500	0.755000	0	0	0	
332172	1254	0.000000	2.040000	1.460000	1.510000	0.220000	42.000000	38.000000	6	0.781250	0.781250	0.735000	0.000000	2.070000	1.500000	-3.125000	-0.781250	0.755000	0	0	0	
332422	1253	0.000000	1.990000	1.420000	1.520000	0.210000	42.000000	38.000000	6	0.781250	0.781250	0.735000	0.000000	2.080000	1.500000	-3.125000	-0.781250	0.755000	0	0	0	
332688	1257	0.000000	1.990000	1.420000	1.510000	0.220000	42.000000	38.000000	6	0.781250	0.781250	0.735000	0.000000	2.060000	1.480000	-3.125000	-0.781250	0.755000	0	0	0	
332922	1261	0.000000	1.980000	1.410000	1.500000	0.220000	42.000000	38.000000	6	0.781250	0.781250	0.735000	0.000000	2.070000	1.500000	-3.125000	-0.781250	0.755000	0	0	0	
333172	1256	0.000000	1.970000	1.380000	1.520000	0.220000	42.000000	38.000000	6	0.781250	-7.812500	0.785000	0.000000	2.110000	1.530000	-3.125000	0.781250	0.420000	0	0	0	
333406	1261	0.000000	2.010000	1.430000	1.500000	0.220000	42.000000	38.000000	6	0.781250	-7.812500	0.785000	0.000000	2.090000	1.520000	-3.125000	0.781250	0.420000	0	0	0	
333672	1265	0.000000	2.040000	1.470000	1.510000	0.220000	42.000000	38.000000	6	0.781250	-7.812500	0.785000	0.000000	2.090000	1.520000	-3.125000	0.781250	0.420000	0	0	0	
333938	1261	0.000000	2.030000	1.450000	1.510000	0.210000	42.000000	38.000000	6	0.781250	-7.812500	0.785000	0.000000	2.130000	1.530000	-3.125000	0.781250	0.420000	0	0	0	
334172	1266	0.000000	2.040000	1.460000	1.500000	0.220000	42.000000	38.000000	6	0.781250	0.000000	0.070000	0.000000	2.110000	1.530000	-3.125000	3.125000	0.040000	0	0	0	
334438	1267	0.000000	2.060000	1.470000	1.510000	0.220000	42.000000	38.000000	6	0.781250	0.000000	0.070000	0.000000	2.100000	1.510000	-3.125000	3.125000	0.040000	0	0	0	
334703	1270	0.000000	2.020000	1.440000	1.510000	0.220000	42.000000	38.000000	6	0.781250	0.000000	0.070000	0.000000	2.110000	1.530000	-3.125000	3.125000	0.040000	0	0	0	
334953	1266	0.000000	1.990000	1.410000	1.510000	0.220000	42.000000	38.000000	6	0.781250	0.000000	0.070000	0.000000	2.100000	1.510000	-3.125000	3.125000	0.040000	0	0	0	
335203	1275	0.000000	2.000000	1.420000	1.510000	0.220000	42.000000	38.000000	6	0.781250	0.000000	0.780000	0.000000	2.080000	1.500000	-3.125000	3.125000	0.040000	0	0	0	
335469	1271	0.000000	1.960000	1.380000	1.520000	0.220000	42.000000	38.000000	6	0.781250	-6.250000	0.780000	0.000000	2.080000	1.510000	-3.125000	0.781250	0.725000	0	0	0	
335703	1274	0.000000	1.970000	1.390000	1.520000	0.220000	42.000000	38.000000	6	0.781250	-6.250000	0.780000	0.000000	2.090000	1.500000	-3.125000	0.781250	0.725000	0	0	0	
335969	1275	0.000000	2.040000	1.450000	1.510000	0.220000	42.000000	38.000000	6	0.781250	-6.250000	0.780000	0.000000	2.100000	1.520000	-3.125000	0.781250	0.725000	0	0	0	
336234	1274	0.000000	2.050000	1.460000	1.500000	0.220000	42.000000	38.000000	6	0.781250	-6.250000	0.780000	0.000000	2.110000	1.530000	-3.125000	0.781250	0.725000	0	0	0	
336484	1277	0.000000	2.070000	1.480000	1.510000	0.210000	42.000000	38.000000	6	0.781250	1.562500	0.180000	0.000000	2.120000	1.530000	-3.125000	3.125000	0.060000	0	0	0	
336891	1273	0.000000	2.060000	1.490000	1.520000	0.220000	42.000000	38.000000	6	0.781250	1.562500	0.180000	0.000000	2.080000	1.520000	-3.125000	3.125000	0.060000	0	0	0	
337141	1277	0.000000	2.040000	1.460000	1.520000	0.220000	42.000000	38.000000	6	0.781250	1.562500	0.180000	0.000000	2.100000	1.540000	-3.125000	3.125000	0.060000	0	0	0	
337391	1278	0.000000	2.020000	1.460000	1.510000	0.220000	42.000000	38.000000	6	0.781250	-2.343750	0.710000	0.000000	2.090000	1.520000	-3.125000	3.125000	0.055000	0	0	0	
337656	1276	0.000000	2.010000	1.430000	1.520000	0.210000	42.000000	38.000000	6	0.781250	-2.343750	0.710000	0.000000	2.100000	1.520000	-3.125000	3.125000	0.055000	0	0	0	
337906	1275	0.000000	1.990000	1.410000	1.510000	0.220000	42.000000	38.000000	6	0.781250	-2.343750	0.710000	0.000000	2.140000	1.560000	-3.125000	3.125000	0.055000	0	0	0	
338141	1272	0.000000	1.980000	1.420000	1.500000	0.220000	42.000000	38.000000	6	0.781250	-2.343750	0.710000	0.000000	2.150000	1.560000	-3.125000	3.125000	0.055000	0	0	0	
338422	1271	0.000000	2.000000	1.420000	1.510000	0.220000	42.000000	38.000000	6	0.781250	-9.375000	0.780000	0.000000	2.100000	1.520000	-3.125000	3.125000	0.695000	0	0	0	
338656	1151	0.000000	1.960000	1.420000	1.520000	0.220000	42.000000	38.000000	6	0.781250	-9.375000	0.780000	0.000000	2.090000	1.520000	-3.125000	0.000000	0.695000	0	0	0	
338906	933	0.000000	2.880000	2.410000	1.500000	0.320000	42.000000	38.000000	6	0.781250	-9.375000	0.780000	0.000000	2.460000	1.960000	-3.125000	0.000000	0.695000	0	0	0	
339156	851	0.000000	3.570000	2.820000	1.520000	0.340000	42.000000	38.000000	6	0.781250	-9.375000	0.780000	0.000000	3.390000	2.650000	-3.125000	0.000000	0.695000	0	0	0	
339422	989	0.000000	3.200000	2.380000	1.520000	0.330000	42.000000	38.000000	6	0.781250	-9.375000	0.780000	0.000000	3.040000	2.490000	-3.125000	0.000000	0.695000	0	0	0	
339688	1364	0.000000	2.650000	2.020000	1.510000	0.280000	42.000000	38.000000	6	0.781250	1.562500	0.660000	0.000000	2.620000	2.000000	-3.125000	-0.781250	0.685000	0	0	0	
339938	1699	0.000000	2.090000	1.640000	1.500000	0.240000	42.000000	38.000000	6	0.781250	1.562500	0.660000	0.000000	2.200000	1.690000	-3.125000	-0.781250	0.685000	0	0	0	
340188	1762	0.000000	2.060000	1.620000	1.510000	0.240000	42.000000	38.000000	6	0.781250	1.562500	0.660000	0.000000	2.100000	1.670000	-3.125000	-0.781250	0.685000	0	0	0	
340438	1748	0.000000	2.090000	1.660000	1.500000	0.230000	42.000000	38.000000	6	0.781250	1.562500	0.660000	0.000000	2.160000	1.730000	-3.125000	-0.781250	0.685000	0	0	0	
340688	1756	0.000000	2.090000	1.660000	1.540000	0.230000	42.000000	38.000000	6	0.781250	0.000000	0.090000	0.000000	2.160000	1.730000	-3.125000	0.000000	0.015000	0	0	0	
340922	1813	0.000000	2.090000	1.660000	1.560000	0.230000	42.000000	38.000000	6	0.781250	0.000000	0.090000	0.000000	2.160000	1.730000	-3.125000	0.000000	0.015000	0	0	0	
341156	1740	0.000000	0.000000	0.000000	1.570000	0.230000	42.000000	38.000000	6	0.781250	0.000000	0.090000	0.000000	0.000000	0.000000	-3.125000	0.000000	0.015000	0	0	0	
341375	1733	0.000000	0.000000	0.000000	1.570000	0.230000	42.000000	38.000000	6	0.781250	0.000000	0.090000	0.000000	0.000000	0.000000	-3.125000	0.000000	0.015000	0	0	0	
341609	1735	0.000000	0.000000	0.000000	1.570000	0.230000	42.000000	38.000000	6	0.781250	0.000000	0.090000	0.000000	0.000000	0.000000	-3.125000	0.000000	0.015000	0	0	0	
342000	1723	0.000000	0.000000	0.000000	1.570000	0.240000	42.000000	38.000000	6	0.781250	0.000000	0.020000	0.000000	0.000000	0.000000	-3.125000	0.000000	0.000000	0	0	0	
342266	1674	0.000000	0.000000	0.000000	1.570000	0.230000	42.000000	38.000000	6	0.781250	0.000000	0.020000	0.000000	0.000000	0.000000	-3.125000	0.000000	0.000000	0	0	0	
342516	1648	0.000000	0.000000	0.000000	1.570000	0.240000	42.000000	38.000000	6	0.781250	0.000000	0.020000	0.000000	0.000000	0.000000	-3.125000	0.000000	0.000000	0	0	0	
342734	1623	0.000000	0.000000	0.000000	1.570000	0.230000	41.000000	38.000000	6	0.781250	0.000000	0.020000	0.000000	0.000000	0.000000	-3.125000	0.000000	0.000000	0	0	0	
342969	1598	0.000000	0.000000	0.000000	1.580000	0.230000	42.000000	38.000000	6	0.781250	0.000000	0.000000	0.000000	0.000000	0.000000	-3.125000	0.000000	0.000000	0	0	0	
343172	1566	0.000000	0.000000	0.000000	1.570000	0.220000	41.000000	38.000000	6	0.781250	0.000000	0.000000	0.000000	0.000000	0.000000	-3.125000	0.000000	0.000000	0	0	0	
343406	1540	0.000000	0.000000	0.000000	1.570000	0.230000	42.000000	38.000000	6	0.781250	0.000000	0.000000	0.000000	0.000000	0.000000	-3.125000	0.000000	0.000000	0	0	0	
343656	1504	0.000000	0.000000	0.000000	1.570000	0.230000	42.000000	38.000000	6	0.781250	0.000000	0.000000	0.000000	0.000000	0.000000	-3.125000	0.000000	0.000000	0	0	0	
343891	1173	0.000000	2.090000	1.660000	1.480000	0.290000	42.000000	38.000000	6	0.781250	0.000000	0.000000	0.000000	2.400000	1.830000	-3.125000	0.000000	0.000000	0	0	0	
344156	924	0.000000	4.370000	3.170000	1.480000	0.380000	42.000000	38.000000	6	0.781250	0.000000	0.000000	0.000000	4.400000	3.190000	-3.125000	0.000000	0.000000	0	0	0	
344391	1047	0.000000	4.100000	2.800000	1.500000	0.340000	41.000000	38.000000	6	0.781250	0.000000	0.000000	0.000000	4.070000	2.950000	-3.125000	0.000000	0.000000	0	0	0	
344656	1049	0.000000	3.190000	2.540000	1.500000	0.320000	42.000000	38.000000	6	0.781250	0.000000	0.000000	0.000000	3.170000	2.530000	-3.125000	0.000000	0.000000	0	0	0	
344875	1110	0.000000	2.980000	2.380000	1.500000	0.300000	42.000000	38.000000	6	0.781250	0.000000	0.000000	0.000000	2.970000	2.360000	-3.125000	0.000000	0.000000	0	0	0	
345125	1531	0.000000	2.770000	2.110000	1.490000	0.260000	42.000000	38.000000	6	0.781250	0.000000	0.000000	0.000000	2.720000	2.070000	-3.125000	0.000000	0.000000	0	0	0	
345359	2075	0.000000	2.470000	1.790000	1.500000	0.230000	42.000000	38.000000	6	0.781250	0.000000	0.000000	0.000000	2.450000	1.780000	-3.125000	0.000000	0.000000	0	0	0	
345609	1962	0.000000	2.320000	1.760000	1.490000	0.230000	42.000000	38.000000	6	0.781250	0.000000	0.000000	0.000000	2.310000	1.760000	-3.125000	0.000000	0.000000	0	0	0	
345875	1949	0.000000	2.320000	1.760000	1.540000	0.230000	41.000000	38.000000	6	0.781250	0.000000	0.000000	0.000000	2.310000	1.760000	-3.125000	0.000000	0.000000	0	0	0	
346141	1964	0.000000	2.320000	1.760000	1.530000	0.240000	41.000000	38.000000	6	0.781250	0.000000	0.010000	0.000000	2.310000	1.760000	-3.125000	0.000000	0.010000	0	0	0	
346375	1914	0.000000	0.000000	0.000000	1.540000	0.240000	42.000000	38.000000	6	0.781250	0.000000	0.010000	0.000000	0.000000	0.000000	-3.125000	0.000000	0.010000	0	0	0	
346609	1942	0.000000	0.000000	0.000000	1.560000	0.230000	41.000000	38.000000	6	0.781250	0.000000	0.010000	0.000000	0.000000	0.000000	-3.125000	0.000000	0.010000	0	0	0	
347000	1911	0.000000	0.000000	0.000000	1.560000	0.230000	42.000000	38.000000	6	0.781250	0.000000	0.010000	0.000000	0.000000	0.000000	-3.125000	0.000000	0.010000	0	0	0	
347219	1899	0.000000	0.000000	0.000000	1.560000	0.230000	42.000000	38.000000	6	0.781250	0.000000	0.010000	0.000000	0.000000	0.000000	-3.125000	0.000000	0.000000	0	0	0	
347438	1890	0.000000	0.000000	0.000000	1.560000	0.230000	41.000000	38.000000	6	0.781250	0.000000	0.010000	0.000000	0.000000	0.000000	-3.125000	0.000000	0.000000	0	0	0	
347656	1879	0.000000	0.000000	0.000000	1.560000	0.230000	42.000000	38.000000	6	0.781250	0.000000	0.010000	0.000000	0.000000	0.000000	-3.125000	0.000000	0.000000	0	0	0	
347875	1865	0.000000	0.000000	0.000000	1.560000	0.230000	42.000000	38.000000	6	0.781250	0.000000	0.010000	0.000000	0.000000	0.000000	-3.125000	0.000000	0.000000	0	0	0	
348125	1848	0.000000	0.000000	0.000000	1.560000	0.230000	42.000000	38.000000	6	0.781250	0.000000	0.010000	0.000000	0.000000	0.000000	-3.125000	0.000000	0.000000	0	0	0	
348375	1842	0.000000	0.000000	0.000000	1.560000	0.230000	41.000000	38.000000	6	0.781250	0.000000	0.000000	0.000000	0.000000	0.000000	-3.125000	0.000000	0.000000	0	0	0	
348641	1828	0.000000	0.000000	0.000000	1.560000	0.230000	42.000000	38.000000	6	0.781250	0.000000	0.000000	0.000000	0.000000	0.000000	-3.125000	0.000000	0.000000	0	0	0	
348859	1810	0.000000	0.000000	0.000000	1.550000	0.230000	42.000000	38.000000	6	0.781250	0.000000	0.000000	0.000000	0.000000	0.000000	-3.125000	0.000000	0.000000	0	0	0	
349094	1802	0.000000	0.000000	0.000000	1.550000	0.230000	42.000000	38.000000	6	0.781250	0.000000	0.000000	0.000000	0.000000	0.000000	-3.125000	0.000000	0.000000	0	0	0	
349328	1774	0.000000	0.000000	0.000000	1.560000	0.230000	42.000000	38.000000	6	0.781250	0.000000	0.000000	0.000000	0.000000	0.000000	-3.125000	0.000000	0.000000	0	0	0	
349563	1771	0.000000	0.000000	0.000000	1.560000	0.230000	41.000000	38.000000	6	0.781250	0.000000	0.000000	0.000000	0.000000	0.000000	-3.125000	0.000000	0.000000	0	0	0	
349813	1732	0.000000	0.000000	0.000000	1.550000	0.230000	42.000000	38.000000	6	0.781250	0.000000	0.000000	0.000000	0.000000	0.000000	-3.125000	0.000000	0.000000	0	0	0	
350047	1694	0.000000	0.000000	0.000000	1.550000	0.240000	41.000000	38.000000	6	0.781250	0.000000	0.000000	0.000000	0.000000	0.000000	-3.125000	0.000000	0.000000	0	0	0	
350281	1662	0.000000	0.000000	0.000000	1.550000	0.240000	42.000000	38.000000	6	0.781250	0.000000	0.000000	0.000000	0.000000	0.000000	-3.125000	0.000000	0.000000	0	0	0	
350500	1590	0.000000	0.000000	0.000000	1.560000	0.230000	41.000000	38.000000	6	0.781250	0.000000	0.000000	0.000000	0.000000	0.000000	-3.125000	0.000000	0.000000	0	0	0	
350781	1556	0.000000	0.000000	0.000000	1.560000	0.230000	42.000000	38.000000	6	0.781250	0.000000	0.000000	0.000000	0.000000	0.000000	-3.125000	0.000000	0.000000	0	0	0	
351016	1523	0.000000	0.000000	0.000000	1.560000	0.230000	42.000000	38.000000	6	0.781250	0.000000	0.000000	0.000000	0.000000	0.000000	-3.125000	0.000000	0.000000	0	0	0	
351250	1469	0.000000	0.000000	0.000000	1.560000	0.230000	41.000000	38.000000	6	0.781250	0.000000	0.000000	0.000000	0.000000	0.000000	-3.125000	0.000000	0.000000	0	0	0	
351516	1417	0.000000	0.000000	0.000000	1.560000	0.230000	42.000000	38.000000	6	0.781250	0.000000	0.000000	0.000000	0.000000	0.000000	-3.125000	0.000000	0.000000	0	0	0	
351922	1349	0.000000	0.000000	0.000000	1.560000	0.230000	42.000000	38.000000	6	0.781250	0.000000	0.000000	0.000000	0.000000	0.000000	-3.125000	0.000000	0.000000	0	0	0	
352172	1322	0.000000	0.000000	0.000000	1.560000	0.230000	42.000000	38.000000	6	0.781250	0.000000	0.000000	0.000000	0.000000	0.000000	-3.125000	0.000000	0.000000	0	0	0	
352375	1281	0.000000	0.000000	0.000000	1.560000	0.230000	42.000000	38.000000	6	0.781250	0.000000	0.000000	0.000000	0.000000	0.000000	-3.125000	0.000000	0.000000	0	0	0	
352656	1240	0.000000	2.320000	1.760000	1.520000	0.240000	41.000000	38.000000	6	0.781250	0.000000	0.000000	0.000000	2.310000	1.760000	-3.125000	0.000000	0.000000	0	0	0	
352906	1177	0.000000	2.220000	1.670000	1.500000	0.240000	42.000000	38.000000	6	0.781250	0.000000	0.000000	0.000000	2.250000	1.700000	-3.125000	0.000000	0.000000	0	0	0	
353156	1201	0.000000	2.320000	1.740000	1.490000	0.240000	42.000000	38.000000	6	0.781250	0.000000	0.000000	0.000000	2.340000	1.770000	-3.125000	0.000000	0.000000	0	0	0	
353391	1081	0.000000	2.350000	1.820000	1.510000	0.240000	41.000000	38.000000	6	0.781250	0.000000	0.000000	0.000000	2.380000	1.850000	-3.125000	0.000000	0.000000	0	0	0	
353656	1000	0.000000	2.390000	1.920000	1.510000	0.250000	42.000000	38.000000	6	0.781250	0.000000	0.000000	0.000000	2.400000	1.910000	-3.125000	0.000000	0.000000	0	0	0	
353906	910	0.000000	2.440000	1.960000	1.510000	0.250000	42.000000	38.000000	6	0.781250	0.000000	0.000000	0.000000	2.450000	1.980000	-3.125000	0.000000	0.000000	0	0	0	
354172	811	0.000000	2.500000	2.020000	1.490000	0.280000	41.000000	38.000000	6	0.781250	0.000000	0.000000	0.000000	2.580000	2.100000	-3.125000	0.000000	0.000000	0	0	0	
354406	767	0.000000	3.020000	2.590000	1.510000	0.310000	42.000000	38.000000	6	0.781250	0.000000	0.000000	0.000000	3.100000	2.640000	-3.125000	0.000000	0.000000	0	0	0	
354656	724	0.000000	3.280000	2.720000	1.480000	0.340000	41.000000	38.000000	6	0.781250	0.000000	0.000000	0.000000	3.390000	2.800000	-3.125000	0.000000	0.000000	0	0	0	
354922	726	0.000000	3.550000	2.950000	1.490000	0.340000	41.000000	38.000000	6	0.781250	0.000000	0.000000	0.000000	3.590000	2.970000	-3.125000	0.000000	0.000000	0	0	0	
355141	731	0.000000	3.600000	2.990000	1.500000	0.350000	41.000000	38.000000	6	0.781250	0.000000	0.000000	0.000000	3.660000	3.020000	-3.125000	0.000000	0.000000	0	0	0	
355406	733	0.000000	3.860000	3.110000	1.500000	0.360000	42.000000	38.000000	6	0.781250	0.000000	0.000000	0.000000	3.870000	3.090000	-3.125000	0.000000	0.000000	0	0	0	
355656	753	0.000000	3.660000	3.050000	1.500000	0.360000	42.000000	38.000000	6	0.781250	0.000000	0.000000	0.000000	3.670000	3.070000	-3.125000	0.000000	0.000000	0	0	0	
355906	758	0.000000	3.660000	3.000000	1.500000	0.350000	41.000000	38.000000	6	0.781250	0.000000	0.000000	0.000000	3.660000	3.010000	-3.125000	0.000000	0.000000	0	0	0	
356172	766	0.000000	3.590000	2.940000	1.500000	0.340000	42.000000	38.000000	6	0.781250	0.000000	0.000000	0.000000	3.590000	2.940000	-3.125000	0.000000	0.000000	0	0	0	
356438	760	0.000000	3.450000	2.830000	1.500000	0.340000	41.000000	38.000000	6	0.781250	0.000000	0.000000	0.000000	3.510000	2.890000	-3.125000	0.000000	0.000000	0	0	0	
356688	753	0.000000	3.410000	2.800000	1.490000	0.340000	41.000000	38.000000	6	0.781250	0.000000	0.000000	0.000000	3.430000	2.820000	-3.125000	0.000000	0.000000	0	0	0	
357109	705	0.000000	3.260000	2.770000	1.500000	0.340000	42.000000	38.000000	6	0.781250	0.000000	0.000000	0.000000	3.380000	2.820000	-3.125000	-0.781250	0.000000	0	0	0	
357375	695	0.000000	3.210000	2.720000	1.500000	0.340000	42.000000	38.000000	6	0.781250	0.000000	0.000000	0.000000	3.250000	2.750000	-3.125000	-0.781250	0.000000	0	0	0	
357625	673	0.000000	3.260000	2.770000	1.500000	0.340000	42.000000	38.000000	6	0.781250	0.000000	0.000000	0.000000	3.270000	2.770000	-3.125000	-0.781250	0.000000	0	0	0	
357891	661	0.000000	3.280000	2.790000	1.510000	0.340000	41.000000	38.000000	6	0.781250	0.000000	0.000000	0.000000	3.080000	2.630000	-3.125000	-0.781250	0.000000	0	0	0	
358141	641	0.000000	3.280000	2.790000	1.500000	0.340000	41.000000	38.000000	6	0.781250	0.000000	0.005000	0.000000	3.010000	2.590000	-3.125000	-0.781250	0.000000	0	0	0	
358391	630	0.000000	3.330000	2.840000	1.530000	0.340000	42.000000	38.000000	6	0.781250	0.000000	0.005000	0.000000	3.060000	2.610000	-3.125000	-0.781250	0.000000	0	0	0	
358656	619	0.000000	3.360000	2.870000	1.520000	0.340000	42.000000	38.000000	6	0.781250	0.000000	0.005000	0.000000	3.110000	2.650000	-3.125000	-0.781250	0.000000	0	0	0	
358938	608	0.000000	3.390000	2.900000	1.510000	0.350000	41.000000	38.000000	6	0.781250	0.000000	0.005000	0.000000	3.130000	2.670000	-3.125000	-0.781250	0.000000	0	0	0	
359203	598	0.000000	3.500000	2.960000	1.500000	0.350000	41.000000	38.000000	6	0.781250	0.781250	0.005000	0.000000	3.190000	2.700000	-3.125000	-0.781250	0.000000	0	0	0	
359438	595	0.000000	3.510000	2.970000	1.500000	0.360000	41.000000	38.000000	6	0.781250	0.781250	0.005000	0.000000	3.250000	2.770000	-3.125000	-0.781250	0.000000	0	0	0	
359703	595	0.000000	3.510000	2.980000	1.510000	0.350000	41.000000	38.000000	6	0.781250	0.781250	0.005000	0.000000	3.210000	2.720000	-3.125000	-0.781250	0.000000	0	0	0	
359969	600	0.000000	3.500000	2.960000	1.500000	0.360000	42.000000	38.000000	6	0.781250	0.781250	0.005000	0.000000	3.190000	2.710000	-3.125000	-0.781250	0.000000	0	0	0	
360250	601	0.000000	3.480000	2.950000	1.510000	0.360000	41.000000	38.000000	6	0.781250	-1.562500	0.010000	0.000000	3.210000	2.720000	-3.125000	-2.343750	0.000000	0	0	0	
360500	599	0.000000	3.460000	2.940000	1.510000	0.360000	42.000000	38.000000	6	0.781250	-1.562500	0.010000	0.000000	3.160000	2.700000	-3.125000	-2.343750	0.000000	0	0	0	
360766	603	0.000000	3.470000	2.960000	1.500000	0.360000	42.000000	38.000000	6	0.781250	-1.562500	0.010000	0.000000	3.190000	2.710000	-3.125000	-2.343750	0.000000	0	0	0	
361000	603	0.000000	3.420000	2.910000	1.500000	0.360000	42.000000	38.000000	6	0.781250	-1.562500	0.010000	0.000000	3.170000	2.690000	-3.125000	-2.343750	0.000000	0	0	0	
361250	604	0.000000	3.400000	2.910000	1.510000	0.350000	41.000000	38.000000	6	0.781250	-1.562500	0.010000	0.000000	3.150000	2.690000	-3.125000	-2.343750	0.000000	0	0	0	
361516	603	0.000000	3.440000	2.930000	1.510000	0.350000	42.000000	38.000000	6	0.781250	-2.343750	0.015000	0.000000	3.150000	2.680000	-3.125000	-3.125000	0.000000	0	0	0	
361781	605	0.000000	3.430000	2.920000	1.510000	0.350000	41.000000	38.000000	6	0.781250	-2.343750	0.015000	0.000000	3.160000	2.680000	-3.125000	-3.125000	0.000000	0	0	0	
362031	603	0.000000	3.430000	2.920000	1.500000	0.360000	41.000000	38.000000	6	0.781250	-2.343750	0.015000	0.000000	3.210000	2.720000	-3.125000	-3.125000	0.000000	0	0	0	
362438	604	0.000000	3.500000	2.960000	1.520000	0.360000	42.000000	38.000000	6	0.781250	-2.343750	0.020000	0.000000	3.200000	2.730000	-3.125000	-3.125000	0.000000	0	0	0	
362703	606	0.000000	3.460000	2.940000	1.520000	0.360000	42.000000	38.000000	6	0.781250	-2.343750	0.020000	0.000000	3.180000	2.710000	-3.125000	-2.343750	0.000000	0	0	0	
362984	583	0.000000	4.030000	3.230000	1.510000	0.360000	42.000000	38.000000	6	0.781250	-2.343750	0.020000	0.000000	3.610000	3.020000	-3.125000	-2.343750	0.000000	0	0	0	
363328	556	0.000000	4.320000	3.380000	1.510000	0.380000	42.000000	38.000000	6	0.781250	-2.343750	0.020000	0.000000	4.180000	3.320000	-3.125000	-2.343750	0.000000	0	0	0	
363609	554	0.000000	4.370000	3.440000	1.510000	0.400000	42.000000	38.000000	6	0.781250	0.000000	0.025000	0.000000	4.380000	3.450000	-3.125000	0.000000	0.000000	0	0	0	
363891	560	0.000000	4.540000	3.640000	1.520000	0.410000	42.000000	38.000000	6	0.781250	0.000000	0.025000	0.000000	4.550000	3.640000	-3.125000	0.000000	0.000000	0	0	0	
364094	572	0.000000	4.550000	3.650000	1.520000	0.410000	41.000000	38.000000	6	0.781250	0.000000	0.025000	0.000000	4.550000	3.640000	-3.125000	0.000000	0.000000	0	0	0	
364297	577	0.000000	4.610000	3.680000	1.520000	0.410000	42.000000	38.000000	6	0.781250	0.000000	0.025000	0.000000	4.600000	3.690000	-3.125000	0.000000	0.000000	0	0	0	
364547	574	0.000000	4.600000	3.700000	1.520000	0.410000	42.000000	38.000000	6	0.781250	0.000000	0.020000	0.000000	4.600000	3.690000	-3.125000	0.000000	0.000000	0	0	0	
364797	572	0.000000	4.600000	3.680000	1.510000	0.410000	42.000000	38.000000	6	0.781250	0.000000	0.020000	0.000000	4.570000	3.700000	-3.125000	0.000000	0.000000	0	0	0	
365000	571	0.000000	4.620000	3.700000	1.520000	0.410000	42.000000	38.000000	6	0.781250	0.000000	0.020000	0.000000	4.580000	3.710000	-3.125000	0.000000	0.000000	0	0	0	
365188	573	0.000000	4.570000	3.700000	1.510000	0.410000	42.000000	38.000000	6	0.781250	0.000000	0.020000	0.000000	4.590000	3.720000	-3.125000	0.000000	0.000000	0	0	0	
365391	575	0.000000	4.580000	3.660000	1.500000	0.420000	42.000000	38.000000	6	0.781250	0.000000	0.020000	0.000000	4.600000	3.670000	-3.125000	0.000000	0.000000	0	0	0	
365594	579	0.000000	4.580000	3.660000	1.520000	0.410000	41.000000	38.000000	6	0.781250	0.000000	0.020000	0.000000	4.600000	3.680000	-3.125000	0.000000	0.000000	0	0	0	
365781	583	0.000000	4.580000	3.660000	1.520000	0.410000	41.000000	38.000000	6	0.781250	0.000000	0.015000	0.000000	4.600000	3.680000	-3.125000	0.000000	0.000000	0	0	0	
365984	583	0.000000	4.600000	3.680000	1.510000	0.410000	41.000000	38.000000	6	0.781250	0.000000	0.015000	0.000000	4.620000	3.690000	-3.125000	0.000000	0.000000	0	0	0	
366188	584	0.000000	4.610000	3.680000	1.500000	0.410000	42.000000	38.000000	6	0.781250	0.000000	0.015000	0.000000	4.620000	3.700000	-3.125000	0.000000	0.000000	0	0	0	
366391	587	0.000000	4.600000	3.670000	1.500000	0.410000	42.000000	38.000000	6	0.781250	0.000000	0.015000	0.000000	4.620000	3.680000	-3.125000	0.000000	0.000000	0	0	0	
366594	590	0.000000	4.570000	3.640000	1.500000	0.410000	42.000000	38.000000	6	0.781250	0.000000	0.015000	0.000000	4.600000	3.660000	-3.125000	0.000000	0.000000	0	0	0	
366781	592	0.000000	4.570000	3.630000	1.500000	0.400000	42.000000	38.000000	6	0.781250	0.000000	0.015000	0.000000	4.590000	3.650000	-3.125000	0.000000	0.000000	0	0	0	
367141	591	0.000000	4.540000	3.610000	1.510000	0.400000	42.000000	38.000000	6	0.781250	0.000000	0.010000	0.000000	4.570000	3.630000	-3.125000	0.000000	0.000000	0	0	0	
367344	596	0.000000	4.530000	3.610000	1.510000	0.410000	42.000000	38.000000	6	0.781250	0.000000	0.010000	0.000000	4.570000	3.640000	-3.125000	0.000000	0.000000	0	0	0	
367547	597	0.000000	4.530000	3.610000	1.500000	0.410000	42.000000	38.000000	6	0.781250	0.000000	0.010000	0.000000	4.560000	3.640000	-3.125000	0.000000	0.000000	0	0	0	
367766	594	0.000000	4.640000	3.700000	1.500000	0.410000	42.000000	38.000000	6	0.781250	0.000000	0.010000	0.000000	4.550000	3.630000	-3.125000	0.000000	0.000000	0	0	0	
367969	592	0.000000	4.700000	3.810000	1.490000	0.410000	42.000000	38.000000	6	0.781250	0.000000	0.005000	0.000000	4.650000	3.760000	-3.125000	0.000000	0.000000	0	0	0	
368156	592	0.000000	4.600000	3.740000	1.510000	0.400000	42.000000	38.000000	6	0.781250	0.000000	0.005000	0.000000	4.490000	3.560000	-3.125000	0.000000	0.000000	0	0	0	
368406	592	0.000000	4.550000	3.650000	1.520000	0.400000	42.000000	38.000000	6	0.781250	0.000000	0.005000	0.000000	4.410000	3.420000	-3.125000	0.000000	0.000000	0	0	0	
368641	600	0.000000	4.480000	3.590000	1.520000	0.400000	42.000000	38.000000	6	0.781250	0.000000	0.005000	0.000000	4.170000	3.330000	-3.125000	0.000000	0.000000	0	0	0	
368875	607	0.000000	4.410000	3.490000	1.530000	0.400000	42.000000	38.000000	6	0.781250	0.000000	0.005000	0.000000	4.060000	3.260000	-3.125000	0.000000	0.000000	0	0	0	
369094	634	0.000000	4.340000	3.420000	1.510000	0.400000	42.000000	38.000000	6	0.781250	0.000000	0.005000	0.000000	3.920000	3.200000	-3.125000	0.000000	0.000000	0	0	0	
369297	639	0.000000	4.300000	3.380000	1.510000	0.400000	42.000000	38.000000	6	0.781250	0.000000	0.005000	0.000000	3.930000	3.170000	-3.125000	0.000000	0.000000	0	0	0	
369531	643	0.000000	4.130000	3.290000	1.510000	0.390000	42.000000	38.000000	6	0.781250	0.000000	0.005000	0.000000	3.720000	3.120000	-3.125000	0.000000	0.000000	0	0	0	
369734	644	0.000000	4.080000	3.280000	1.500000	0.390000	42.000000	38.000000	6	0.781250	0.000000	0.005000	0.000000	3.720000	3.070000	-3.125000	0.000000	0.000000	0	0	0	
369922	647	0.000000	4.020000	3.250000	1.500000	0.390000	42.000000	38.000000	6	0.781250	0.000000	0.005000	0.000000	3.680000	3.070000	-3.125000	0.000000	0.000000	0	0	0	
370141	644	0.000000	3.930000	3.240000	1.510000	0.390000	42.000000	38.000000	6	0.781250	0.000000	0.005000	0.000000	3.620000	3.050000	-3.125000	0.000000	0.000000	0	0	0	
370344	637	0.000000	4.050000	3.250000	1.520000	0.390000	42.000000	38.000000	6	0.781250	0.000000	0.005000	0.000000	3.660000	3.060000	-3.125000	0.000000	0.000000	0	0	0	
370563	635	0.000000	4.050000	3.250000	1.520000	0.390000	42.000000	38.000000	6	0.781250	0.000000	0.005000	0.000000	3.660000	3.070000	-3.125000	0.000000	0.000000	0	0	0	
370797	636	0.000000	4.030000	3.240000	1.510000	0.390000	42.000000	38.000000	6	0.781250	0.000000	0.005000	0.000000	3.650000	3.050000	-3.125000	0.000000	0.000000	0	0	0	
371000	639	0.000000	4.070000	3.260000	1.500000	0.390000	42.000000	38.000000	6	0.781250	0.000000	0.005000	0.000000	3.720000	3.080000	-3.125000	0.000000	0.000000	0	0	0	
371250	639	0.000000	4.090000	3.260000	1.510000	0.390000	42.000000	38.000000	6	0.781250	0.000000	0.005000	0.000000	3.680000	3.070000	-3.125000	0.000000	0.000000	0	0	0	
371609	641	0.000000	3.920000	3.230000	1.510000	0.380000	42.000000	38.000000	6	0.781250	0.000000	0.005000	0.000000	3.660000	3.060000	-3.125000	0.000000	0.000000	0	0	0	
371813	639	0.000000	3.900000	3.220000	1.510000	0.390000	42.000000	38.000000	6	0.781250	0.000000	0.005000	0.000000	3.620000	3.030000	-3.125000	0.000000	0.000000	0	0	0	
372047	638	0.000000	3.970000	3.200000	1.510000	0.380000	42.000000	38.000000	6	0.781250	0.000000	0.005000	0.000000	3.580000	3.010000	-3.125000	0.000000	0.000000	0	0	0	
372266	660	0.000000	3.860000	3.180000	1.510000	0.380000	42.000000	38.000000	6	0.781250	0.000000	0.010000	0.000000	3.560000	2.990000	-3.125000	0.000000	0.000000	0	0	0	
372484	678	0.000000	3.860000	3.170000	1.480000	0.410000	42.000000	38.000000	6	0.781250	0.000000	0.010000	0.000000	3.510000	2.970000	-3.125000	0.000000	0.000000	0	0	0	
372672	704	0.000000	4.750000	3.830000	1.480000	0.450000	42.000000	38.000000	6	0.781250	0.000000	0.010000	0.000000	4.230000	3.340000	-3.125000	0.000000	0.000000	0	0	0	
372859	775	0.000000	5.440000	4.270000	1.490000	0.470000	42.000000	38.000000	6	0.781250	0.000000	0.010000	0.000000	4.750000	3.810000	-3.125000	0.000000	0.000000	0	0	0	
373047	805	0.000000	5.570000	4.480000	1.500000	0.490000	42.000000	38.000000	6	0.781250	0.000000	0.010000	0.000000	4.950000	4.000000	-3.125000	0.000000	0.000000	0	0	0	
373266	812	0.000000	5.530000	4.410000	1.490000	0.490000	42.000000	38.000000	6	0.781250	0.000000	0.010000	0.000000	4.820000	3.890000	-3.125000	0.000000	0.000000	0	0	0	
373453	802	0.000000	5.580000	4.440000	1.490000	0.510000	42.000000	38.000000	6	0.781250	3.125000	0.010000	0.000000	4.960000	4.000000	-3.125000	2.343750	0.000000	0	0	0	
373656	801	0.000000	5.510000	4.460000	1.510000	0.510000	42.000000	38.000000	6	0.781250	3.125000	0.010000	0.000000	5.350000	4.020000	-3.125000	2.343750	0.000000	0	0	0	
373828	792	0.000000	5.520000	4.470000	1.520000	0.520000	42.000000	38.000000	6	0.781250	3.125000	0.010000	0.000000	5.360000	4.070000	-3.125000	2.343750	0.000000	0	0	0	
374031	766	0.000000	5.440000	4.460000	1.510000	0.520000	42.000000	38.000000	6	0.781250	3.125000	0.010000	0.000000	5.320000	4.030000	-3.125000	2.343750	0.000000	0	0	0	
374234	744	0.000000	5.480000	4.480000	1.500000	0.530000	42.000000	38.000000	6	0.781250	3.125000	0.010000	0.000000	5.280000	4.000000	-3.125000	2.343750	0.000000	0	0	0	
374453	883	0.000000	5.510000	4.470000	1.490000	0.520000	42.000000	38.000000	6	0.781250	3.125000	0.010000	0.000000	4.860000	3.950000	-3.125000	2.343750	0.000000	0	0	0	
374656	906	0.000000	5.620000	4.270000	1.500000	0.490000	42.000000	38.000000	6	0.781250	0.781250	0.015000	0.000000	4.800000	3.710000	-3.125000	-1.562500	0.000000	0	0	0	
374844	936	0.000000	4.490000	3.390000	1.540000	0.420000	42.000000	38.000000	6	0.781250	0.781250	0.015000	0.000000	4.300000	3.220000	-3.125000	-1.562500	0.000000	0	0	0	
375063	962	0.000000	4.000000	2.960000	1.520000	0.370000	42.000000	38.000000	6	0.781250	0.781250	0.015000	0.000000	3.410000	2.700000	-3.125000	-1.562500	0.000000	0	0	0	
375266	974	0.000000	3.240000	2.590000	1.520000	0.340000	42.000000	38.000000	6	0.781250	0.781250	0.015000	0.000000	2.800000	2.360000	-3.125000	-1.562500	0.000000	0	0	0	
375453	955	0.000000	2.890000	2.430000	1.530000	0.330000	42.000000	38.000000	6	0.781250	0.781250	0.015000	0.000000	2.740000	2.290000	-3.125000	-1.562500	0.000000	0	0	0	
375828	923	0.000000	2.660000	2.180000	1.520000	0.310000	42.000000	38.000000	6	0.781250	-1.562500	0.025000	0.000000	2.730000	2.260000	-3.125000	0.000000	0.000000	0	0	0	
376031	900	0.000000	2.680000	2.210000	1.510000	0.320000	42.000000	38.000000	6	0.781250	-1.562500	0.025000	0.000000	2.730000	2.270000	-3.125000	0.000000	0.000000	0	0	0	
376219	879	0.000000	2.720000	2.240000	1.520000	0.310000	42.000000	38.000000	6	0.781250	-1.562500	0.025000	0.000000	2.770000	2.300000	-3.125000	0.000000	0.000000	0	0	0	
376422	871	0.000000	2.780000	2.300000	1.510000	0.320000	42.000000	38.000000	6	0.781250	-1.562500	0.025000	0.000000	2.860000	2.390000	-3.125000	0.000000	0.000000	0	0	0	
376609	868	0.000000	2.770000	2.300000	1.510000	0.320000	42.000000	38.000000	6	0.781250	3.125000	0.030000	0.000000	2.850000	2.400000	-3.125000	6.250000	0.000000	0	0	0	
376828	849	0.000000	2.730000	2.300000	1.520000	0.320000	42.000000	38.000000	6	0.781250	3.125000	0.030000	0.000000	2.840000	2.390000	-3.125000	6.250000	0.000000	0	0	0	
377047	843	0.000000	2.750000	2.330000	1.520000	0.310000	42.000000	38.000000	6	0.781250	3.125000	0.030000	0.000000	2.830000	2.420000	-3.125000	6.250000	0.000000	0	0	0	
377250	811	0.000000	2.780000	2.370000	1.500000	0.320000	42.000000	38.000000	6	0.781250	3.125000	0.030000	0.000000	2.880000	2.470000	-3.125000	6.250000	0.000000	0	0	0	
377453	805	0.000000	2.820000	2.390000	1.520000	0.320000	42.000000	38.000000	6	0.781250	3.125000	0.030000	0.000000	2.900000	2.480000	-3.125000	6.250000	0.000000	0	0	0	
377672	788	0.000000	2.840000	2.410000	1.500000	0.320000	42.000000	38.000000	6	0.781250	4.687500	0.035000	0.000000	2.940000	2.510000	-3.125000	6.250000	0.000000	0	0	0	
377844	776	0.000000	2.870000	2.460000	1.510000	0.320000	42.000000	38.000000	6	0.781250	4.687500	0.035000	0.000000	2.940000	2.500000	-3.125000	7.812500	0.000000	0	0	0	
378063	765	0.000000	2.950000	2.510000	1.500000	0.320000	42.000000	38.000000	6	0.781250	4.687500	0.035000	0.000000	3.070000	2.610000	-3.125000	7.812500	0.000000	0	0	0	
378266	748	0.000000	2.970000	2.530000	1.510000	0.330000	42.000000	38.000000	6	0.781250	4.687500	0.035000	0.000000	3.020000	2.580000	-3.125000	7.812500	0.000000	0	0	0	
378484	723	0.000000	3.000000	2.550000	1.510000	0.330000	42.000000	38.000000	6	0.781250	4.687500	0.035000	0.000000	3.030000	2.600000	-3.125000	7.812500	0.000000	0	0	0	
378703	717	0.000000	3.020000	2.590000	1.520000	0.330000	42.000000	38.000000	6	0.781250	4.687500	0.035000	0.000000	3.070000	2.680000	-3.125000	7.812500	0.000000	0	0	0	
378922	714	0.000000	3.030000	2.590000	1.510000	0.340000	42.000000	38.000000	6	0.781250	5.468750	0.040000	0.000000	3.180000	2.700000	-3.125000	6.250000	0.000000	0	0	0	
379109	709	0.000000	3.160000	2.700000	1.500000	0.340000	42.000000	38.000000	6	0.781250	5.468750	0.040000	0.000000	3.200000	2.710000	-3.125000	6.250000	0.000000	0	0	0	
379328	707	0.000000	3.250000	2.760000	1.500000	0.350000	42.000000	38.000000	6	0.781250	5.468750	0.040000	0.000000	3.250000	2.760000	-3.125000	6.250000	0.000000	0	0	0	
379531	713	0.000000	3.300000	2.790000	1.490000	0.360000	42.000000	38.000000	6	0.781250	5.468750	0.040000	0.000000	3.280000	2.790000	-3.125000	6.250000	0.000000	0	0	0	
379734	723	0.000000	3.310000	2.800000	1.500000	0.350000	42.000000	38.000000	6	0.781250	5.468750	0.040000	0.000000	3.370000	2.830000	-3.125000	6.250000	0.000000	0	0	0	
380094	736	0.000000	3.390000	2.850000	1.530000	0.350000	42.000000	38.000000	6	0.781250	3.125000	0.045000	0.000000	3.310000	2.790000	-3.125000	2.343750	0.000000	0	0	0	
380313	737	0.000000	3.360000	2.810000	1.540000	0.350000	42.000000	38.000000	6	0.781250	3.125000	0.045000	0.000000	3.250000	2.740000	-3.125000	2.343750	0.000000	0	0	0	
380516	732	0.000000	3.230000	2.730000	1.530000	0.350000	42.000000	38.000000	6	0.781250	3.125000	0.045000	0.000000	3.290000	2.760000	-3.125000	2.343750	0.000000	0	0	0	
380688	736	0.000000	3.170000	2.680000	1.530000	0.340000	41.000000	38.000000	6	0.781250	3.125000	0.045000	0.000000	3.040000	2.610000	-3.125000	2.343750	0.000000	0	0	0	
380875	738	0.000000	3.070000	2.640000	1.520000	0.340000	41.000000	38.000000	6	0.781250	3.125000	0.045000	0.000000	2.990000	2.580000	-3.125000	2.343750	0.000000	0	0	0	
381094	734	0.000000	3.060000	2.620000	1.520000	0.340000	41.000000	38.000000	6	0.781250	0.781250	0.045000	0.000000	3.030000	2.600000	-3.125000	-0.781250	0.000000	0	0	0	
381328	729	0.000000	3.010000	2.580000	1.520000	0.340000	42.000000	38.000000	6	0.781250	0.781250	0.045000	0.000000	3.010000	2.590000	-3.125000	-0.781250	0.000000	0	0	0	
381547	728	0.000000	3.070000	2.630000	1.510000	0.340000	42.000000	38.000000	6	0.781250	0.781250	0.045000	0.000000	3.020000	2.580000	-3.125000	-0.781250	0.000000	0	0	0	
381734	724	0.000000	3.060000	2.610000	1.500000	0.340000	42.000000	38.000000	6	0.781250	0.781250	0.045000	0.000000	3.010000	2.570000	-3.125000	-0.781250	0.000000	0	0	0	
381938	724	0.000000	3.010000	2.580000	1.520000	0.340000	42.000000	38.000000	6	0.781250	0.781250	0.045000	0.000000	3.080000	2.620000	-3.125000	-0.781250	0.000000	0	0	0	
382125	721	0.000000	3.020000	2.600000	1.520000	0.340000	42.000000	38.000000	6	0.781250	0.781250	0.050000	0.000000	3.080000	2.640000	-3.125000	0.000000	0.000000	0	0	0	
382344	718	0.000000	3.150000	2.670000	1.520000	0.350000	42.000000	38.000000	6	0.781250	0.781250	0.050000	0.000000	3.160000	2.680000	-3.125000	0.000000	0.000000	0	0	0	
382547	718	0.000000	3.210000	2.710000	1.510000	0.350000	42.000000	39.000000	6	0.781250	0.781250	0.050000	0.000000	3.150000	2.680000	-3.125000	0.000000	0.000000	0	0	0	
382719	720	0.000000	3.150000	2.670000	1.510000	0.350000	42.000000	38.000000	6	0.781250	0.781250	0.050000	0.000000	3.170000	2.700000	-3.125000	0.000000	0.000000	0	0	0	
382922	726	0.000000	3.170000	2.670000	1.520000	0.350000	42.000000	39.000000	6	0.781250	0.781250	0.050000	0.000000	3.180000	2.680000	-3.125000	0.000000	0.000000	0	0	0	
383109	734	0.000000	3.070000	2.640000	1.520000	0.340000	41.000000	39.000000	6	0.781250	0.781250	0.050000	0.000000	3.180000	2.670000	-3.125000	0.000000	0.000000	0	0	0	
383313	734	0.000000	3.170000	2.680000	1.510000	0.340000	41.000000	38.000000	6	0.781250	3.125000	0.055000	0.000000	3.070000	2.630000	-3.125000	1.562500	0.000000	0	0	0	
383547	731	0.000000	3.070000	2.620000	1.500000	0.340000	42.000000	38.000000	6	0.781250	3.125000	0.055000	0.000000	3.180000	2.660000	-3.125000	1.562500	0.000000	0	0	0	
383766	726	0.000000	3.060000	2.610000	1.500000	0.340000	41.000000	39.000000	6	0.781250	3.125000	0.055000	0.000000	3.170000	2.650000	-3.125000	1.562500	0.000000	0	0	0	
383969	724	0.000000	3.090000	2.640000	1.500000	0.340000	41.000000	39.000000	6	0.781250	3.125000	0.055000	0.000000	3.060000	2.610000	-3.125000	1.562500	0.000000	0	0	0	
384328	710	0.000000	3.090000	2.630000	1.510000	0.340000	41.000000	39.000000	6	0.781250	3.125000	0.055000	0.000000	3.080000	2.620000	-3.125000	1.562500	0.000000	0	0	0	
384516	705	0.000000	3.060000	2.620000	1.510000	0.340000	41.000000	39.000000	6	0.781250	3.125000	0.055000	0.000000	3.150000	2.690000	-3.125000	1.562500	0.000000	0	0	0	
384766	703	0.000000	3.140000	2.680000	1.520000	0.340000	41.000000	39.000000	6	0.781250	3.125000	0.055000	0.000000	3.090000	2.640000	-3.125000	1.562500	0.000000	0	0	0	
384922	703	0.000000	3.140000	2.680000	1.510000	0.340000	42.000000	39.000000	6	0.781250	3.125000	0.055000	0.000000	3.080000	2.640000	-3.125000	1.562500	0.000000	0	0	0	
385172	707	0.000000	3.130000	2.650000	1.500000	0.350000	42.000000	39.000000	6	0.781250	3.125000	0.055000	0.000000	3.100000	2.640000	-3.125000	1.562500	0.000000	0	0	0	
385391	712	0.000000	3.150000	2.650000	1.510000	0.340000	42.000000	39.000000	6	0.781250	3.906250	0.060000	0.000000	3.190000	2.680000	-3.125000	2.343750	0.000000	0	0	0	
385594	716	0.000000	3.180000	2.690000	1.500000	0.340000	42.000000	39.000000	6	0.781250	3.906250	0.060000	0.000000	3.110000	2.640000	-3.125000	2.343750	0.000000	0	0	0	
385781	716	0.000000	3.190000	2.690000	1.500000	0.340000	41.000000	39.000000	6	0.781250	3.906250	0.060000	0.000000	3.150000	2.650000	-3.125000	2.343750	0.000000	0	0	0	
385969	715	0.000000	3.080000	2.630000	1.500000	0.340000	41.000000	39.000000	6	0.781250	3.906250	0.060000	0.000000	3.150000	2.660000	-3.125000	2.343750	0.000000	0	0	0	
386172	712	0.000000	3.070000	2.600000	1.510000	0.340000	41.000000	39.000000	6	0.781250	3.906250	0.060000	0.000000	3.170000	2.660000	-3.125000	2.343750	0.000000	0	0	0	
386375	710	0.000000	3.110000	2.640000	1.500000	0.340000	42.000000	39.000000	6	0.781250	3.906250	0.060000	0.000000	3.060000	2.610000	-3.125000	2.343750	0.000000	0	0	0	
386578	708	0.000000	3.070000	2.640000	1.500000	0.340000	41.000000	39.000000	6	0.781250	3.906250	0.060000	0.000000	3.050000	2.620000	-3.125000	2.343750	0.000000	0	0	0	
386797	710	0.000000	3.040000	2.610000	1.520000	0.340000	41.000000	39.000000	6	0.781250	3.906250	0.060000	0.000000	3.120000	2.660000	-3.125000	2.343750	0.000000	0	0	0	
387016	705	0.000000	3.040000	2.600000	1.510000	0.340000	42.000000	39.000000	6	0.781250	3.906250	0.060000	0.000000	3.110000	2.660000	-3.125000	2.343750	0.000000	0	0	0	
387203	704	0.000000	3.080000	2.650000	1.510000	0.350000	42.000000	39.000000	6	0.781250	3.906250	0.060000	0.000000	3.050000	2.610000	-3.125000	2.343750	0.000000	0	0	0	
387406	700	0.000000	3.080000	2.650000	1.520000	0.340000	42.000000	39.000000	6	0.781250	3.906250	0.060000	0.000000	3.040000	2.600000	-3.125000	2.343750	0.000000	0	0	0	
387625	695	0.000000	3.050000	2.610000	1.510000	0.340000	41.000000	39.000000	6	0.781250	3.906250	0.065000	0.000000	3.120000	2.660000	-3.125000	2.343750	0.000000	0	0	0	
387828	685	0.000000	3.020000	2.590000	1.500000	0.340000	42.000000	39.000000	6	0.781250	3.906250	0.065000	0.000000	3.080000	2.640000	-3.125000	2.343750	0.000000	0	0	0	
388016	681	0.000000	3.080000	2.620000	1.500000	0.340000	42.000000	39.000000	6	0.781250	3.906250	0.065000	0.000000	3.030000	2.590000	-3.125000	2.343750	0.000000	0	0	0	
388219	675	0.000000	3.100000	2.640000	1.510000	0.340000	42.000000	39.000000	6	0.781250	3.906250	0.065000	0.000000	3.060000	2.600000	-3.125000	2.343750	0.000000	0	0	0	
388563	668	0.000000	3.030000	2.600000	1.520000	0.340000	41.000000	39.000000	6	0.781250	3.906250	0.065000	0.000000	3.120000	2.660000	-3.125000	2.343750	0.000000	0	0	0	
388781	666	0.000000	2.980000	2.570000	1.510000	0.340000	41.000000	39.000000	6	0.781250	3.906250	0.065000	0.000000	3.010000	2.590000	-3.125000	3.125000	0.000000	0	0	0	
388984	660	0.000000	2.980000	2.580000	1.520000	0.340000	42.000000	39.000000	6	0.781250	3.906250	0.065000	0.000000	2.970000	2.560000	-3.125000	3.125000	0.000000	0	0	0	
389188	647	0.000000	2.990000	2.560000	1.510000	0.340000	42.000000	39.000000	6	0.781250	3.906250	0.065000	0.000000	3.020000	2.590000	-3.125000	3.125000	0.000000	0	0	0	
389406	635	0.000000	2.990000	2.560000	1.510000	0.340000	42.000000	39.000000	6	0.781250	3.906250	0.065000	0.000000	3.070000	2.620000	-3.125000	3.125000	0.000000	0	0	0	
389641	621	0.000000	3.060000	2.610000	1.510000	0.340000	42.000000	39.000000	6	0.781250	3.906250	0.065000	0.000000	3.050000	2.600000	-3.125000	3.125000	0.000000	0	0	0	
389875	600	0.000000	3.060000	2.610000	1.510000	0.340000	42.000000	39.000000	6	0.781250	3.125000	0.070000	0.000000	3.030000	2.600000	-3.125000	2.343750	0.000000	0	0	0	
390109	589	0.000000	3.080000	2.630000	1.500000	0.340000	42.000000	39.000000	6	0.781250	3.125000	0.070000	0.000000	3.190000	2.700000	-3.125000	2.343750	0.000000	0	0	0	
390281	584	0.000000	3.150000	2.680000	1.510000	0.340000	42.000000	39.000000	6	0.781250	3.125000	0.070000	0.000000	3.260000	2.760000	-3.125000	2.343750	0.000000	0	0	0	
390469	584	0.000000	3.250000	2.760000	1.500000	0.350000	42.000000	39.000000	6	0.781250	3.125000	0.070000	0.000000	3.240000	2.760000	-3.125000	2.343750	0.000000	0	0	0	
390703	583	0.000000	3.310000	2.810000	1.510000	0.350000	42.000000	39.000000	6	0.781250	3.125000	0.070000	0.000000	3.320000	2.800000	-3.125000	2.343750	0.000000	0	0	0	
390906	584	0.000000	3.270000	2.780000	1.500000	0.360000	42.000000	39.000000	6	0.781250	2.343750	0.075000	0.000000	3.360000	2.860000	-3.125000	0.781250	0.000000	0	0	0	
391109	583	0.000000	3.270000	2.790000	1.510000	0.360000	42.000000	39.000000	6	0.781250	2.343750	0.075000	0.000000	3.350000	2.850000	-3.125000	0.781250	0.000000	0	0	0	
391328	585	0.000000	3.350000	2.850000	1.500000	0.360000	42.000000	39.000000	6	0.781250	2.343750	0.075000	0.000000	3.300000	2.810000	-3.125000	0.781250	0.000000	0	0	0	
391516	587	0.000000	3.360000	2.860000	1.500000	0.360000	42.000000	39.000000	6	0.781250	2.343750	0.075000	0.000000	3.300000	2.800000	-3.125000	0.781250	0.000000	0	0	0	
391734	591	0.000000	3.310000	2.800000	1.500000	0.360000	42.000000	39.000000	6	0.781250	2.343750	0.075000	0.000000	3.340000	2.840000	-3.125000	0.781250	0.000000	0	0	0	
391953	591	0.000000	3.260000	2.780000	1.500000	0.360000	42.000000	39.000000	6	0.781250	-0.781250	0.080000	0.000000	3.340000	2.830000	-3.125000	-1.562500	0.000000	0	0	0	
392156	590	0.000000	3.330000	2.820000	1.500000	0.360000	42.000000	39.000000	6	0.781250	-0.781250	0.080000	0.000000	3.270000	2.780000	-3.125000	-1.562500	0.000000	0	0	0	
392359	592	0.000000	3.310000	2.800000	1.500000	0.360000	42.000000	39.000000	6	0.781250	-0.781250	0.080000	0.000000	3.240000	2.750000	-3.125000	-1.562500	0.000000	0	0	0	
392547	593	0.000000	3.220000	2.730000	1.500000	0.360000	42.000000	39.000000	6	0.781250	-0.781250	0.080000	0.000000	3.280000	2.790000	-3.125000	-1.562500	0.000000	0	0	0	
392891	593	0.000000	3.250000	2.760000	1.500000	0.360000	42.000000	39.000000	6	0.781250	-0.781250	0.080000	0.000000	3.210000	2.720000	-3.125000	-1.562500	0.000000	0	0	0	
393094	592	0.000000	3.240000	2.750000	1.500000	0.360000	42.000000	39.000000	6	0.781250	-3.125000	0.095000	0.000000	3.220000	2.720000	-3.125000	-3.906250	0.000000	0	0	0	
393313	590	0.000000	3.200000	2.700000	1.500000	0.360000	42.000000	39.000000	6	0.781250	-3.125000	0.095000	0.000000	3.260000	2.770000	-3.125000	-3.906250	0.000000	0	0	0	
393500	593	0.000000	3.200000	2.710000	1.500000	0.360000	42.000000	39.000000	6	0.781250	-3.125000	0.095000	0.000000	3.270000	2.780000	-3.125000	-3.906250	0.000000	0	0	0	
393703	592	0.000000	3.240000	2.750000	1.500000	0.360000	42.000000	39.000000	6	0.781250	-3.125000	0.095000	0.000000	3.210000	2.720000	-3.125000	-3.906250	0.000000	0	0	0	
393891	592	0.000000	3.240000	2.750000	1.500000	0.360000	42.000000	39.000000	6	0.781250	-3.125000	0.095000	0.000000	3.220000	2.730000	-3.125000	-3.906250	0.000000	0	0	0	
394078	591	0.000000	3.210000	2.720000	1.500000	0.360000	42.000000	39.000000	6	0.781250	-3.125000	0.125000	0.000000	3.280000	2.790000	-3.125000	-3.906250	0.000000	0	0	0	
394281	591	0.000000	3.200000	2.710000	1.500000	0.370000	42.000000	39.000000	6	0.781250	-3.125000	0.125000	0.000000	3.270000	2.780000	-3.125000	-3.906250	0.000000	0	0	0	
394469	592	0.000000	3.250000	2.760000	1.500000	0.360000	43.000000	39.000000	6	0.781250	-3.125000	0.125000	0.000000	3.230000	2.730000	-3.125000	-3.906250	0.000000	0	0	0	
394672	594	0.000000	3.240000	2.750000	1.500000	0.360000	43.000000	39.000000	6	0.781250	-3.125000	0.125000	0.000000	3.220000	2.730000	-3.125000	-3.906250	0.000000	0	0	0	
394844	594	0.000000	3.200000	2.710000	1.500000	0.360000	43.000000	39.000000	6	0.781250	-3.125000	0.125000	0.000000	3.270000	2.780000	-3.125000	-3.906250	0.000000	0	0	0	
395063	595	0.000000	3.200000	2.700000	1.500000	0.360000	43.000000	39.000000	6	0.781250	-3.125000	0.125000	0.000000	3.270000	2.780000	-3.125000	-3.906250	0.000000	0	0	0	
395266	596	0.000000	3.240000	2.750000	1.500000	0.360000	42.000000	39.000000	6	0.781250	-3.125000	0.260000	0.000000	3.220000	2.730000	-3.125000	-3.906250	0.000000	0	0	0	
395422	596	0.000000	3.240000	2.750000	1.500000	0.360000	42.000000	39.000000	6	0.781250	-3.125000	0.260000	0.000000	3.210000	2.720000	-3.125000	-3.906250	0.000000	0	0	0	
395656	598	0.000000	3.160000	2.690000	1.500000	0.370000	43.000000	39.000000	6	0.781250	-3.125000	0.260000	0.000000	3.260000	2.770000	-3.125000	-3.906250	0.000000	0	0	0	
395859	596	0.000000	3.210000	2.710000	1.500000	0.370000	43.000000	39.000000	6	0.781250	-3.125000	0.260000	0.000000	3.290000	2.790000	-3.125000	-3.906250	0.000000	0	0	0	
396047	596	0.000000	3.260000	2.760000	1.490000	0.370000	42.000000	39.000000	6	0.781250	-3.125000	0.260000	0.000000	3.230000	2.740000	-3.125000	-3.906250	0.000000	0	0	0	
396250	596	0.000000	3.290000	2.790000	1.500000	0.370000	43.000000	39.000000	6	0.781250	-3.125000	0.630000	0.000000	3.260000	2.760000	-3.125000	-3.906250	0.000000	0	0	0	
396453	612	0.000000	3.230000	2.730000	1.480000	0.400000	42.000000	39.000000	6	0.781250	-2.343750	0.630000	0.000000	3.460000	2.920000	-3.125000	-3.125000	0.000000	0	0	0	
396672	638	0.000000	5.510000	4.420000	1.460000	0.540000	43.000000	39.000000	6	0.781250	-2.343750	0.630000	0.000000	5.550000	4.620000	-3.125000	-3.125000	0.000000	0	0	0	
397047	987	0.000000	5.760000	4.540000	1.480000	0.530000	43.000000	39.000000	6	0.781250	-2.343750	0.630000	0.000000	5.660000	4.230000	-3.125000	-3.125000	0.000000	0	0	0	
397250	1162	0.000000	5.450000	4.040000	1.470000	0.510000	43.000000	39.000000	6	0.781250	-2.343750	0.630000	0.000000	4.990000	3.970000	-3.125000	-3.125000	0.000000	0	0	0	
397438	1248	0.000000	4.710000	3.590000	1.470000	0.500000	43.000000	39.000000	6	0.781250	-0.781250	0.145000	0.000000	4.680000	3.540000	-3.125000	-2.343750	0.005000	0	0	0	
397641	1249	0.000000	4.660000	3.480000	1.480000	0.510000	43.000000	39.000000	6	0.781250	-0.781250	0.145000	0.000000	4.240000	3.230000	-3.125000	-2.343750	0.005000	0	0	0	
397875	1196	0.000000	5.430000	4.100000	1.470000	0.570000	43.000000	39.000000	6	0.781250	-0.781250	0.145000	0.000000	4.870000	3.860000	-3.125000	-2.343750	0.005000	0	0	0	
398063	1232	0.000000	5.620000	4.520000	1.460000	0.580000	43.000000	39.000000	6	0.781250	-0.781250	0.145000	0.000000	5.610000	4.400000	-3.125000	-2.343750	0.005000	0	0	0	
398281	1252	0.000000	5.640000	4.560000	1.460000	0.570000	43.000000	39.000000	6	0.781250	-0.781250	0.145000	0.000000	5.570000	4.330000	-3.125000	-2.343750	0.005000	0	0	0	
398469	1169	0.000000	5.630000	4.120000	1.490000	0.540000	43.000000	39.000000	6	0.781250	9.375000	0.075000	0.000000	5.460000	4.100000	-3.125000	3.125000	0.025000	0	0	0	
398672	979	0.000000	4.600000	3.410000	1.490000	0.450000	43.000000	39.000000	6	0.781250	9.375000	0.075000	0.000000	4.540000	3.350000	-3.125000	3.125000	0.025000	0	0	0	
398906	986	0.000000	4.600000	3.390000	1.500000	0.390000	43.000000	39.000000	6	0.781250	9.375000	0.075000	0.000000	4.210000	3.100000	-3.125000	3.125000	0.025000	0	0	0	
399109	976	0.000000	3.440000	2.690000	1.510000	0.350000	43.000000	39.000000	6	0.781250	9.375000	0.075000	0.000000	2.910000	2.430000	-3.125000	3.125000	0.025000	0	0	0	
399313	976	0.000000	3.080000	2.510000	1.500000	0.330000	43.000000	39.000000	6	0.781250	9.375000	0.075000	0.000000	2.780000	2.320000	-3.125000	3.125000	0.025000	0	0	0	
399500	950	0.000000	2.740000	2.260000	1.500000	0.320000	43.000000	39.000000	6	0.781250	0.000000	0.665000	0.000000	2.730000	2.250000	-3.125000	-4.687500	0.030000	0	0	0	
399688	870	0.000000	2.700000	2.220000	1.510000	0.320000	43.000000	39.000000	6	0.781250	0.000000	0.665000	0.000000	2.710000	2.230000	-3.125000	-4.687500	0.030000	0	0	0	
399875	857	0.000000	2.760000	2.280000	1.500000	0.320000	43.000000	39.000000	6	0.781250	0.000000	0.665000	0.000000	2.720000	2.240000	-3.125000	-4.687500	0.030000	0	0	0	
400094	838	0.000000	2.760000	2.320000	1.500000	0.330000	44.000000	39.000000	6	0.781250	0.000000	0.665000	0.000000	2.750000	2.300000	-3.125000	-4.687500	0.030000	0	0	0	
400297	805	0.000000	2.770000	2.340000	1.490000	0.330000	44.000000	39.000000	6	0.781250	0.000000	0.665000	0.000000	2.780000	2.340000	-3.125000	-4.687500	0.030000	0	0	0	
400516	789	0.000000	2.790000	2.370000	1.490000	0.330000	44.000000	39.000000	6	0.781250	0.000000	0.665000	0.000000	2.900000	2.470000	-3.125000	-4.687500	0.030000	0	0	0	
400719	773	0.000000	2.830000	2.400000	1.500000	0.330000	44.000000	39.000000	6	0.781250	-1.562500	0.805000	0.000000	2.970000	2.520000	-3.125000	1.562500	0.030000	0	0	0	
400906	745	0.000000	2.910000	2.480000	1.480000	0.340000	44.000000	39.000000	6	0.781250	-1.562500	0.805000	0.000000	2.980000	2.530000	-3.125000	1.562500	0.030000	0	0	0	
401297	737	0.000000	2.990000	2.540000	1.500000	0.340000	44.000000	39.000000	6	0.781250	-1.562500	0.805000	0.000000	3.210000	2.660000	-3.125000	1.562500	0.030000	0	0	0	
401484	735	0.000000	3.030000	2.580000	1.490000	0.340000	44.000000	39.000000	6	0.781250	-1.562500	0.805000	0.000000	3.240000	2.700000	-3.125000	1.562500	0.030000	0	0	0	
401688	734	0.000000	3.070000	2.600000	1.490000	0.340000	44.000000	39.000000	6	0.781250	-1.562500	0.800000	0.000000	3.110000	2.640000	-3.125000	1.562500	0.030000	0	0	0	
401906	737	0.000000	3.090000	2.610000	1.490000	0.340000	44.000000	39.000000	6	0.781250	0.781250	0.800000	0.000000	3.250000	2.690000	-3.125000	3.906250	0.030000	0	0	0	
402125	738	0.000000	3.050000	2.600000	1.480000	0.350000	44.000000	39.000000	6	0.781250	0.781250	0.800000	0.000000	3.240000	2.690000	-3.125000	3.906250	0.030000	0	0	0	
402344	740	0.000000	3.040000	2.580000	1.490000	0.340000	44.000000	39.000000	6	0.781250	0.781250	0.800000	0.000000	3.210000	2.650000	-3.125000	3.906250	0.030000	0	0	0	
402547	744	0.000000	3.110000	2.640000	1.490000	0.340000	44.000000	39.000000	6	0.781250	0.781250	0.800000	0.000000	3.220000	2.660000	-3.125000	3.906250	0.030000	0	0	0	
402750	744	0.000000	3.070000	2.600000	1.500000	0.340000	44.000000	39.000000	6	0.781250	0.781250	0.770000	0.000000	3.210000	2.670000	-3.125000	3.906250	0.025000	0	0	0	
402953	743	0.000000	3.050000	2.600000	1.490000	0.340000	44.000000	39.000000	6	0.781250	0.781250	0.770000	0.000000	3.210000	2.670000	-3.125000	1.562500	0.025000	0	0	0	
403156	737	0.000000	3.070000	2.600000	1.500000	0.340000	44.000000	39.000000	6	0.781250	0.781250	0.770000	0.000000	3.100000	2.620000	-3.125000	1.562500	0.025000	0	0	0	
403359	733	0.000000	3.210000	2.660000	1.490000	0.350000	44.000000	39.000000	6	0.781250	0.781250	0.770000	0.000000	3.100000	2.630000	-3.125000	1.562500	0.025000	0	0	0	
403547	732	0.000000	3.090000	2.630000	1.490000	0.350000	44.000000	39.000000	6	0.781250	0.781250	0.770000	0.000000	3.110000	2.640000	-3.125000	1.562500	0.025000	0	0	0	
403734	733	0.000000	3.110000	2.640000	1.480000	0.350000	44.000000	39.000000	6	0.781250	0.781250	0.770000	0.000000	3.210000	2.670000	-3.125000	1.562500	0.025000	0	0	0	
403953	735	0.000000	3.090000	2.630000	1.490000	0.340000	44.000000	39.000000	6	0.781250	2.343750	0.720000	0.000000	3.090000	2.620000	-3.125000	1.562500	0.025000	0	0	0	
404125	738	0.000000	3.210000	2.670000	1.490000	0.340000	44.000000	39.000000	6	0.781250	2.343750	0.720000	0.000000	3.090000	2.610000	-3.125000	1.562500	0.025000	0	0	0	
404328	736	0.000000	3.210000	2.660000	1.490000	0.340000	44.000000	39.000000	6	0.781250	2.343750	0.720000	0.000000	3.100000	2.620000	-3.125000	1.562500	0.025000	0	0	0	
404547	743	0.000000	3.070000	2.600000	1.490000	0.340000	45.000000	39.000000	6	0.781250	2.343750	0.720000	0.000000	3.110000	2.640000	-3.125000	1.562500	0.025000	0	0	0	
404766	745	0.000000	3.200000	2.650000	1.490000	0.340000	44.000000	39.000000	6	0.781250	2.343750	0.720000	0.000000	3.070000	2.600000	-3.125000	1.562500	0.025000	0	0	0	
404953	740	0.000000	3.080000	2.620000	1.490000	0.340000	44.000000	39.000000	6	0.781250	2.343750	0.720000	0.000000	3.030000	2.570000	-3.125000	1.562500	0.025000	0	0	0	
405172	740	0.000000	3.020000	2.560000	1.490000	0.340000	44.000000	39.000000	6	0.781250	3.125000	0.660000	0.000000	3.010000	2.560000	-3.125000	2.343750	0.025000	0	0	0	
405547	731	0.000000	3.080000	2.600000	1.490000	0.340000	45.000000	39.000000	6	0.781250	3.125000	0.660000	0.000000	3.020000	2.560000	-3.125000	2.343750	0.025000	0	0	0	
405734	730	0.000000	3.050000	2.590000	1.500000	0.340000	44.000000	39.000000	6	0.781250	3.125000	0.660000	0.000000	3.030000	2.580000	-3.125000	2.343750	0.025000	0	0	0	
405922	723	0.000000	3.020000	2.570000	1.500000	0.340000	45.000000	39.000000	6	0.781250	3.125000	0.660000	0.000000	2.990000	2.540000	-3.125000	2.343750	0.025000	0	0	0	
406141	712	0.000000	2.960000	2.510000	1.500000	0.340000	44.000000	39.000000	6	0.781250	4.687500	0.635000	0.000000	3.000000	2.540000	-3.125000	3.906250	0.025000	0	0	0	
406359	703	0.000000	2.990000	2.540000	1.490000	0.340000	45.000000	39.000000	6	0.781250	4.687500	0.635000	0.000000	2.980000	2.530000	-3.125000	3.906250	0.025000	0	0	0	
406563	692	0.000000	3.000000	2.550000	1.500000	0.340000	45.000000	39.000000	6	0.781250	4.687500	0.635000	0.000000	2.990000	2.540000	-3.125000	3.906250	0.025000	0	0	0	
406766	684	0.000000	3.020000	2.570000	1.490000	0.340000	44.000000	39.000000	6	0.781250	4.687500	0.635000	0.000000	3.090000	2.620000	-3.125000	3.906250	0.025000	0	0	0	
407016	673	0.000000	3.010000	2.560000	1.490000	0.340000	45.000000	39.000000	6	0.781250	4.687500	0.635000	0.000000	3.080000	2.610000	-3.125000	3.906250	0.025000	0	0	0	
407203	666	0.000000	3.090000	2.620000	1.490000	0.340000	45.000000	39.000000	6	0.781250	5.468750	0.480000	0.000000	3.090000	2.620000	-3.125000	4.687500	0.025000	0	0	0	
407406	657	0.000000	3.100000	2.630000	1.500000	0.340000	45.000000	39.000000	6	0.781250	5.468750	0.480000	0.000000	3.050000	2.600000	-3.125000	4.687500	0.025000	0	0	0	
407578	646	0.000000	3.080000	2.610000	1.500000	0.340000	45.000000	39.000000	6	0.781250	5.468750	0.480000	0.000000	3.080000	2.610000	-3.125000	4.687500	0.025000	0	0	0	
407828	644	0.000000	3.110000	2.640000	1.490000	0.340000	45.000000	39.000000	6	0.781250	5.468750	0.480000	0.000000	3.160000	2.690000	-3.125000	4.687500	0.025000	0	0	0	
408031	648	0.000000	3.210000	2.720000	1.500000	0.340000	45.000000	39.000000	6	0.781250	5.468750	0.480000	0.000000	3.170000	2.690000	-3.125000	4.687500	0.025000	0	0	0	
408234	654	0.000000	3.240000	2.740000	1.490000	0.340000	45.000000	39.000000	6	0.781250	5.468750	0.160000	0.000000	3.180000	2.690000	-3.125000	3.906250	0.030000	0	0	0	
408438	658	0.000000	3.200000	2.710000	1.500000	0.340000	45.000000	39.000000	6	0.781250	5.468750	0.160000	0.000000	3.240000	2.740000	-3.125000	3.906250	0.030000	0	0	0	
408656	660	0.000000	3.230000	2.720000	1.490000	0.340000	45.000000	39.000000	6	0.781250	5.468750	0.160000	0.000000	3.230000	2.730000	-3.125000	3.906250	0.030000	0	0	0	
408844	670	0.000000	3.250000	2.740000	1.490000	0.340000	45.000000	39.000000	6	0.781250	5.468750	0.160000	0.000000	3.210000	2.710000	-3.125000	3.906250	0.030000	0	0	0	
409031	673	0.000000	3.220000	2.720000	1.490000	0.340000	45.000000	39.000000	6	0.781250	5.468750	0.160000	0.000000	3.150000	2.680000	-3.125000	3.906250	0.030000	0	0	0	
409250	674	0.000000	3.140000	2.650000	1.490000	0.340000	46.000000	39.000000	6	0.781250	5.468750	0.160000	0.000000	3.150000	2.670000	-3.125000	3.906250	0.030000	0	0	0	
409484	678	0.000000	3.090000	2.610000	1.490000	0.340000	45.000000	39.000000	6	0.781250	3.125000	0.675000	0.000000	3.150000	2.660000	-3.125000	0.781250	0.030000	0	0	0	
409828	684	0.000000	3.040000	2.590000	1.500000	0.340000	45.000000	39.000000	6	0.781250	3.125000	0.675000	0.000000	3.000000	2.540000	-3.125000	0.781250	0.030000	0	0	0	
410047	692	0.000000	2.990000	2.540000	1.500000	0.340000	45.000000	39.000000	6	0.781250	3.125000	0.675000	0.000000	3.020000	2.570000	-3.125000	0.781250	0.030000	0	0	0	
410234	693	0.000000	2.980000	2.520000	1.490000	0.340000	45.000000	39.000000	6	0.781250	3.125000	0.675000	0.000000	3.000000	2.550000	-3.125000	0.781250	0.030000	0	0	0	
410469	689	0.000000	2.990000	2.530000	1.500000	0.340000	46.000000	39.000000	6	0.781250	-0.781250	0.750000	0.000000	2.970000	2.510000	-3.125000	-1.562500	0.030000	0	0	0	
410672	692	0.000000	2.980000	2.520000	1.480000	0.340000	46.000000	39.000000	6	0.781250	-0.781250	0.750000	0.000000	2.930000	2.500000	-3.125000	-1.562500	0.030000	0	0	0	
410906	692	0.000000	2.930000	2.490000	1.500000	0.340000	46.000000	39.000000	6	0.781250	-0.781250	0.750000	0.000000	2.980000	2.530000	-3.125000	-1.562500	0.030000	0	0	0	
411109	697	0.000000	2.920000	2.480000	1.480000	0.340000	46.000000	39.000000	6	0.781250	-0.781250	0.750000	0.000000	2.990000	2.540000	-3.125000	-1.562500	0.030000	0	0	0	
411297	700	0.000000	2.930000	2.500000	1.500000	0.340000	45.000000	39.000000	6	0.781250	-0.781250	0.750000	0.000000	2.930000	2.490000	-3.125000	-1.562500	0.030000	0	0	0	
411516	699	0.000000	2.920000	2.490000	1.490000	0.340000	46.000000	39.000000	6	0.781250	-1.562500	0.775000	0.000000	2.980000	2.530000	-3.125000	-0.781250	0.030000	0	0	0	
411719	699	0.000000	2.900000	2.450000	1.500000	0.340000	46.000000	39.000000	6	0.781250	-1.562500	0.775000	0.000000	2.980000	2.520000	-3.125000	-0.781250	0.030000	0	0	0	
411922	698	0.000000	2.910000	2.480000	1.480000	0.340000	46.000000	39.000000	6	0.781250	-1.562500	0.775000	0.000000	3.010000	2.550000	-3.125000	-0.781250	0.030000	0	0	0	
412094	698	0.000000	2.980000	2.520000	1.480000	0.340000	46.000000	39.000000	6	0.781250	-1.562500	0.775000	0.000000	2.990000	2.540000	-3.125000	-0.781250	0.030000	0	0	0	
412313	698	0.000000	2.980000	2.530000	1.490000	0.340000	46.000000	39.000000	6	0.781250	-1.562500	0.775000	0.000000	3.000000	2.540000	-3.125000	-0.781250	0.030000	0	0	0	
412500	698	0.000000	2.980000	2.530000	1.490000	0.340000	46.000000	39.000000	6	0.781250	-1.562500	0.770000	0.000000	3.070000	2.600000	-3.125000	-0.781250	0.030000	0	0	0	
412719	705	0.000000	2.980000	2.520000	1.490000	0.340000	46.000000	39.000000	6	0.781250	-1.562500	0.770000	0.000000	3.030000	2.580000	-3.125000	0.781250	0.030000	0	0	0	
412906	711	0.000000	3.020000	2.570000	1.490000	0.340000	46.000000	39.000000	6	0.781250	-1.562500	0.770000	0.000000	3.030000	2.590000	-3.125000	0.781250	0.030000	0	0	0	
413141	715	0.000000	3.020000	2.570000	1.490000	0.340000	46.000000	39.000000	6	0.781250	-1.562500	0.770000	0.000000	3.040000	2.590000	-3.125000	0.781250	0.030000	0	0	0	
413344	719	0.000000	2.980000	2.520000	1.490000	0.340000	46.000000	39.000000	6	0.781250	-1.562500	0.770000	0.000000	3.090000	2.620000	-3.125000	0.781250	0.030000	0	0	0	
413547	720	0.000000	3.010000	2.560000	1.490000	0.340000	46.000000	39.000000	6	0.781250	-1.562500	0.770000	0.000000	3.040000	2.590000	-3.125000	0.781250	0.030000	0	0	0	
413750	719	0.000000	3.010000	2.560000	1.490000	0.340000	46.000000	39.000000	6	0.781250	-0.781250	0.740000	0.000000	3.020000	2.570000	-3.125000	1.562500	0.030000	0	0	0	
414109	733	0.000000	2.980000	2.520000	1.490000	0.340000	46.000000	39.000000	6	0.781250	-0.781250	0.740000	0.000000	3.050000	2.600000	-3.125000	1.562500	0.030000	0	0	0	
414328	736	0.000000	2.960000	2.500000	1.490000	0.340000	46.000000	39.000000	6	0.781250	-0.781250	0.740000	0.000000	3.040000	2.590000	-3.125000	1.562500	0.030000	0	0	0	
414547	733	0.000000	3.010000	2.540000	1.490000	0.340000	47.000000	39.000000	6	0.781250	-0.781250	0.740000	0.000000	3.030000	2.570000	-3.125000	1.562500	0.030000	0	0	0	
414734	733	0.000000	3.000000	2.540000	1.490000	0.340000	46.000000	39.000000	6	0.781250	-0.781250	0.740000	0.000000	3.010000	2.540000	-3.125000	1.562500	0.030000	0	0	0	
414938	735	0.000000	2.980000	2.520000	1.490000	0.340000	47.000000	39.000000	6	0.781250	0.781250	0.670000	0.000000	3.050000	2.590000	-3.125000	1.562500	0.030000	0	0	0	
415141	734	0.000000	3.000000	2.540000	1.490000	0.340000	46.000000	39.000000	6	0.781250	0.781250	0.670000	0.000000	3.030000	2.570000	-3.125000	1.562500	0.030000	0	0	0	
415344	735	0.000000	3.000000	2.540000	1.490000	0.340000	47.000000	39.000000	6	0.781250	0.781250	0.670000	0.000000	3.000000	2.540000	-3.125000	1.562500	0.030000	0	0	0	
415578	740	0.000000	2.990000	2.530000	1.480000	0.340000	47.000000	39.000000	6	0.781250	0.781250	0.670000	0.000000	3.020000	2.560000	-3.125000	1.562500	0.030000	0	0	0	
415766	738	0.000000	2.940000	2.490000	1.490000	0.340000	47.000000	39.000000	6	0.781250	0.781250	0.670000	0.000000	3.020000	2.550000	-3.125000	1.562500	0.030000	0	0	0	
415984	742	0.000000	2.980000	2.520000	1.480000	0.340000	47.000000	39.000000	6	0.781250	1.562500	0.630000	0.000000	2.970000	2.500000	-3.125000	1.562500	0.030000	0	0	0	
416188	745	0.000000	2.980000	2.520000	1.480000	0.340000	47.000000	39.000000	6	0.781250	1.562500	0.630000	0.000000	2.930000	2.500000	-3.125000	1.562500	0.030000	0	0	0	
416375	745	0.000000	2.990000	2.530000	1.490000	0.340000	46.000000	39.000000	6	0.781250	1.562500	0.630000	0.000000	3.010000	2.540000	-3.125000	1.562500	0.030000	0	0	0	
416578	741	0.000000	2.940000	2.500000	1.480000	0.340000	46.000000	39.000000	6	0.781250	1.562500	0.630000	0.000000	3.010000	2.540000	-3.125000	1.562500	0.030000	0	0	0	
416766	741	0.000000	2.990000	2.540000	1.490000	0.340000	47.000000	39.000000	6	0.781250	1.562500	0.630000	0.000000	3.010000	2.540000	-3.125000	1.562500	0.030000	0	0	0	
416969	742	0.000000	3.020000	2.550000	1.490000	0.340000	46.000000	39.000000	6	0.781250	3.906250	0.580000	0.000000	2.980000	2.530000	-3.125000	2.343750	0.035000	0	0	0	
417188	737	0.000000	3.030000	2.580000	1.480000	0.340000	46.000000	39.000000	6	0.781250	3.906250	0.580000	0.000000	3.040000	2.580000	-3.125000	2.343750	0.035000	0	0	0	
417422	742	0.000000	2.980000	2.510000	1.490000	0.340000	47.000000	39.000000	6	0.781250	3.906250	0.580000	0.000000	3.020000	2.560000	-3.125000	2.343750	0.035000	0	0	0	
417641	742	0.000000	2.980000	2.520000	1.490000	0.330000	47.000000	39.000000	6	0.781250	3.906250	0.580000	0.000000	2.970000	2.500000	-3.125000	2.343750	0.035000	0	0	0	
417828	741	0.000000	3.010000	2.550000	1.490000	0.330000	47.000000	39.000000	6	0.781250	3.906250	0.580000	0.000000	2.980000	2.530000	-3.125000	2.343750	0.035000	0	0	0	
418016	738	0.000000	2.980000	2.530000	1.490000	0.330000	47.000000	39.000000	6	0.781250	3.906250	0.580000	0.000000	3.020000	2.560000	-3.125000	2.343750	0.035000	0	0	0	
418375	737	0.000000	2.970000	2.520000	1.490000	0.330000	47.000000	39.000000	6	0.781250	6.250000	0.105000	0.000000	3.010000	2.550000	-3.125000	4.687500	0.035000	0	0	0	
418563	738	0.000000	3.020000	2.570000	1.490000	0.340000	47.000000	39.000000	6	0.781250	6.250000	0.105000	0.000000	2.980000	2.530000	-3.125000	4.687500	0.035000	0	0	0	
418781	735	0.000000	3.020000	2.560000	1.470000	0.340000	47.000000	39.000000	6	0.781250	6.250000	0.105000	0.000000	3.080000	2.610000	-3.125000	4.687500	0.035000	0	0	0	
418984	735	0.000000	3.040000	2.580000	1.480000	0.340000	47.000000	39.000000	6	0.781250	6.250000	0.105000	0.000000	3.060000	2.600000	-3.125000	4.687500	0.035000	0	0	0	
419172	729	0.000000	3.100000	2.620000	1.480000	0.340000	47.000000	39.000000	6	0.781250	7.031250	0.105000	0.000000	3.120000	2.640000	-3.125000	3.906250	0.035000	0	0	0	
419359	726	0.000000	3.120000	2.620000	1.490000	0.340000	47.000000	39.000000	6	0.781250	7.031250	0.105000	0.000000	3.040000	2.580000	-3.125000	3.906250	0.035000	0	0	0	
419563	724	0.000000	3.030000	2.570000	1.490000	0.330000	47.000000	39.000000	6	0.781250	7.031250	0.105000	0.000000	3.040000	2.580000	-3.125000	3.906250	0.035000	0	0	0	
419766	722	0.000000	3.020000	2.570000	1.480000	0.330000	47.000000	39.000000	6	0.781250	7.031250	0.105000	0.000000	3.030000	2.570000	-3.125000	3.906250	0.035000	0	0	0	
419953	716	0.000000	3.020000	2.570000	1.490000	0.330000	47.000000	39.000000	6	0.781250	7.031250	0.105000	0.000000	3.040000	2.580000	-3.125000	3.906250	0.035000	0	0	0	
420156	699	0.000000	3.070000	2.600000	1.490000	0.330000	47.000000	39.000000	6	0.781250	7.031250	0.105000	0.000000	3.010000	2.550000	-3.125000	3.906250	0.035000	0	0	0	
420344	693	0.000000	3.080000	2.610000	1.500000	0.330000	47.000000	39.000000	6	0.781250	6.250000	0.125000	0.000000	3.020000	2.560000	-3.125000	3.125000	0.035000	0	0	0	
420547	686	0.000000	2.970000	2.520000	1.490000	0.330000	47.000000	39.000000	6	0.781250	6.250000	0.125000	0.000000	2.970000	2.520000	-3.125000	3.125000	0.035000	0	0	0	
420734	676	0.000000	2.960000	2.550000	1.490000	0.330000	47.000000	39.000000	6	0.781250	6.250000	0.125000	0.000000	2.980000	2.530000	-3.125000	3.125000	0.035000	0	0	0	
420984	669	0.000000	3.000000	2.550000	1.490000	0.330000	47.000000	39.000000	6	0.781250	6.250000	0.125000	0.000000	2.980000	2.520000	-3.125000	3.125000	0.035000	0	0	0	
421203	660	0.000000	2.990000	2.550000	1.500000	0.330000	47.000000	39.000000	6	0.781250	6.250000	0.125000	0.000000	3.000000	2.550000	-3.125000	3.125000	0.035000	0	0	0	
421391	653	0.000000	2.970000	2.530000	1.500000	0.330000	47.000000	39.000000	6	0.781250	3.906250	0.695000	0.000000	3.010000	2.550000	-3.125000	0.781250	0.035000	0	0	0	
421625	636	0.000000	3.080000	2.610000	1.500000	0.340000	47.000000	39.000000	6	0.781250	3.906250	0.695000	0.000000	3.110000	2.630000	-3.125000	0.781250	0.035000	0	0	0	
421891	621	0.000000	3.240000	2.720000	1.490000	0.340000	47.000000	39.000000	6	0.781250	3.906250	0.695000	0.000000	3.100000	2.630000	-3.125000	0.781250	0.035000	0	0	0	
422094	622	0.000000	3.220000	2.700000	1.500000	0.340000	47.000000	39.000000	6	0.781250	3.906250	0.695000	0.000000	3.160000	2.720000	-3.125000	0.781250	0.035000	0	0	0	
422297	620	0.000000	3.220000	2.710000	1.490000	0.350000	48.000000	39.000000	6	0.781250	3.906250	0.695000	0.000000	3.260000	2.750000	-3.125000	0.781250	0.035000	0	0	0	
422641	627	0.000000	3.260000	2.760000	1.480000	0.350000	48.000000	39.000000	6	0.781250	0.000000	0.765000	0.000000	3.210000	2.710000	-3.125000	-1.562500	0.035000	0	0	0	
422891	626	0.000000	3.240000	2.730000	1.490000	0.350000	47.000000	39.000000	6	0.781250	0.000000	0.765000	0.000000	3.220000	2.720000	-3.125000	-1.562500	0.035000	0	0	0	
423453	618	0.000000	3.230000	2.730000	1.490000	0.350000	48.000000	39.000000	6	0.781250	0.000000	0.765000	0.000000	3.210000	2.710000	-3.125000	-1.562500	0.035000	0	0	0	
423891	617	0.000000	3.180000	2.680000	1.490000	0.360000	47.000000	39.000000	6	0.781250	-3.906250	0.790000	0.000000	3.290000	2.770000	-3.125000	-3.906250	0.040000	0	0	0	
424141	616	0.000000	3.230000	2.730000	1.480000	0.360000	47.000000	39.000000	6	0.781250	-3.906250	0.790000	0.000000	3.230000	2.730000	-3.125000	-3.906250	0.040000	0	0	0	
424406	619	0.000000	3.170000	2.690000	1.480000	0.370000	47.000000	39.000000	6	0.781250	-3.906250	0.790000	0.000000	3.290000	2.800000	-3.125000	-3.906250	0.040000	0	0	0	
424672	617	0.000000	3.170000	2.690000	1.490000	0.370000	48.000000	39.000000	6	0.781250	-6.250000	0.800000	0.000000	3.290000	2.800000	-3.125000	-4.687500	0.040000	0	0	0	
424922	626	0.000000	3.230000	2.730000	1.490000	0.370000	48.000000	39.000000	6	0.781250	-6.250000	0.800000	0.000000	3.240000	2.750000	-3.125000	-4.687500	0.040000	0	0	0	
425188	656	0.000000	4.150000	3.280000	1.470000	0.440000	48.000000	39.000000	6	0.781250	-6.250000	0.800000	0.000000	4.470000	3.470000	-3.125000	-4.687500	0.040000	0	0	0	
425438	666	0.000000	4.540000	3.550000	1.490000	0.470000	47.000000	39.000000	6	0.781250	-6.250000	0.800000	0.000000	4.650000	3.700000	-3.125000	-4.687500	0.040000	0	0	0	
425672	576	0.000000	4.690000	3.780000	1.470000	0.550000	47.000000	39.000000	6	0.781250	-4.687500	0.800000	0.000000	4.740000	3.850000	-3.125000	-2.343750	0.040000	0	0	0	
425938	526	0.000000	6.140000	5.200000	1.470000	0.610000	48.000000	39.000000	6	0.781250	-4.687500	0.800000	0.000000	6.640000	5.500000	-3.125000	-2.343750	0.040000	0	0	0	
426203	613	0.000000	5.780000	4.970000	1.470000	0.580000	48.000000	39.000000	6	0.781250	-4.687500	0.800000	0.000000	5.600000	4.820000	-3.125000	-2.343750	0.040000	0	0	0	
426469	756	0.000000	5.490000	4.280000	1.490000	0.540000	48.000000	39.000000	6	0.781250	-4.687500	0.800000	0.000000	5.460000	4.460000	-3.125000	-2.343750	0.040000	0	0	0	
426703	855	0.000000	4.980000	3.990000	1.470000	0.510000	48.000000	39.000000	6	0.781250	-4.687500	0.800000	0.000000	5.480000	4.140000	-3.125000	-2.343750	0.040000	0	0	0	
426969	957	0.000000	4.710000	3.570000	1.480000	0.500000	47.000000	39.000000	6	0.781250	-5.468750	0.780000	0.000000	4.620000	3.440000	-3.125000	-3.125000	0.045000	0	0	0	
427219	1046	0.000000	4.120000	3.020000	1.470000	0.480000	47.000000	39.000000	6	0.781250	-5.468750	0.780000	0.000000	4.360000	3.170000	-3.125000	-3.125000	0.045000	0	0	0	
427469	1101	0.000000	4.130000	3.090000	1.460000	0.480000	48.000000	39.000000	6	0.781250	-5.468750	0.780000	0.000000	4.180000	3.120000	-3.125000	-3.125000	0.045000	0	0	0	
427734	1126	0.000000	3.830000	2.910000	1.500000	0.410000	48.000000	39.000000	6	0.781250	-5.468750	0.780000	0.000000	3.410000	2.700000	-3.125000	-3.125000	0.045000	0	0	0	
427984	1095	0.000000	3.440000	2.610000	1.490000	0.350000	48.000000	39.000000	6	0.781250	-0.781250	0.765000	0.000000	3.380000	2.670000	-3.125000	-1.562500	0.050000	0	0	0	
428375	1075	0.000000	2.800000	2.230000	1.490000	0.310000	48.000000	39.000000	6	0.781250	-0.781250	0.765000	0.000000	2.850000	2.270000	-3.125000	-1.562500	0.050000	0	0	0	
428609	1036	0.000000	2.730000	2.210000	1.490000	0.310000	48.000000	39.000000	6	0.781250	-0.781250	0.765000	0.000000	2.740000	2.210000	-3.125000	-1.562500	0.050000	0	0	0	
428891	968	0.000000	2.690000	2.200000	1.480000	0.300000	48.000000	39.000000	6	0.781250	-0.781250	0.375000	0.000000	2.730000	2.250000	-3.125000	-1.562500	0.050000	0	0	0	
429125	933	0.000000	2.610000	2.130000	1.500000	0.300000	48.000000	39.000000	6	0.781250	-0.781250	0.375000	0.000000	2.720000	2.220000	-3.125000	0.781250	0.035000	0	0	0	
429391	897	0.000000	2.690000	2.190000	1.480000	0.310000	48.000000	40.000000	6	0.781250	-0.781250	0.375000	0.000000	2.720000	2.220000	-3.125000	0.781250	0.035000	0	0	0	
429656	888	0.000000	2.730000	2.250000	1.490000	0.310000	48.000000	39.000000	6	0.781250	-0.781250	0.375000	0.000000	2.740000	2.270000	-3.125000	0.781250	0.035000	0	0	0	
429906	866	0.000000	2.780000	2.290000	1.490000	0.310000	48.000000	40.000000	6	0.781250	-0.781250	0.375000	0.000000	2.860000	2.380000	-3.125000	0.781250	0.035000	0	0	0	
430141	847	0.000000	2.790000	2.350000	1.490000	0.310000	48.000000	40.000000	6	0.781250	2.343750	0.100000	0.000000	2.800000	2.360000	-3.125000	3.906250	0.035000	0	0	0	
430422	822	0.000000	2.850000	2.410000	1.500000	0.310000	48.000000	40.000000	6	0.781250	2.343750	0.100000	0.000000	2.860000	2.420000	-3.125000	3.906250	0.035000	0	0	0	
430672	794	0.000000	2.870000	2.440000	1.490000	0.320000	48.000000	40.000000	6	0.781250	2.343750	0.100000	0.000000	2.920000	2.500000	-3.125000	3.906250	0.035000	0	0	0	
431016	757	0.000000	2.980000	2.530000	1.490000	0.320000	48.000000	40.000000	6	0.781250	2.343750	0.100000	0.000000	2.960000	2.510000	-3.125000	3.906250	0.035000	0	0	0	
431297	729	0.000000	3.040000	2.590000	1.490000	0.330000	48.000000	40.000000	6	0.781250	5.468750	0.085000	0.000000	3.070000	2.600000	-3.125000	3.125000	0.035000	0	0	0	
431641	712	0.000000	3.110000	2.630000	1.490000	0.340000	48.000000	40.000000	6	0.781250	5.468750	0.085000	0.000000	3.200000	2.680000	-3.125000	3.125000	0.035000	0	0	0	
431953	706	0.000000	3.180000	2.700000	1.490000	0.340000	48.000000	40.000000	6	0.781250	5.468750	0.085000	0.000000	3.100000	2.630000	-3.125000	3.125000	0.035000	0	0	0	
432250	693	0.000000	3.110000	2.650000	1.500000	0.340000	48.000000	40.000000	6	0.781250	4.687500	0.085000	0.000000	3.130000	2.650000	-3.125000	1.562500	0.035000	0	0	0	
432516	679	0.000000	3.160000	2.680000	1.500000	0.340000	48.000000	40.000000	6	0.781250	4.687500	0.085000	0.000000	3.150000	2.660000	-3.125000	1.562500	0.035000	0	0	0	
432813	677	0.000000	3.140000	2.660000	1.490000	0.340000	48.000000	40.000000	6	0.781250	4.687500	0.085000	0.000000	3.050000	2.590000	-3.125000	1.562500	0.035000	0	0	0	
433078	661	0.000000	3.080000	2.610000	1.490000	0.340000	48.000000	40.000000	6	0.781250	4.687500	0.085000	0.000000	3.090000	2.620000	-3.125000	1.562500	0.035000	0	0	0	
433375	654	0.000000	3.110000	2.650000	1.500000	0.340000	48.000000	40.000000	6	0.781250	1.562500	0.100000	0.000000	3.030000	2.580000	-3.125000	-1.562500	0.040000	0	0	0	
433641	637	0.000000	3.140000	2.660000	1.500000	0.340000	48.000000	40.000000	6	0.781250	1.562500	0.100000	0.000000	3.070000	2.610000	-3.125000	-1.562500	0.040000	0	0	0	
434063	625	0.000000	3.160000	2.680000	1.490000	0.340000	48.000000	40.000000	6	0.781250	1.562500	0.100000	0.000000	3.120000	2.650000	-3.125000	-1.562500	0.040000	0	0	0	
434328	621	0.000000	3.180000	2.690000	1.490000	0.340000	48.000000	40.000000	6	0.781250	1.562500	0.680000	0.000000	3.080000	2.610000	-3.125000	-1.562500	0.040000	0	0	0	
434563	615	0.000000	3.140000	2.650000	1.500000	0.350000	48.000000	40.000000	6	0.781250	-0.781250	0.680000	0.000000	3.150000	2.680000	-3.125000	-3.906250	0.040000	0	0	0	
434828	609	0.000000	3.100000	2.670000	1.500000	0.340000	48.000000	40.000000	6	0.781250	-0.781250	0.680000	0.000000	3.140000	2.650000	-3.125000	-3.906250	0.040000	0	0	0	
435094	603	0.000000	3.140000	2.650000	1.490000	0.350000	48.000000	40.000000	6	0.781250	-0.781250	0.680000	0.000000	3.080000	2.610000	-3.125000	-3.906250	0.040000	0	0	0	
435375	601	0.000000	3.030000	2.590000	1.500000	0.350000	48.000000	40.000000	6	0.781250	-0.781250	0.680000	0.000000	3.110000	2.640000	-3.125000	-3.906250	0.040000	0	0	0	
435641	592	0.000000	3.070000	2.610000	1.500000	0.340000	48.000000	40.000000	6	0.781250	-4.687500	0.765000	0.000000	3.090000	2.630000	-3.125000	-5.468750	0.040000	0	0	0	
435938	594	0.000000	3.030000	2.580000	1.490000	0.340000	48.000000	40.000000	6	0.781250	-4.687500	0.765000	0.000000	3.070000	2.610000	-3.125000	-5.468750	0.040000	0	0	0	
436219	590	0.000000	3.010000	2.560000	1.490000	0.350000	48.000000	40.000000	6	0.781250	-4.687500	0.765000	0.000000	3.110000	2.650000	-3.125000	-5.468750	0.040000	0	0	0	
436500	588	0.000000	3.090000	2.620000	1.490000	0.350000	48.000000	40.000000	6	0.781250	-4.687500	0.765000	0.000000	3.100000	2.630000	-3.125000	-5.468750	0.040000	0	0	0	
436781	586	0.000000	3.080000	2.600000	1.500000	0.350000	48.000000	40.000000	6	0.781250	-7.031250	0.785000	0.000000	3.080000	2.610000	-3.125000	-7.031250	0.040000	0	0	0	
437266	592	0.000000	3.010000	2.560000	1.490000	0.350000	48.000000	40.000000	6	0.781250	-7.031250	0.785000	0.000000	3.110000	2.640000	-3.125000	-7.031250	0.040000	0	0	0	
437563	592	0.000000	3.010000	2.560000	1.500000	0.350000	48.000000	40.000000	6	0.781250	-7.031250	0.785000	0.000000	3.010000	2.560000	-3.125000	-7.031250	0.040000	0	0	0	
437844	597	0.000000	2.930000	2.490000	1.500000	0.350000	48.000000	40.000000	6	0.781250	-7.812500	0.790000	0.000000	3.030000	2.590000	-3.125000	-7.031250	0.040000	0	0	0	
438109	595	0.000000	3.020000	2.570000	1.490000	0.360000	48.000000	40.000000	6	0.781250	-7.812500	0.790000	0.000000	3.030000	2.580000	-3.125000	-7.031250	0.040000	0	0	0	
438359	592	0.000000	2.980000	2.540000	1.500000	0.350000	48.000000	40.000000	6	0.781250	-7.812500	0.790000	0.000000	3.010000	2.560000	-3.125000	-7.031250	0.040000	0	0	0	
438609	593	0.000000	2.950000	2.500000	1.500000	0.350000	48.000000	40.000000	6	0.781250	-7.812500	0.790000	0.000000	3.030000	2.580000	-3.125000	-7.031250	0.040000	0	0	0	
439031	599	0.000000	2.970000	2.520000	1.500000	0.350000	48.000000	40.000000	6	0.781250	-7.812500	0.780000	0.000000	2.990000	2.540000	-3.125000	-7.031250	0.040000	0	0	0	
439297	599	0.000000	2.960000	2.510000	1.490000	0.350000	48.000000	40.000000	6	0.781250	-7.812500	0.780000	0.000000	2.990000	2.540000	-3.125000	-7.031250	0.040000	0	0	0	
439531	599	0.000000	2.990000	2.530000	1.500000	0.360000	48.000000	40.000000	6	0.781250	-7.812500	0.780000	0.000000	3.090000	2.630000	-3.125000	-7.031250	0.040000	0	0	0	
439922	597	0.000000	3.000000	2.540000	1.510000	0.350000	48.000000	40.000000	6	0.781250	-6.250000	0.750000	0.000000	2.990000	2.550000	-3.125000	-5.468750	0.045000	0	0	0	
440141	601	0.000000	3.000000	2.540000	1.500000	0.350000	48.000000	40.000000	6	0.781250	-6.250000	0.750000	0.000000	3.080000	2.620000	-3.125000	-5.468750	0.045000	0	0	0	
440359	596	0.000000	2.970000	2.520000	1.490000	0.350000	48.000000	40.000000	6	0.781250	-6.250000	0.750000	0.000000	3.060000	2.600000	-3.125000	-5.468750	0.045000	0	0	0	
440578	598	0.000000	2.990000	2.550000	1.500000	0.350000	48.000000	40.000000	6	0.781250	-6.250000	0.750000	0.000000	3.020000	2.570000	-3.125000	-5.468750	0.045000	0	0	0	
440813	601	0.000000	3.010000	2.560000	1.500000	0.350000	48.000000	40.000000	6	0.781250	-6.250000	0.750000	0.000000	2.980000	2.530000	-3.125000	-5.468750	0.045000	0	0	0	
441047	603	0.000000	2.950000	2.500000	1.500000	0.350000	48.000000	40.000000	6	0.781250	-5.468750	0.700000	0.000000	3.020000	2.570000	-3.125000	-4.687500	0.045000	0	0	0	
441266	606	0.000000	2.990000	2.540000	1.490000	0.350000	48.000000	40.000000	6	0.781250	-5.468750	0.700000	0.000000	3.020000	2.570000	-3.125000	-4.687500	0.045000	0	0	0	
441469	605	0.000000	3.010000	2.550000	1.490000	0.350000	48.000000	40.000000	6	0.781250	-5.468750	0.700000	0.000000	2.980000	2.530000	-3.125000	-4.687500	0.045000	0	0	0	
441672	604	0.000000	2.930000	2.500000	1.500000	0.350000	48.000000	40.000000	6	0.781250	-5.468750	0.700000	0.000000	2.990000	2.550000	-3.125000	-4.687500	0.045000	0	0	0	
441891	604	0.000000	2.950000	2.500000	1.490000	0.360000	48.000000	40.000000	6	0.781250	-5.468750	0.700000	0.000000	3.020000	2.570000	-3.125000	-4.687500	0.045000	0	0	0	
442172	602	0.000000	3.010000	2.560000	1.490000	0.350000	48.000000	40.000000	6	0.781250	-3.906250	0.640000	0.000000	2.980000	2.520000	-3.125000	-4.687500	0.045000	0	0	0	
442406	601	0.000000	2.990000	2.540000	1.500000	0.350000	48.000000	40.000000	6	0.781250	-3.906250	0.640000	0.000000	2.980000	2.520000	-3.125000	-4.687500	0.045000	0	0	0	
442594	601	0.000000	2.930000	2.490000	1.490000	0.350000	48.000000	40.000000	6	0.781250	-3.906250	0.640000	0.000000	3.040000	2.580000	-3.125000	-4.687500	0.045000	0	0	0	
442828	603	0.000000	2.950000	2.500000	1.500000	0.350000	48.000000	40.000000	6	0.781250	-3.906250	0.640000	0.000000	3.020000	2.570000	-3.125000	-4.687500	0.045000	0	0	0	
443031	604	0.000000	3.000000	2.550000	1.490000	0.350000	48.000000	40.000000	6	0.781250	-3.906250	0.565000	0.000000	2.990000	2.540000	-3.125000	-4.687500	0.045000	0	0	0	
443234	603	0.000000	3.000000	2.550000	1.490000	0.350000	48.000000	40.000000	6	0.781250	-3.125000	0.565000	0.000000	2.990000	2.540000	-3.125000	-3.125000	0.045000	0	0	0	
443438	604	0.000000	2.960000	2.510000	1.490000	0.350000	48.000000	40.000000	6	0.781250	-3.125000	0.565000	0.000000	3.020000	2.580000	-3.125000	-3.125000	0.045000	0	0	0	
443672	609	0.000000	3.010000	2.560000	1.490000	0.350000	48.000000	40.000000	6	0.781250	-3.125000	0.565000	0.000000	3.020000	2.570000	-3.125000	-3.125000	0.045000	0	0	0	
443891	612	0.000000	3.020000	2.570000	1.490000	0.350000	48.000000	40.000000	6	0.781250	-3.125000	0.565000	0.000000	3.000000	2.540000	-3.125000	-3.125000	0.045000	0	0	0	
444109	611	0.000000	3.010000	2.560000	1.480000	0.350000	48.000000	40.000000	6	0.781250	-3.125000	0.565000	0.000000	3.020000	2.570000	-3.125000	-3.125000	0.045000	0	0	0	
444438	609	0.000000	2.980000	2.530000	1.500000	0.340000	48.000000	40.000000	6	0.781250	-2.343750	0.120000	0.000000	3.020000	2.570000	-3.125000	-3.125000	0.045000	0	0	0	
444656	607	0.000000	2.990000	2.540000	1.500000	0.340000	48.000000	40.000000	6	0.781250	-2.343750	0.120000	0.000000	2.960000	2.510000	-3.125000	-3.125000	0.045000	0	0	0	
445234	608	0.000000	2.960000	2.510000	1.490000	0.350000	48.000000	40.000000	6	0.781250	-2.343750	0.120000	0.000000	3.000000	2.550000	-3.125000	-3.125000	0.045000	0	0	0	
445484	609	0.000000	3.000000	2.550000	1.490000	0.350000	48.000000	40.000000	6	0.781250	-1.562500	0.110000	0.000000	2.970000	2.510000	-3.125000	-3.125000	0.050000	0	0	0	
445797	607	0.000000	3.000000	2.550000	1.490000	0.350000	48.000000	40.000000	6	0.781250	-1.562500	0.110000	0.000000	3.010000	2.560000	-3.125000	-3.125000	0.050000	0	0	0	
446063	608	0.000000	2.960000	2.510000	1.490000	0.350000	48.000000	40.000000	6	0.781250	-1.562500	0.110000	0.000000	2.980000	2.530000	-3.125000	-3.125000	0.050000	0	0	0	
446328	608	0.000000	2.980000	2.540000	1.490000	0.350000	48.000000	40.000000	6	0.781250	-1.562500	0.110000	0.000000	2.930000	2.500000	-3.125000	-3.125000	0.050000	0	0	0	
446594	610	0.000000	3.010000	2.550000	1.490000	0.360000	48.000000	40.000000	6	0.781250	-1.562500	0.120000	0.000000	2.950000	2.500000	-3.125000	-3.906250	0.050000	0	0	0	
446859	614	0.000000	2.920000	2.490000	1.500000	0.350000	48.000000	40.000000	6	0.781250	-1.562500	0.120000	0.000000	2.970000	2.510000	-3.125000	-3.906250	0.050000	0	0	0	
447109	633	0.000000	3.620000	2.990000	1.450000	0.470000	48.000000	40.000000	6	0.781250	-1.562500	0.120000	0.000000	3.720000	3.100000	-3.125000	-3.906250	0.050000	0	0	0	
447375	641	0.000000	6.690000	5.600000	1.470000	0.610000	48.000000	40.000000	6	0.781250	-1.562500	0.120000	0.000000	5.530000	4.560000	-3.125000	-3.906250	0.050000	0	0	0	
447625	809	0.000000	6.620000	5.530000	1.470000	0.620000	48.000000	40.000000	6	0.781250	0.781250	0.175000	0.000000	6.360000	5.340000	-3.125000	0.781250	0.050000	0	0	0	
447891	885	0.000000	5.860000	4.830000	1.460000	0.610000	48.000000	40.000000	6	0.781250	0.781250	0.175000	0.000000	5.850000	4.810000	-3.125000	0.781250	0.050000	0	0	0	
448156	1001	0.000000	5.760000	4.380000	1.450000	0.610000	48.000000	40.000000	6	0.781250	0.781250	0.175000	0.000000	5.720000	4.440000	-3.125000	0.781250	0.050000	0	0	0	
448406	1033	0.000000	5.690000	4.200000	1.450000	0.620000	48.000000	40.000000	6	0.781250	0.781250	0.175000	0.000000	5.640000	4.120000	-3.125000	0.781250	0.050000	0	0	0	
448656	1024	0.000000	5.600000	4.070000	1.460000	0.610000	49.000000	40.000000	6	0.781250	-5.468750	0.705000	0.000000	5.110000	3.980000	-3.125000	-6.250000	0.055000	0	0	0	
448922	952	0.000000	5.670000	4.190000	1.460000	0.620000	48.000000	40.000000	6	0.781250	-5.468750	0.705000	0.000000	5.640000	4.120000	-3.125000	-6.250000	0.055000	0	0	0	
449188	1107	0.000000	5.580000	4.250000	1.500000	0.590000	49.000000	40.000000	6	0.781250	-5.468750	0.705000	0.000000	4.940000	3.920000	-3.125000	-6.250000	0.055000	0	0	0	
449453	1026	0.000000	4.000000	2.990000	1.540000	0.440000	48.000000	40.000000	6	0.781250	-5.468750	0.705000	0.000000	3.810000	2.910000	-3.125000	-6.250000	0.055000	0	0	0	
449703	1022	0.000000	2.750000	2.280000	1.520000	0.360000	48.000000	40.000000	6	0.781250	-7.812500	0.725000	0.000000	3.140000	2.540000	-3.125000	-7.812500	0.080000	0	0	0	
450156	918	0.000000	2.550000	2.060000	1.500000	0.320000	48.000000	40.000000	6	0.781250	-7.812500	0.725000	0.000000	2.540000	2.050000	-3.125000	-7.812500	0.080000	0	0	0	
450391	859	0.000000	2.520000	2.040000	1.510000	0.310000	48.000000	40.000000	6	0.781250	-7.812500	0.725000	0.000000	2.610000	2.140000	-3.125000	-7.812500	0.080000	0	0	0	
450656	812	0.000000	2.690000	2.180000	1.500000	0.320000	48.000000	40.000000	6	0.781250	-7.812500	0.725000	0.000000	2.690000	2.190000	-3.125000	-7.812500	0.080000	0	0	0	
450922	784	0.000000	2.690000	2.210000	1.510000	0.310000	48.000000	40.000000	6	0.781250	-3.125000	0.745000	0.000000	2.730000	2.250000	-3.125000	-1.562500	0.065000	0	0	0	
451188	771	0.000000	2.770000	2.290000	1.490000	0.320000	48.000000	40.000000	6	0.781250	-3.125000	0.745000	0.000000	2.840000	2.370000	-3.125000	-1.562500	0.065000	0	0	0	
451438	751	0.000000	2.870000	2.400000	1.490000	0.310000	48.000000	40.000000	6	0.781250	-3.125000	0.745000	0.000000	2.850000	2.390000	-3.125000	-1.562500	0.065000	0	0	0	
451703	736	0.000000	2.900000	2.440000	1.490000	0.320000	48.000000	40.000000	6	0.781250	-3.125000	0.745000	0.000000	2.900000	2.440000	-3.125000	-1.562500	0.065000	0	0	0	
451969	733	0.000000	2.910000	2.450000	1.490000	0.320000	48.000000	40.000000	6	0.781250	2.343750	0.640000	0.000000	3.010000	2.520000	-3.125000	2.343750	0.060000	0	0	0	
452234	727	0.000000	2.950000	2.490000	1.490000	0.330000	48.000000	40.000000	6	0.781250	2.343750	0.640000	0.000000	3.000000	2.530000	-3.125000	2.343750	0.060000	0	0	0	
452484	730	0.000000	3.010000	2.530000	1.490000	0.330000	48.000000	40.000000	6	0.781250	2.343750	0.640000	0.000000	2.980000	2.510000	-3.125000	2.343750	0.060000	0	0	0	
452766	729	0.000000	3.020000	2.540000	1.500000	0.330000	48.000000	40.000000	6	0.781250	2.343750	0.640000	0.000000	3.010000	2.530000	-3.125000	2.343750	0.060000	0	0	0	
453031	738	0.000000	3.010000	2.530000	1.480000	0.340000	48.000000	40.000000	6	0.781250	3.125000	0.085000	0.000000	3.040000	2.550000	-3.125000	1.562500	0.055000	0	0	0	
453281	740	0.000000	3.030000	2.560000	1.480000	0.340000	48.000000	40.000000	6	0.781250	3.125000	0.085000	0.000000	2.990000	2.500000	-3.125000	1.562500	0.055000	0	0	0	
453531	742	0.000000	3.050000	2.560000	1.480000	0.340000	48.000000	40.000000	6	0.781250	3.125000	0.085000	0.000000	3.020000	2.540000	-3.125000	1.562500	0.055000	0	0	0	
453781	747	0.000000	3.010000	2.520000	1.480000	0.340000	48.000000	40.000000	6	0.781250	3.125000	0.085000	0.000000	3.010000	2.530000	-3.125000	1.562500	0.055000	0	0	0	
454063	759	0.000000	3.030000	2.550000	1.500000	0.340000	49.000000	40.000000	6	0.781250	3.125000	0.085000	0.000000	2.930000	2.480000	-3.125000	0.000000	0.055000	0	0	0	
454328	761	0.000000	3.010000	2.540000	1.500000	0.340000	48.000000	40.000000	6	0.781250	3.125000	0.085000	0.000000	2.940000	2.470000	-3.125000	0.000000	0.055000	0	0	0	
454578	758	0.000000	2.980000	2.510000	1.490000	0.340000	48.000000	40.000000	6	0.781250	3.125000	0.085000	0.000000	2.990000	2.510000	-3.125000	0.000000	0.055000	0	0	0	
454844	766	0.000000	3.020000	2.540000	1.480000	0.340000	48.000000	40.000000	6	0.781250	3.125000	0.085000	0.000000	2.940000	2.470000	-3.125000	0.000000	0.055000	0	0	0	
455078	767	0.000000	3.020000	2.550000	1.490000	0.330000	48.000000	40.000000	6	0.781250	4.687500	0.095000	0.000000	2.940000	2.480000	-3.125000	0.000000	0.055000	0	0	0	
455531	773	0.000000	3.010000	2.530000	1.490000	0.330000	48.000000	40.000000	6	0.781250	4.687500	0.095000	0.000000	2.930000	2.470000	-3.125000	1.562500	0.055000	0	0	0	
455797	773	0.000000	2.920000	2.460000	1.490000	0.320000	48.000000	40.000000	6	0.781250	4.687500	0.095000	0.000000	2.850000	2.390000	-3.125000	1.562500	0.055000	0	0	0	
456063	773	0.000000	2.910000	2.450000	1.500000	0.320000	48.000000	40.000000	6	0.781250	4.687500	0.095000	0.000000	2.900000	2.430000	-3.125000	1.562500	0.055000	0	0	0	
456297	771	0.000000	2.890000	2.440000	1.500000	0.320000	48.000000	40.000000	6	0.781250	4.687500	0.110000	0.000000	2.870000	2.410000	-3.125000	1.562500	0.055000	0	0	0	
456578	765	0.000000	2.930000	2.490000	1.500000	0.320000	48.000000	40.000000	6	0.781250	4.687500	0.110000	0.000000	2.890000	2.430000	-3.125000	1.562500	0.055000	0	0	0	
456813	757	0.000000	2.920000	2.470000	1.500000	0.330000	48.000000	40.000000	6	0.781250	4.687500	0.110000	0.000000	2.940000	2.480000	-3.125000	1.562500	0.055000	0	0	0	
457063	753	0.000000	2.940000	2.470000	1.480000	0.330000	48.000000	40.000000	6	0.781250	4.687500	0.110000	0.000000	2.920000	2.460000	-3.125000	1.562500	0.055000	0	0	0	
457328	748	0.000000	2.980000	2.510000	1.500000	0.330000	48.000000	40.000000	6	0.781250	3.906250	0.275000	0.000000	2.930000	2.480000	-3.125000	1.562500	0.055000	0	0	0	
457563	747	0.000000	2.940000	2.480000	1.500000	0.330000	48.000000	40.000000	6	0.781250	3.906250	0.275000	0.000000	2.980000	2.500000	-3.125000	1.562500	0.055000	0	0	0	
457813	746	0.000000	2.930000	2.490000	1.500000	0.330000	48.000000	40.000000	6	0.781250	3.906250	0.275000	0.000000	2.980000	2.520000	-3.125000	1.562500	0.055000	0	0	0	
458063	746	0.000000	2.980000	2.520000	1.500000	0.330000	48.000000	40.000000	6	0.781250	3.906250	0.275000	0.000000	2.930000	2.490000	-3.125000	1.562500	0.055000	0	0	0	
458328	744	0.000000	2.920000	2.470000	1.490000	0.340000	48.000000	40.000000	6	0.781250	3.906250	0.275000	0.000000	3.000000	2.520000	-3.125000	1.562500	0.055000	0	0	0	
458609	740	0.000000	2.930000	2.470000	1.490000	0.330000	48.000000	40.000000	6	0.781250	1.562500	0.715000	0.000000	3.000000	2.510000	-3.125000	0.000000	0.055000	0	0	0	
458859	739	0.000000	2.950000	2.500000	1.490000	0.330000	48.000000	40.000000	6	0.781250	1.562500	0.715000	0.000000	2.940000	2.480000	-3.125000	0.000000	0.055000	0	0	0	
459094	735	0.000000	2.870000	2.410000	1.490000	0.330000	48.000000	40.000000	6	0.781250	1.562500	0.715000	0.000000	2.950000	2.480000	-3.125000	0.000000	0.055000	0	0	0	
459359	734	0.000000	2.850000	2.390000	1.510000	0.330000	48.000000	40.000000	6	0.781250	1.562500	0.715000	0.000000	2.920000	2.460000	-3.125000	0.000000	0.055000	0	0	0	
459625	725	0.000000	2.900000	2.440000	1.500000	0.330000	48.000000	40.000000	6	0.781250	-1.562500	0.750000	0.000000	2.910000	2.440000	-3.125000	-1.562500	0.055000	0	0	0	
459875	731	0.000000	2.890000	2.420000	1.500000	0.330000	48.000000	40.000000	6	0.781250	-1.562500	0.750000	0.000000	2.890000	2.420000	-3.125000	-1.562500	0.055000	0	0	0	
460141	730	0.000000	2.860000	2.380000	1.490000	0.330000	48.000000	40.000000	6	0.781250	-1.562500	0.750000	0.000000	2.940000	2.480000	-3.125000	-1.562500	0.055000	0	0	0	
460391	729	0.000000	2.900000	2.440000	1.480000	0.340000	48.000000	40.000000	6	0.781250	-1.562500	0.750000	0.000000	2.910000	2.440000	-3.125000	-1.562500	0.055000	0	0	0	
460797	731	0.000000	2.870000	2.400000	1.490000	0.340000	48.000000	40.000000	6	0.781250	-3.906250	0.765000	0.000000	2.950000	2.480000	-3.125000	-2.343750	0.060000	0	0	0	
461063	728	0.000000	2.900000	2.430000	1.500000	0.340000	48.000000	40.000000	6	0.781250	-3.906250	0.765000	0.000000	2.940000	2.480000	-3.125000	-2.343750	0.060000	0	0	0	
461297	728	0.000000	2.910000	2.440000	1.490000	0.340000	48.000000	40.000000	6	0.781250	-3.906250	0.765000	0.000000	2.910000	2.450000	-3.125000	-2.343750	0.060000	0	0	0	
461563	725	0.000000	2.870000	2.400000	1.490000	0.340000	48.000000	40.000000	6	0.781250	-3.906250	0.765000	0.000000	2.920000	2.450000	-3.125000	-2.343750	0.060000	0	0	0	
461828	728	0.000000	2.850000	2.380000	1.500000	0.340000	48.000000	40.000000	6	0.781250	-4.687500	0.765000	0.000000	2.930000	2.480000	-3.125000	-2.343750	0.060000	0	0	0	
462078	732	0.000000	2.900000	2.440000	1.500000	0.340000	48.000000	40.000000	6	0.781250	-4.687500	0.765000	0.000000	2.910000	2.460000	-3.125000	-2.343750	0.060000	0	0	0	
462313	733	0.000000	2.880000	2.430000	1.500000	0.340000	48.000000	40.000000	6	0.781250	-4.687500	0.765000	0.000000	2.970000	2.500000	-3.125000	-2.343750	0.060000	0	0	0	
462578	741	0.000000	2.850000	2.400000	1.500000	0.340000	48.000000	40.000000	6	0.781250	-4.687500	0.765000	0.000000	2.950000	2.500000	-3.125000	-2.343750	0.060000	0	0	0	
462828	745	0.000000	2.870000	2.420000	1.500000	0.340000	48.000000	40.000000	6	0.781250	-4.687500	0.740000	0.000000	2.900000	2.440000	-3.125000	-2.343750	0.065000	0	0	0	
463094	745	0.000000	2.860000	2.400000	1.500000	0.340000	48.000000	40.000000	6	0.781250	-4.687500	0.740000	0.000000	2.920000	2.470000	-3.125000	-2.343750	0.065000	0	0	0	
463344	740	0.000000	2.810000	2.360000	1.500000	0.330000	48.000000	40.000000	6	0.781250	-4.687500	0.740000	0.000000	2.910000	2.450000	-3.125000	-2.343750	0.065000	0	0	0	
463625	740	0.000000	2.850000	2.400000	1.500000	0.340000	48.000000	40.000000	6	0.781250	-4.687500	0.740000	0.000000	2.870000	2.420000	-3.125000	-2.343750	0.065000	0	0	0	
463891	738	0.000000	2.780000	2.320000	1.500000	0.330000	48.000000	40.000000	6	0.781250	-4.687500	0.695000	0.000000	2.880000	2.420000	-3.125000	-3.125000	0.065000	0	0	0	
464141	732	0.000000	2.780000	2.320000	1.500000	0.330000	48.000000	40.000000	6	0.781250	-4.687500	0.695000	0.000000	2.880000	2.420000	-3.125000	-3.125000	0.065000	0	0	0	
464375	729	0.000000	2.810000	2.350000	1.500000	0.340000	48.000000	40.000000	6	0.781250	-4.687500	0.695000	0.000000	2.840000	2.380000	-3.125000	-3.125000	0.065000	0	0	0	
464641	726	0.000000	2.820000	2.360000	1.500000	0.340000	48.000000	40.000000	6	0.781250	-4.687500	0.695000	0.000000	2.830000	2.370000	-3.125000	-3.125000	0.065000	0	0	0	
464891	719	0.000000	2.770000	2.310000	1.500000	0.330000	48.000000	40.000000	6	0.781250	-4.687500	0.650000	0.000000	2.810000	2.360000	-3.125000	-3.906250	0.065000	0	0	0	
465141	711	0.000000	2.710000	2.230000	1.500000	0.340000	47.000000	40.000000	6	0.781250	-4.687500	0.650000	0.000000	2.800000	2.330000	-3.125000	-3.906250	0.065000	0	0	0	
465375	712	0.000000	2.750000	2.270000	1.500000	0.330000	47.000000	40.000000	6	0.781250	-4.687500	0.650000	0.000000	2.760000	2.280000	-3.125000	-3.906250	0.065000	0	0	0	
465641	701	0.000000	2.720000	2.240000	1.510000	0.330000	48.000000	40.000000	6	0.781250	-4.687500	0.650000	0.000000	2.760000	2.310000	-3.125000	-3.906250	0.065000	0	0	0	
466063	694	0.000000	2.750000	2.280000	1.490000	0.330000	48.000000	40.000000	6	0.781250	-4.687500	0.630000	0.000000	2.750000	2.280000	-3.125000	-4.687500	0.065000	0	0	0	
466328	689	0.000000	2.770000	2.290000	1.500000	0.330000	48.000000	40.000000	6	0.781250	-4.687500	0.630000	0.000000	2.750000	2.270000	-3.125000	-4.687500	0.065000	0	0	0	
466594	685	0.000000	2.720000	2.250000	1.500000	0.330000	48.000000	40.000000	6	0.781250	-4.687500	0.630000	0.000000	2.760000	2.300000	-3.125000	-4.687500	0.065000	0	0	0	
466844	678	0.000000	2.760000	2.310000	1.490000	0.340000	48.000000	40.000000	6	0.781250	-4.687500	0.630000	0.000000	2.760000	2.280000	-3.125000	-4.687500	0.065000	0	0	0	
467109	671	0.000000	2.790000	2.320000	1.500000	0.340000	48.000000	40.000000	6	0.781250	-4.687500	0.625000	0.000000	2.830000	2.360000	-3.125000	-4.687500	0.070000	0	0	0	
467359	673	0.000000	2.800000	2.330000	1.490000	0.340000	48.000000	40.000000	6	0.781250	-4.687500	0.625000	0.000000	2.840000	2.370000	-3.125000	-6.250000	0.070000	0	0	0	
467625	674	0.000000	2.870000	2.400000	1.500000	0.340000	47.000000	40.000000	6	0.781250	-4.687500	0.625000	0.000000	2.840000	2.370000	-3.125000	-6.250000	0.070000	0	0	0	
467859	673	0.000000	2.890000	2.430000	1.500000	0.340000	48.000000	40.000000	6	0.781250	-4.687500	0.625000	0.000000	2.830000	2.360000	-3.125000	-6.250000	0.070000	0	0	0	
468125	674	0.000000	2.850000	2.390000	1.490000	0.340000	47.000000	40.000000	6	0.781250	-4.687500	0.625000	0.000000	2.870000	2.410000	-3.125000	-6.250000	0.070000	0	0	0	
468406	677	0.000000	2.880000	2.420000	1.500000	0.340000	47.000000	40.000000	6	0.781250	-5.468750	0.635000	0.000000	2.830000	2.370000	-3.125000	-7.812500	0.070000	0	0	0	
468688	685	0.000000	2.830000	2.370000	1.510000	0.340000	47.000000	40.000000	6	0.781250	-5.468750	0.635000	0.000000	2.800000	2.340000	-3.125000	-7.812500	0.070000	0	0	0	
468938	686	0.000000	2.810000	2.350000	1.500000	0.340000	48.000000	40.000000	6	0.781250	-5.468750	0.635000	0.000000	2.830000	2.370000	-3.125000	-7.812500	0.070000	0	0	0	
469188	682	0.000000	2.760000	2.310000	1.500000	0.340000	48.000000	40.000000	6	0.781250	-5.468750	0.635000	0.000000	2.750000	2.270000	-3.125000	-7.812500	0.070000	0	0	0	
469422	679	0.000000	2.780000	2.310000	1.500000	0.340000	48.000000	40.000000	6	0.781250	-5.468750	0.650000	0.000000	2.740000	2.250000	-3.125000	-7.812500	0.070000	0	0	0	
469672	680	0.000000	2.770000	2.280000	1.510000	0.340000	48.000000	40.000000	6	0.781250	-5.468750	0.650000	0.000000	2.770000	2.310000	-3.125000	-7.812500	0.070000	0	0	0	
469938	678	0.000000	2.770000	2.310000	1.500000	0.340000	48.000000	40.000000	6	0.781250	-5.468750	0.650000	0.000000	2.740000	2.260000	-3.125000	-7.812500	0.070000	0	0	0	
470172	676	0.000000	2.780000	2.320000	1.500000	0.340000	47.000000	40.000000	6	0.781250	-5.468750	0.650000	0.000000	2.750000	2.270000	-3.125000	-7.812500	0.070000	0	0	0	
470406	671	0.000000	2.740000	2.270000	1.510000	0.340000	48.000000	40.000000	6	0.781250	-5.468750	0.655000	0.000000	2.760000	2.300000	-3.125000	-7.031250	0.075000	0	0	0	
470688	667	0.000000	2.740000	2.260000	1.500000	0.340000	47.000000	40.000000	6	0.781250	-5.468750	0.655000	0.000000	2.770000	2.290000	-3.125000	-7.031250	0.075000	0	0	0	
470969	663	0.000000	2.790000	2.320000	1.500000	0.340000	47.000000	40.000000	6	0.781250	-5.468750	0.655000	0.000000	2.750000	2.270000	-3.125000	-7.031250	0.075000	0	0	0	
471375	663	0.000000	2.760000	2.280000	1.510000	0.340000	47.000000	40.000000	6	0.781250	-5.468750	0.655000	0.000000	2.770000	2.310000	-3.125000	-7.031250	0.075000	0	0	0	
471656	665	0.000000	2.770000	2.310000	1.500000	0.340000	48.000000	40.000000	6	0.781250	-3.906250	0.630000	0.000000	2.750000	2.270000	-3.125000	-6.250000	0.075000	0	0	0	
471906	663	0.000000	2.780000	2.290000	1.510000	0.340000	47.000000	40.000000	6	0.781250	-3.906250	0.630000	0.000000	2.750000	2.330000	-3.125000	-6.250000	0.075000	0	0	0	
472141	663	0.000000	2.770000	2.290000	1.490000	0.340000	47.000000	40.000000	6	0.781250	-3.906250	0.630000	0.000000	2.790000	2.330000	-3.125000	-6.250000	0.075000	0	0	0	
472422	665	0.000000	2.770000	2.350000	1.490000	0.340000	48.000000	40.000000	6	0.781250	-3.906250	0.630000	0.000000	2.760000	2.280000	-3.125000	-6.250000	0.075000	0	0	0	
472672	667	0.000000	2.820000	2.360000	1.500000	0.340000	48.000000	40.000000	6	0.781250	-3.125000	0.575000	0.000000	2.780000	2.290000	-3.125000	-5.468750	0.075000	0	0	0	
472922	673	0.000000	2.770000	2.310000	1.500000	0.340000	47.000000	40.000000	6	0.781250	-3.125000	0.575000	0.000000	2.790000	2.320000	-3.125000	-5.468750	0.075000	0	0	0	
473172	674	0.000000	2.820000	2.360000	1.490000	0.340000	48.000000	40.000000	6	0.781250	-3.125000	0.575000	0.000000	2.780000	2.290000	-3.125000	-5.468750	0.075000	0	0	0	
473438	669	0.000000	2.820000	2.360000	1.490000	0.340000	48.000000	40.000000	6	0.781250	-3.125000	0.575000	0.000000	2.780000	2.290000	-3.125000	-5.468750	0.075000	0	0	0	
473719	672	0.000000	2.820000	2.360000	1.490000	0.340000	47.000000	40.000000	6	0.781250	-1.562500	0.140000	0.000000	2.830000	2.360000	-3.125000	-4.687500	0.080000	0	0	0	
473969	680	0.000000	2.840000	2.380000	1.490000	0.340000	48.000000	40.000000	6	0.781250	-1.562500	0.140000	0.000000	2.810000	2.340000	-3.125000	-4.687500	0.080000	0	0	0	
474234	683	0.000000	2.890000	2.440000	1.500000	0.340000	47.000000	40.000000	6	0.781250	-1.562500	0.140000	0.000000	2.810000	2.340000	-3.125000	-4.687500	0.080000	0	0	0	
474453	692	0.000000	2.870000	2.410000	1.490000	0.340000	47.000000	40.000000	6	0.781250	-1.562500	0.140000	0.000000	2.850000	2.380000	-3.125000	-4.687500	0.080000	0	0	0	
474703	704	0.000000	2.890000	2.430000	1.490000	0.340000	47.000000	40.000000	6	0.781250	-1.562500	0.140000	0.000000	2.830000	2.360000	-3.125000	-4.687500	0.080000	0	0	0	
474969	708	0.000000	2.900000	2.440000	1.510000	0.340000	48.000000	40.000000	6	0.781250	0.781250	0.105000	0.000000	2.790000	2.330000	-3.125000	-3.125000	0.080000	0	0	0	
475219	718	0.000000	2.850000	2.380000	1.500000	0.340000	48.000000	40.000000	6	0.781250	0.781250	0.105000	0.000000	2.820000	2.360000	-3.125000	-3.125000	0.080000	0	0	0	
475469	721	0.000000	2.840000	2.380000	1.500000	0.340000	48.000000	40.000000	6	0.781250	0.781250	0.105000	0.000000	2.820000	2.370000	-3.125000	-3.125000	0.080000	0	0	0	
475719	719	0.000000	2.900000	2.430000	1.500000	0.340000	48.000000	40.000000	6	0.781250	0.781250	0.105000	0.000000	2.800000	2.330000	-3.125000	-3.125000	0.080000	0	0	0	
475969	721	0.000000	2.860000	2.400000	1.500000	0.340000	48.000000	40.000000	6	0.781250	2.343750	0.100000	0.000000	2.840000	2.380000	-3.125000	-1.562500	0.080000	0	0	0	
476219	721	0.000000	2.850000	2.390000	1.500000	0.340000	47.000000	40.000000	6	0.781250	2.343750	0.100000	0.000000	2.840000	2.380000	-3.125000	-1.562500	0.080000	0	0	0	
476594	723	0.000000	2.870000	2.420000	1.500000	0.340000	47.000000	40.000000	6	0.781250	2.343750	0.100000	0.000000	2.790000	2.340000	-3.125000	-1.562500	0.080000	0	0	0	
476859	731	0.000000	2.840000	2.380000	1.500000	0.340000	47.000000	40.000000	6	0.781250	2.343750	0.100000	0.000000	2.820000	2.370000	-3.125000	-1.562500	0.080000	0	0	0	
477109	736	0.000000	2.840000	2.390000	1.500000	0.340000	47.000000	40.000000	6	0.781250	3.125000	0.100000	0.000000	2.790000	2.340000	-3.125000	0.000000	0.080000	0	0	0	
477359	737	0.000000	2.880000	2.420000	1.500000	0.340000	48.000000	40.000000	6	0.781250	3.125000	0.100000	0.000000	2.800000	2.340000	-3.125000	0.000000	0.080000	0	0	0	
477609	734	0.000000	2.840000	2.370000	1.500000	0.340000	47.000000	40.000000	6	0.781250	3.125000	0.100000	0.000000	2.830000	2.370000	-3.125000	0.000000	0.080000	0	0	0	
477844	724	0.000000	2.820000	2.540000	1.480000	0.340000	47.000000	40.000000	6	0.781250	3.125000	0.100000	0.000000	2.830000	2.370000	-3.125000	0.000000	0.080000	0	0	0	
478078	706	0.000000	3.020000	2.550000	1.500000	0.340000	47.000000	40.000000	6	0.781250	2.343750	0.110000	0.000000	2.940000	2.480000	-3.125000	-0.781250	0.080000	0	0	0	
478344	703	0.000000	2.990000	2.520000	1.500000	0.340000	47.000000	40.000000	6	0.781250	2.343750	0.110000	0.000000	2.900000	2.440000	-3.125000	-0.781250	0.080000	0	0	0	
478578	705	0.000000	2.990000	2.520000	1.490000	0.340000	47.000000	40.000000	6	0.781250	2.343750	0.110000	0.000000	2.990000	2.520000	-3.125000	-0.781250	0.080000	0	0	0	
478813	714	0.000000	3.020000	2.550000	1.500000	0.340000	48.000000	40.000000	6	0.781250	2.343750	0.110000	0.000000	2.920000	2.470000	-3.125000	-0.781250	0.080000	0	0	0	
479109	729	0.000000	2.940000	2.480000	1.490000	0.340000	48.000000	40.000000	6	0.781250	2.343750	0.215000	0.000000	2.860000	2.400000	-3.125000	-0.781250	0.080000	0	0	0	
479344	742	0.000000	2.880000	2.410000	1.490000	0.340000	48.000000	40.000000	6	0.781250	2.343750	0.215000	0.000000	2.880000	2.420000	-3.125000	-0.781250	0.080000	0	0	0	
479609	743	0.000000	2.860000	2.400000	1.500000	0.340000	48.000000	40.000000	6	0.781250	2.343750	0.215000	0.000000	2.790000	2.330000	-3.125000	-0.781250	0.080000	0	0	0	
479875	737	0.000000	2.830000	2.370000	1.500000	0.340000	47.000000	40.000000	6	0.781250	2.343750	0.215000	0.000000	2.820000	2.360000	-3.125000	-0.781250	0.080000	0	0	0	
480109	734	0.000000	2.780000	2.320000	1.500000	0.340000	47.000000	40.000000	6	0.781250	2.343750	0.215000	0.000000	2.820000	2.360000	-3.125000	-0.781250	0.080000	0	0	0	
480375	723	0.000000	2.800000	2.330000	1.490000	0.330000	48.000000	40.000000	6	0.781250	0.000000	0.705000	0.000000	2.760000	2.300000	-3.125000	-0.781250	0.085000	0	0	0	
480625	715	0.000000	2.790000	2.320000	1.490000	0.340000	47.000000	40.000000	6	0.781250	0.000000	0.705000	0.000000	2.770000	2.310000	-3.125000	-0.781250	0.085000	0	0	0	
480906	713	0.000000	2.750000	2.270000	1.490000	0.330000	47.000000	40.000000	6	0.781250	0.000000	0.705000	0.000000	2.810000	2.340000	-3.125000	-0.781250	0.085000	0	0	0	
481172	709	0.000000	2.750000	2.270000	1.500000	0.330000	48.000000	40.000000	6	0.781250	0.000000	0.705000	0.000000	2.820000	2.350000	-3.125000	-0.781250	0.085000	0	0	0	
481422	705	0.000000	2.780000	2.300000	1.480000	0.340000	47.000000	40.000000	6	0.781250	-0.781250	0.730000	0.000000	2.780000	2.300000	-3.125000	-0.781250	0.085000	0	0	0	
481828	699	0.000000	2.740000	2.260000	1.500000	0.340000	47.000000	40.000000	6	0.781250	-0.781250	0.730000	0.000000	2.810000	2.350000	-3.125000	-0.781250	0.085000	0	0	0	
482078	697	0.000000	2.760000	2.300000	1.510000	0.330000	47.000000	40.000000	6	0.781250	-0.781250	0.730000	0.000000	2.770000	2.310000	-3.125000	-0.781250	0.085000	0	0	0	
482344	698	0.000000	2.760000	2.310000	1.500000	0.340000	47.000000	40.000000	6	0.781250	-2.343750	0.725000	0.000000	2.770000	2.300000	-3.125000	-1.562500	0.085000	0	0	0	
482594	700	0.000000	2.750000	2.280000	1.500000	0.340000	48.000000	40.000000	6	0.781250	-2.343750	0.725000	0.000000	2.800000	2.340000	-3.125000	-1.562500	0.085000	0	0	0	
482844	700	0.000000	2.770000	2.310000	1.500000	0.340000	48.000000	40.000000	6	0.781250	-2.343750	0.725000	0.000000	2.780000	2.300000	-3.125000	-1.562500	0.085000	0	0	0	
483094	698	0.000000	2.790000	2.330000	1.500000	0.340000	48.000000	40.000000	6	0.781250	-2.343750	0.725000	0.000000	2.770000	2.310000	-3.125000	-1.562500	0.085000	0	0	0	
483359	700	0.000000	2.770000	2.290000	1.500000	0.340000	47.000000	40.000000	6	0.781250	-2.343750	0.725000	0.000000	2.810000	2.350000	-3.125000	-1.562500	0.085000	0	0	0	
483609	700	0.000000	2.780000	2.320000	1.510000	0.340000	47.000000	40.000000	6	0.781250	-3.125000	0.715000	0.000000	2.760000	2.310000	-3.125000	-3.125000	0.085000	0	0	0	
483859	702	0.000000	2.780000	2.330000	1.510000	0.340000	48.000000	40.000000	6	0.781250	-3.125000	0.715000	0.000000	2.770000	2.290000	-3.125000	-3.125000	0.085000	0	0	0	
484125	701	0.000000	2.760000	2.310000	1.510000	0.340000	47.000000	40.000000	6	0.781250	-3.125000	0.715000	0.000000	2.800000	2.370000	-3.125000	-3.125000	0.085000	0	0	0	
484391	708	0.000000	2.770000	2.320000	1.500000	0.340000	48.000000	40.000000	6	0.781250	-3.125000	0.715000	0.000000	2.790000	2.330000	-3.125000	-3.125000	0.085000	0	0	0	
484641	710	0.000000	2.810000	2.340000	1.500000	0.340000	47.000000	40.000000	6	0.781250	-2.343750	0.690000	0.000000	2.790000	2.320000	-3.125000	-3.125000	0.085000	0	0	0	
484891	719	0.000000	2.780000	2.300000	1.510000	0.340000	47.000000	40.000000	6	0.781250	-2.343750	0.690000	0.000000	2.830000	2.360000	-3.125000	-3.125000	0.085000	0	0	0	
485156	719	0.000000	2.800000	2.350000	1.500000	0.340000	47.000000	40.000000	6	0.781250	-2.343750	0.690000	0.000000	2.770000	2.310000	-3.125000	-3.125000	0.085000	0	0	0	
485406	721	0.000000	2.810000	2.360000	1.490000	0.340000	48.000000	40.000000	6	0.781250	-2.343750	0.690000	0.000000	2.770000	2.320000	-3.125000	-3.125000	0.085000	0	0	0	
485656	719	0.000000	2.800000	2.340000	1.510000	0.340000	47.000000	40.000000	6	0.781250	-0.781250	0.650000	0.000000	2.830000	2.380000	-3.125000	-2.343750	0.085000	0	0	0	
485922	728	0.000000	2.800000	2.330000	1.500000	0.340000	47.000000	40.000000	6	0.781250	-0.781250	0.650000	0.000000	2.830000	2.370000	-3.125000	-2.343750	0.085000	0	0	0	
486203	728	0.000000	2.830000	2.370000	1.500000	0.340000	47.000000	40.000000	6	0.781250	-0.781250	0.650000	0.000000	2.780000	2.320000	-3.125000	-2.343750	0.085000	0	0	0	
486453	735	0.000000	2.800000	2.340000	1.500000	0.340000	47.000000	40.000000	6	0.781250	-0.781250	0.650000	0.000000	2.820000	2.360000	-3.125000	-2.343750	0.085000	0	0	0	
486750	733	0.000000	2.790000	2.330000	1.500000	0.340000	47.000000	40.000000	6	0.781250	1.562500	0.335000	0.000000	2.820000	2.360000	-3.125000	-0.781250	0.085000	0	0	0	
487156	731	0.000000	2.850000	2.400000	1.500000	0.340000	47.000000	40.000000	6	0.781250	1.562500	0.335000	0.000000	2.830000	2.370000	-3.125000	-0.781250	0.085000	0	0	0	
487391	730	0.000000	2.820000	2.360000	1.500000	0.340000	47.000000	40.000000	6	0.781250	1.562500	0.335000	0.000000	2.850000	2.380000	-3.125000	-0.781250	0.085000	0	0	0	
487641	733	0.000000	2.870000	2.410000	1.500000	0.340000	47.000000	40.000000	6	0.781250	1.562500	0.335000	0.000000	2.800000	2.340000	-3.125000	-0.781250	0.085000	0	0	0	
487938	734	0.000000	2.850000	2.390000	1.500000	0.340000	47.000000	40.000000	6	0.781250	3.125000	0.100000	0.000000	2.850000	2.400000	-3.125000	0.000000	0.085000	0	0	0	
488188	743	0.000000	2.850000	2.390000	1.490000	0.340000	47.000000	40.000000	6	0.781250	3.125000	0.100000	0.000000	2.840000	2.380000	-3.125000	0.000000	0.085000	0	0	0	
488469	739	0.000000	2.900000	2.420000	1.480000	0.340000	47.000000	40.000000	6	0.781250	3.125000	0.100000	0.000000	2.820000	2.360000	-3.125000	0.000000	0.085000	0	0	0	
488750	731	0.000000	2.860000	2.410000	1.490000	0.340000	47.000000	40.000000	6	0.781250	3.125000	0.100000	0.000000	2.870000	2.410000	-3.125000	0.000000	0.085000	0	0	0	
489000	737	0.000000	2.860000	2.410000	1.510000	0.340000	47.000000	40.000000	6	0.781250	3.906250	0.095000	0.000000	2.860000	2.410000	-3.125000	0.781250	0.085000	0	0	0	
489266	742	0.000000	2.910000	2.450000	1.500000	0.340000	47.000000	40.000000	6	0.781250	3.906250	0.095000	0.000000	2.840000	2.380000	-3.125000	0.781250	0.085000	0	0	0	
489484	746	0.000000	2.880000	2.430000	1.500000	0.340000	47.000000	40.000000	6	0.781250	3.906250	0.095000	0.000000	2.820000	2.360000	-3.125000	0.781250	0.085000	0	0	0	
489750	743	0.000000	2.820000	2.370000	1.500000	0.330000	47.000000	40.000000	6	0.781250	3.906250	0.095000	0.000000	2.850000	2.400000	-3.125000	0.781250	0.085000	0	0	0	
489969	735	0.000000	2.820000	2.370000	1.500000	0.340000	47.000000	40.000000	6	0.781250	3.906250	0.105000	0.000000	2.830000	2.370000	-3.125000	0.781250	0.085000	0	0	0	
490250	738	0.000000	2.890000	2.430000	1.500000	0.340000	47.000000	40.000000	6	0.781250	3.906250	0.105000	0.000000	2.830000	2.370000	-3.125000	0.781250	0.085000	0	0	0	
490516	740	0.000000	2.840000	2.370000	1.500000	0.330000	47.000000	40.000000	6	0.781250	3.906250	0.105000	0.000000	2.850000	2.380000	-3.125000	0.781250	0.085000	0	0	0	
490766	741	0.000000	2.830000	2.370000	1.520000	0.330000	47.000000	40.000000	6	0.781250	3.906250	0.105000	0.000000	2.840000	2.390000	-3.125000	0.781250	0.085000	0	0	0	
491016	740	0.000000	2.820000	2.380000	1.510000	0.340000	47.000000	40.000000	6	0.781250	3.906250	0.200000	0.000000	2.780000	2.320000	-3.125000	0.781250	0.085000	0	0	0	
491250	737	0.000000	2.800000	2.340000	1.500000	0.330000	47.000000	40.000000	6	0.781250	3.125000	0.200000	0.000000	2.830000	2.370000	-3.125000	0.000000	0.085000	0	0	0	
491531	740	0.000000	2.800000	2.340000	1.500000	0.330000	47.000000	40.000000	6	0.781250	3.125000	0.200000	0.000000	2.820000	2.360000	-3.125000	0.000000	0.085000	0	0	0	
491797	737	0.000000	2.830000	2.370000	1.510000	0.330000	47.000000	40.000000	6	0.781250	3.125000	0.200000	0.000000	2.810000	2.340000	-3.125000	0.000000	0.085000	0	0	0	
492047	736	0.000000	2.800000	2.330000	1.500000	0.340000	47.000000	40.000000	6	0.781250	3.125000	0.200000	0.000000	2.840000	2.370000	-3.125000	0.000000	0.085000	0	0	0	
492469	733	0.000000	2.800000	2.330000	1.500000	0.340000	47.000000	40.000000	6	0.781250	0.781250	0.710000	0.000000	2.780000	2.310000	-3.125000	-0.781250	0.085000	0	0	0	
492750	732	0.000000	2.800000	2.340000	1.500000	0.340000	47.000000	40.000000	6	0.781250	0.781250	0.710000	0.000000	2.770000	2.300000	-3.125000	-0.781250	0.085000	0	0	0	
493016	731	0.000000	2.760000	2.280000	1.520000	0.330000	47.000000	40.000000	6	0.781250	0.781250	0.710000	0.000000	2.790000	2.330000	-3.125000	-0.781250	0.085000	0	0	0	
493266	723	0.000000	2.760000	2.310000	1.500000	0.330000	47.000000	40.000000	6	0.781250	-0.781250	0.740000	0.000000	2.770000	2.300000	-3.125000	-0.781250	0.085000	0	0	0	
493531	720	0.000000	2.750000	2.270000	1.490000	0.330000	47.000000	40.000000	6	0.781250	-0.781250	0.740000	0.000000	2.740000	2.250000	-3.125000	-1.562500	0.085000	0	0	0	
493750	709	0.000000	2.720000	2.220000	1.500000	0.340000	47.000000	40.000000	6	0.781250	-0.781250	0.740000	0.000000	2.770000	2.290000	-3.125000	-1.562500	0.085000	0	0	0	
494000	709	0.000000	2.760000	2.300000	1.490000	0.330000	47.000000	40.000000	6	0.781250	-0.781250	0.740000	0.000000	2.780000	2.290000	-3.125000	-1.562500	0.085000	0	0	0	
494250	700	0.000000	2.780000	2.310000	1.480000	0.340000	47.000000	40.000000	6	0.781250	-0.781250	0.740000	0.000000	2.770000	2.300000	-3.125000	-1.562500	0.085000	0	0	0	
494484	693	0.000000	2.770000	2.280000	1.500000	0.340000	47.000000	40.000000	6	0.781250	-1.562500	0.740000	0.000000	2.810000	2.350000	-3.125000	-1.562500	0.090000	0	0	0	
494750	683	0.000000	2.770000	2.290000	1.500000	0.340000	47.000000	40.000000	6	0.781250	-1.562500	0.740000	0.000000	2.840000	2.380000	-3.125000	-1.562500	0.090000	0	0	0	
494969	670	0.000000	2.780000	2.320000	1.490000	0.340000	47.000000	40.000000	6	0.781250	-1.562500	0.740000	0.000000	2.780000	2.320000	-3.125000	-1.562500	0.090000	0	0	0	
495234	669	0.000000	2.780000	2.320000	1.500000	0.340000	47.000000	40.000000	6	0.781250	-1.562500	0.740000	0.000000	2.860000	2.400000	-3.125000	-1.562500	0.090000	0	0	0	
495484	664	0.000000	2.800000	2.340000	1.500000	0.340000	47.000000	40.000000	6	0.781250	-2.343750	0.725000	0.000000	2.870000	2.420000	-3.125000	-2.343750	0.090000	0	0	0	
495734	666	0.000000	2.850000	2.400000	1.500000	0.340000	47.000000	40.000000	6	0.781250	-2.343750	0.725000	0.000000	2.850000	2.390000	-3.125000	-2.343750	0.090000	0	0	0	
496000	659	0.000000	2.870000	2.420000	1.490000	0.340000	47.000000	40.000000	6	0.781250	-2.343750	0.725000	0.000000	2.900000	2.440000	-3.125000	-2.343750	0.090000	0	0	0	
496234	657	0.000000	2.800000	2.350000	1.520000	0.340000	47.000000	40.000000	6	0.781250	-2.343750	0.725000	0.000000	2.860000	2.410000	-3.125000	-2.343750	0.090000	0	0	0	
496500	650	0.000000	2.830000	2.380000	1.500000	0.340000	47.000000	40.000000	6	0.781250	-2.343750	0.725000	0.000000	2.820000	2.370000	-3.125000	-2.343750	0.090000	0	0	0	
496750	652	0.000000	2.830000	2.380000	1.500000	0.340000	47.000000	40.000000	6	0.781250	-2.343750	0.695000	0.000000	2.830000	2.370000	-3.125000	-3.125000	0.090000	0	0	0	
497000	643	0.000000	2.810000	2.350000	1.510000	0.340000	47.000000	41.000000	6	0.781250	-2.343750	0.695000	0.000000	2.860000	2.400000	-3.125000	-3.125000	0.090000	0	0	0	
497281	638	0.000000	2.850000	2.390000	1.490000	0.340000	47.000000	40.000000	6	0.781250	-2.343750	0.695000	0.000000	2.840000	2.390000	-3.125000	-3.125000	0.090000	0	0	0	
497688	621	0.000000	2.830000	2.370000	1.500000	0.340000	47.000000	41.000000	6	0.781250	-2.343750	0.665000	0.000000	2.900000	2.440000	-3.125000	-3.125000	0.090000	0	0	0	
497922	608	0.000000	2.810000	2.340000	1.500000	0.340000	47.000000	41.000000	6	0.781250	-2.343750	0.665000	0.000000	2.870000	2.410000	-3.125000	-3.125000	0.090000	0	0	0	
498172	601	0.000000	2.870000	2.420000	1.500000	0.340000	47.000000	41.000000	6	0.781250	-2.343750	0.665000	0.000000	2.850000	2.390000	-3.125000	-3.125000	0.090000	0	0	0	
498406	599	0.000000	2.850000	2.390000	1.500000	0.340000	47.000000	41.000000	6	0.781250	-2.343750	0.665000	0.000000	2.910000	2.460000	-3.125000	-3.125000	0.090000	0	0	0	
498656	596	0.000000	2.840000	2.390000	1.510000	0.340000	47.000000	41.000000	6	0.781250	-2.343750	0.665000	0.000000	2.890000	2.460000	-3.125000	-3.125000	0.090000	0	0	0	
498891	597	0.000000	2.900000	2.440000	1.510000	0.340000	47.000000	41.000000	6	0.781250	-2.343750	0.640000	0.000000	2.870000	2.420000	-3.125000	-3.125000	0.090000	0	0	0	
499125	595	0.000000	2.900000	2.440000	1.500000	0.350000	47.000000	41.000000	6	0.781250	-2.343750	0.640000	0.000000	2.870000	2.430000	-3.125000	-3.125000	0.090000	0	0	0	
499391	596	0.000000	2.880000	2.420000	1.510000	0.340000	47.000000	41.000000	6	0.781250	-2.343750	0.640000	0.000000	2.930000	2.480000	-3.125000	-3.125000	0.090000	0	0	0	
499641	597	0.000000	2.920000	2.470000	1.500000	0.340000	47.000000	41.000000	6	0.781250	-2.343750	0.640000	0.000000	2.900000	2.440000	-3.125000	-3.125000	0.090000	0	0	0	
499891	597	0.000000	2.910000	2.450000	1.500000	0.350000	47.000000	41.000000	6	0.781250	-2.343750	0.620000	0.000000	2.890000	2.430000	-3.125000	-3.906250	0.095000	0	0	0	
500156	599	0.000000	2.870000	2.410000	1.500000	0.340000	47.000000	41.000000	6	0.781250	-2.343750	0.620000	0.000000	2.910000	2.460000	-3.125000	-3.906250	0.095000	0	0	0	
500422	598	0.000000	2.910000	2.450000	1.500000	0.350000	47.000000	41.000000	6	0.781250	-2.343750	0.620000	0.000000	2.870000	2.420000	-3.125000	-3.906250	0.095000	0	0	0	
500672	599	0.000000	2.910000	2.460000	1.500000	0.350000	47.000000	41.000000	6	0.781250	-2.343750	0.620000	0.000000	2.880000	2.420000	-3.125000	-3.906250	0.095000	0	0	0	
500922	599	0.000000	2.880000	2.410000	1.500000	0.340000	47.000000	41.000000	6	0.781250	-1.562500	0.590000	0.000000	2.920000	2.470000	-3.125000	-3.906250	0.095000	0	0	0	
501172	601	0.000000	2.910000	2.450000	1.500000	0.340000	47.000000	41.000000	6	0.781250	-1.562500	0.590000	0.000000	2.900000	2.450000	-3.125000	-3.906250	0.095000	0	0	0	
501406	599	0.000000	2.900000	2.440000	1.500000	0.340000	47.000000	41.000000	6	0.781250	-1.562500	0.590000	0.000000	2.870000	2.410000	-3.125000	-3.906250	0.095000	0	0	0	
501672	599	0.000000	2.870000	2.400000	1.490000	0.350000	47.000000	41.000000	6	0.781250	-1.562500	0.590000	0.000000	2.930000	2.460000	-3.125000	-3.906250	0.095000	0	0	0	
501922	600	0.000000	2.870000	2.400000	1.490000	0.350000	47.000000	41.000000	6	0.781250	-1.562500	0.590000	0.000000	2.900000	2.440000	-3.125000	-3.906250	0.095000	0	0	0	
502172	597	0.000000	2.910000	2.450000	1.490000	0.350000	47.000000	41.000000	6	0.781250	-1.562500	0.545000	0.000000	2.880000	2.420000	-3.125000	-3.125000	0.095000	0	0	0	
502406	598	0.000000	2.880000	2.410000	1.490000	0.350000	46.000000	41.000000	6	0.781250	-1.562500	0.545000	0.000000	2.920000	2.450000	-3.125000	-3.125000	0.095000	0	0	0	
502844	604	0.000000	2.920000	2.460000	1.490000	0.350000	47.000000	41.000000	6	0.781250	-1.562500	0.545000	0.000000	2.880000	2.420000	-3.125000	-3.125000	0.095000	0	0	0	
503109	608	0.000000	2.930000	2.470000	1.500000	0.350000	46.000000	41.000000	6	0.781250	0.000000	0.270000	0.000000	2.880000	2.420000	-3.125000	-2.343750	0.095000	0	0	0	
503375	620	0.000000	2.890000	2.420000	1.490000	0.350000	46.000000	41.000000	6	0.781250	0.000000	0.270000	0.000000	2.950000	2.480000	-3.125000	-2.343750	0.095000	0	0	0	
503594	629	0.000000	2.980000	2.500000	1.500000	0.350000	47.000000	41.000000	6	0.781250	0.000000	0.270000	0.000000	2.900000	2.430000	-3.125000	-2.343750	0.095000	0	0	0	
503875	630	0.000000	2.960000	2.500000	1.500000	0.350000	47.000000	41.000000	6	0.781250	0.000000	0.270000	0.000000	2.890000	2.440000	-3.125000	-2.343750	0.095000	0	0	0	
504141	638	0.000000	2.880000	2.430000	1.520000	0.340000	47.000000	41.000000	6	0.781250	2.343750	0.110000	0.000000	2.910000	2.470000	-3.125000	-0.781250	0.095000	0	0	0	
504422	643	0.000000	2.880000	2.430000	1.500000	0.350000	47.000000	41.000000	6	0.781250	2.343750	0.110000	0.000000	2.860000	2.410000	-3.125000	-0.781250	0.095000	0	0	0	
504672	651	0.000000	2.940000	2.510000	1.500000	0.350000	47.000000	41.000000	6	0.781250	2.343750	0.110000	0.000000	2.890000	2.440000	-3.125000	-0.781250	0.095000	0	0	0	
504938	652	0.000000	2.900000	2.450000	1.500000	0.340000	47.000000	41.000000	6	0.781250	2.343750	0.110000	0.000000	2.920000	2.470000	-3.125000	-0.781250	0.095000	0	0	0	
505219	664	0.000000	2.920000	2.470000	1.490000	0.340000	47.000000	41.000000	6	0.781250	2.343750	0.110000	0.000000	2.920000	2.460000	-3.125000	-0.781250	0.095000	0	0	0	
505453	666	0.000000	2.930000	2.470000	1.500000	0.340000	47.000000	41.000000	6	0.781250	3.906250	0.100000	0.000000	2.870000	2.420000	-3.125000	0.781250	0.095000	0	0	0	
505719	674	0.000000	2.890000	2.430000	1.510000	0.340000	46.000000	41.000000	6	0.781250	3.906250	0.100000	0.000000	2.900000	2.450000	-3.125000	0.781250	0.095000	0	0	0	
505969	680	0.000000	2.870000	2.420000	1.510000	0.340000	46.000000	41.000000	6	0.781250	3.906250	0.100000	0.000000	2.830000	2.380000	-3.125000	0.781250	0.095000	0	0	0	
506219	685	0.000000	2.910000	2.460000	1.510000	0.340000	47.000000	41.000000	6	0.781250	3.906250	0.100000	0.000000	2.850000	2.400000	-3.125000	0.781250	0.095000	0	0	0	
506469	684	0.000000	2.900000	2.450000	1.500000	0.340000	46.000000	41.000000	6	0.781250	3.906250	0.105000	0.000000	2.860000	2.460000	-3.125000	0.781250	0.095000	0	0	0	
506719	672	0.000000	2.880000	2.430000	1.500000	0.340000	46.000000	41.000000	6	0.781250	3.906250	0.105000	0.000000	2.900000	2.450000	-3.125000	0.781250	0.095000	0	0	0	
506984	669	0.000000	2.920000	2.460000	1.500000	0.340000	47.000000	41.000000	6	0.781250	3.906250	0.105000	0.000000	2.860000	2.410000	-3.125000	0.781250	0.095000	0	0	0	
507234	675	0.000000	2.860000	2.410000	1.500000	0.340000	46.000000	41.000000	6	0.781250	3.906250	0.105000	0.000000	2.880000	2.420000	-3.125000	0.781250	0.095000	0	0	0	
507500	680	0.000000	2.850000	2.400000	1.500000	0.340000	47.000000	41.000000	6	0.781250	3.125000	0.125000	0.000000	2.870000	2.420000	-3.125000	0.781250	0.095000	0	0	0	
507781	680	0.000000	2.910000	2.470000	1.500000	0.340000	47.000000	41.000000	6	0.781250	3.125000	0.125000	0.000000	2.860000	2.400000	-3.125000	0.781250	0.095000	0	0	0	
508172	675	0.000000	2.860000	2.410000	1.500000	0.340000	47.000000	41.000000	6	0.781250	3.125000	0.125000	0.000000	2.890000	2.430000	-3.125000	0.781250	0.095000	0	0	0	
508422	674	0.000000	2.900000	2.450000	1.500000	0.340000	46.000000	41.000000	6	0.781250	3.125000	0.125000	0.000000	2.900000	2.430000	-3.125000	0.781250	0.095000	0	0	0	
508656	670	0.000000	2.920000	2.480000	1.510000	0.340000	47.000000	41.000000	6	0.781250	2.343750	0.655000	0.000000	2.890000	2.430000	-3.125000	0.000000	0.095000	0	0	0	
508922	676	0.000000	2.910000	2.450000	1.500000	0.340000	47.000000	41.000000	6	0.781250	2.343750	0.655000	0.000000	2.940000	2.480000	-3.125000	0.000000	0.095000	0	0	0	
509172	679	0.000000	2.920000	2.460000	1.500000	0.340000	47.000000	41.000000	6	0.781250	2.343750	0.655000	0.000000	2.900000	2.440000	-3.125000	0.000000	0.095000	0	0	0	
509438	681	0.000000	2.940000	2.490000	1.500000	0.340000	47.000000	41.000000	6	0.781250	2.343750	0.655000	0.000000	2.920000	2.450000	-3.125000	0.000000	0.095000	0	0	0	
509688	680	0.000000	2.920000	2.460000	1.490000	0.340000	46.000000	41.000000	6	0.781250	0.000000	0.725000	0.000000	2.990000	2.510000	-3.125000	-1.562500	0.095000	0	0	0	
509922	678	0.000000	2.910000	2.450000	1.490000	0.340000	46.000000	41.000000	6	0.781250	0.000000	0.725000	0.000000	2.980000	2.510000	-3.125000	-1.562500	0.095000	0	0	0	
510172	682	0.000000	2.950000	2.490000	1.500000	0.340000	46.000000	41.000000	6	0.781250	0.000000	0.725000	0.000000	2.920000	2.460000	-3.125000	-1.562500	0.095000	0	0	0	
510438	683	0.000000	2.900000	2.440000	1.500000	0.340000	47.000000	41.000000	6	0.781250	0.000000	0.725000	0.000000	2.950000	2.500000	-3.125000	-1.562500	0.095000	0	0	0	
510734	689	0.000000	2.930000	2.460000	1.480000	0.340000	46.000000	41.000000	6	0.781250	-3.125000	0.755000	0.000000	3.020000	2.540000	-3.125000	-3.125000	0.100000	0	0	0	
511000	692	0.000000	2.990000	2.510000	1.490000	0.340000	47.000000	41.000000	6	0.781250	-3.125000	0.755000	0.000000	2.990000	2.510000	-3.125000	-3.125000	0.100000	0	0	0	
511234	699	0.000000	2.930000	2.460000	1.490000	0.340000	47.000000	41.000000	6	0.781250	-3.125000	0.755000	0.000000	3.020000	2.540000	-3.125000	-3.125000	0.100000	0	0	0	
511484	701	0.000000	2.900000	2.450000	1.500000	0.340000	47.000000	41.000000	6	0.781250	-3.125000	0.755000	0.000000	2.990000	2.530000	-3.125000	-3.125000	0.100000	0	0	0	
511750	701	0.000000	2.930000	2.500000	1.510000	0.340000	47.000000	41.000000	6	0.781250	-3.125000	0.765000	0.000000	2.970000	2.500000	-3.125000	-3.125000	0.100000	0	0	0	
512016	699	0.000000	2.930000	2.480000	1.500000	0.340000	47.000000	41.000000	6	0.781250	-4.687500	0.765000	0.000000	2.970000	2.500000	-3.125000	-3.125000	0.100000	0	0	0	
512266	699	0.000000	2.900000	2.450000	1.510000	0.340000	47.000000	41.000000	6	0.781250	-4.687500	0.765000	0.000000	3.000000	2.540000	-3.125000	-3.125000	0.100000	0	0	0	
512500	696	0.000000	2.950000	2.490000	1.500000	0.340000	46.000000	41.000000	6	0.781250	-4.687500	0.765000	0.000000	2.950000	2.500000	-3.125000	-3.125000	0.100000	0	0	0	
512750	697	0.000000	2.900000	2.440000	1.500000	0.340000	46.000000	41.000000	6	0.781250	-4.687500	0.765000	0.000000	2.950000	2.500000	-3.125000	-3.125000	0.100000	0	0	0	
513016	694	0.000000	2.910000	2.460000	1.490000	0.340000	47.000000	41.000000	6	0.781250	-3.906250	0.755000	0.000000	3.020000	2.540000	-3.125000	-3.125000	0.105000	0	0	0	
513391	682	0.000000	2.940000	2.490000	1.510000	0.340000	46.000000	41.000000	6	0.781250	-3.906250	0.755000	0.000000	2.960000	2.500000	-3.125000	-3.125000	0.105000	0	0	0	
513656	680	0.000000	2.870000	2.430000	1.510000	0.340000	47.000000	41.000000	6	0.781250	-3.906250	0.755000	0.000000	2.930000	2.510000	-3.125000	-3.125000	0.105000	0	0	0	
513906	676	0.000000	2.870000	2.420000	1.510000	0.340000	47.000000	41.000000	6	0.781250	-3.906250	0.755000	0.000000	2.950000	2.500000	-3.125000	-3.125000	0.105000	0	0	0	
514141	660	0.000000	2.920000	2.480000	1.510000	0.340000	46.000000	41.000000	6	0.781250	-3.125000	0.710000	0.000000	2.930000	2.480000	-3.125000	-2.343750	0.105000	0	0	0	
514406	648	0.000000	2.890000	2.440000	1.510000	0.340000	47.000000	41.000000	6	0.781250	-3.125000	0.710000	0.000000	2.990000	2.530000	-3.125000	-2.343750	0.105000	0	0	0	
514656	636	0.000000	2.920000	2.480000	1.500000	0.340000	47.000000	41.000000	6	0.781250	-3.125000	0.710000	0.000000	3.010000	2.540000	-3.125000	-2.343750	0.105000	0	0	0	
514938	619	0.000000	2.900000	2.450000	1.500000	0.340000	46.000000	41.000000	6	0.781250	-3.125000	0.710000	0.000000	2.950000	2.480000	-3.125000	-2.343750	0.105000	0	0	0	
515156	606	0.000000	2.980000	2.510000	1.510000	0.340000	46.000000	41.000000	6	0.781250	-1.562500	0.635000	0.000000	3.010000	2.540000	-3.125000	-2.343750	0.105000	0	0	0	
515422	596	0.000000	2.970000	2.500000	1.510000	0.340000	46.000000	41.000000	6	0.781250	-1.562500	0.635000	0.000000	3.030000	2.570000	-3.125000	-2.343750	0.105000	0	0	0	
515672	585	0.000000	3.030000	2.570000	1.500000	0.350000	46.000000	41.000000	6	0.781250	-1.562500	0.635000	0.000000	3.040000	2.580000	-3.125000	-2.343750	0.105000	0	0	0	
515906	572	0.000000	3.160000	2.660000	1.500000	0.360000	47.000000	41.000000	6	0.781250	-1.562500	0.635000	0.000000	3.150000	2.650000	-3.125000	-2.343750	0.105000	0	0	0	
516172	577	0.000000	3.190000	2.690000	1.500000	0.360000	47.000000	41.000000	6	0.781250	-0.781250	0.255000	0.000000	3.260000	2.740000	-3.125000	-3.125000	0.105000	0	0	0	
516422	585	0.000000	3.350000	2.800000	1.500000	0.370000	46.000000	41.000000	6	0.781250	-0.781250	0.255000	0.000000	3.270000	2.750000	-3.125000	-3.125000	0.105000	0	0	0	
516672	592	0.000000	3.380000	2.830000	1.520000	0.360000	47.000000	41.000000	6	0.781250	-0.781250	0.255000	0.000000	3.280000	2.760000	-3.125000	-3.125000	0.105000	0	0	0	
516938	602	0.000000	3.330000	2.790000	1.490000	0.370000	46.000000	41.000000	6	0.781250	-0.781250	0.255000	0.000000	3.320000	2.800000	-3.125000	-3.125000	0.105000	0	0	0	
517203	605	0.000000	3.360000	2.820000	1.500000	0.360000	47.000000	41.000000	6	0.781250	0.000000	0.110000	0.000000	3.250000	2.720000	-3.125000	-3.125000	0.105000	0	0	0	
517469	606	0.000000	3.350000	2.810000	1.500000	0.360000	46.000000	41.000000	6	0.781250	0.000000	0.110000	0.000000	3.240000	2.710000	-3.125000	-3.125000	0.105000	0	0	0	
517766	606	0.000000	3.270000	2.730000	1.510000	0.360000	46.000000	41.000000	6	0.781250	0.000000	0.110000	0.000000	3.270000	2.740000	-3.125000	-3.125000	0.105000	0	0	0	
518016	608	0.000000	3.250000	2.730000	1.500000	0.360000	46.000000	41.000000	6	0.781250	0.000000	0.110000	0.000000	3.190000	2.690000	-3.125000	-3.125000	0.105000	0	0	0	
518281	610	0.000000	3.270000	2.750000	1.510000	0.360000	47.000000	41.000000	6	0.781250	0.000000	0.110000	0.000000	3.170000	2.670000	-3.125000	-3.125000	0.105000	0	0	0	
518719	609	0.000000	3.190000	2.680000	1.500000	0.360000	46.000000	41.000000	6	0.781250	-1.562500	0.110000	0.000000	3.230000	2.700000	-3.125000	-3.906250	0.105000	0	0	0	
518953	608	0.000000	3.240000	2.710000	1.490000	0.360000	46.000000	41.000000	6	0.781250	-1.562500	0.110000	0.000000	3.170000	2.650000	-3.125000	-3.906250	0.105000	0	0	0	
519203	605	0.000000	3.230000	2.710000	1.490000	0.360000	47.000000	41.000000	6	0.781250	-1.562500	0.110000	0.000000	3.210000	2.690000	-3.125000	-3.906250	0.105000	0	0	0	
519484	603	0.000000	3.160000	2.680000	1.520000	0.360000	46.000000	41.000000	6	0.781250	-1.562500	0.150000	0.000000	3.210000	2.700000	-3.125000	-3.906250	0.105000	0	0	0	
519734	606	0.000000	3.220000	2.710000	1.510000	0.350000	46.000000	41.000000	6	0.781250	-1.562500	0.150000	0.000000	3.100000	2.640000	-3.125000	-3.906250	0.105000	0	0	0	
519984	602	0.000000	3.220000	2.720000	1.510000	0.360000	46.000000	41.000000	6	0.781250	-1.562500	0.150000	0.000000	3.190000	2.700000	-3.125000	-3.906250	0.105000	0	0	0	
520219	602	0.000000	3.170000	2.670000	1.500000	0.360000	46.000000	41.000000	6	0.781250	-1.562500	0.150000	0.000000	3.230000	2.710000	-3.125000	-3.906250	0.105000	0	0	0	
520500	601	0.000000	3.180000	2.680000	1.500000	0.360000	46.000000	41.000000	6	0.781250	-2.343750	0.660000	0.000000	3.230000	2.710000	-3.125000	-3.906250	0.105000	0	0	0	
520766	598	0.000000	3.250000	2.720000	1.500000	0.360000	47.000000	41.000000	6	0.781250	-2.343750	0.660000	0.000000	3.180000	2.670000	-3.125000	-3.906250	0.105000	0	0	0	
520984	596	0.000000	3.170000	2.670000	1.500000	0.360000	47.000000	41.000000	6	0.781250	-2.343750	0.660000	0.000000	3.250000	2.730000	-3.125000	-3.906250	0.105000	0	0	0	
521234	599	0.000000	3.180000	2.680000	1.500000	0.360000	47.000000	41.000000	6	0.781250	-2.343750	0.660000	0.000000	3.250000	2.740000	-3.125000	-3.906250	0.105000	0	0	0	
521484	599	0.000000	3.230000	2.710000	1.510000	0.360000	46.000000	41.000000	6	0.781250	-2.343750	0.660000	0.000000	3.180000	2.680000	-3.125000	-3.906250	0.105000	0	0	0	
521750	598	0.000000	3.110000	2.650000	1.510000	0.360000	46.000000	41.000000	6	0.781250	-3.125000	0.690000	0.000000	3.180000	2.700000	-3.125000	-3.906250	0.105000	0	0	0	
521984	599	0.000000	3.100000	2.630000	1.510000	0.350000	46.000000	41.000000	6	0.781250	-3.125000	0.690000	0.000000	3.230000	2.720000	-3.125000	-3.906250	0.105000	0	0	0	
522234	600	0.000000	3.170000	2.680000	1.530000	0.350000	46.000000	41.000000	6	0.781250	-3.125000	0.690000	0.000000	3.160000	2.660000	-3.125000	-3.906250	0.105000	0	0	0	
522469	598	0.000000	3.170000	2.670000	1.500000	0.360000	46.000000	41.000000	6	0.781250	-3.125000	0.690000	0.000000	3.150000	2.650000	-3.125000	-3.906250	0.105000	0	0	0	
522688	592	0.000000	3.100000	2.620000	1.500000	0.360000	47.000000	41.000000	6	0.781250	-3.125000	0.700000	0.000000	3.190000	2.700000	-3.125000	-3.906250	0.105000	0	0	0	
522953	592	0.000000	3.160000	2.650000	1.490000	0.360000	46.000000	41.000000	6	0.781250	-4.687500	0.700000	0.000000	3.150000	2.650000	-3.125000	-4.687500	0.105000	0	0	0	
523219	593	0.000000	3.180000	2.680000	1.500000	0.360000	47.000000	41.000000	6	0.781250	-4.687500	0.700000	0.000000	3.220000	2.710000	-3.125000	-4.687500	0.105000	0	0	0	
523453	596	0.000000	3.100000	2.610000	1.510000	0.350000	47.000000	41.000000	6	0.781250	-4.687500	0.700000	0.000000	3.170000	2.680000	-3.125000	-4.687500	0.105000	0	0	0	
523859	596	0.000000	3.130000	2.640000	1.510000	0.350000	47.000000	41.000000	6	0.781250	-4.687500	0.695000	0.000000	3.100000	2.620000	-3.125000	-5.468750	0.105000	0	0	0	
524125	594	0.000000	3.160000	2.650000	1.500000	0.350000	46.000000	41.000000	6	0.781250	-4.687500	0.695000	0.000000	3.180000	2.680000	-3.125000	-5.468750	0.105000	0	0	0	
524344	595	0.000000	3.090000	2.610000	1.500000	0.360000	46.000000	41.000000	6	0.781250	-4.687500	0.695000	0.000000	3.180000	2.680000	-3.125000	-5.468750	0.105000	0	0	0	
524594	594	0.000000	3.160000	2.650000	1.510000	0.350000	46.000000	41.000000	6	0.781250	-4.687500	0.695000	0.000000	3.100000	2.630000	-3.125000	-5.468750	0.105000	0	0	0	
524844	594	0.000000	3.130000	2.650000	1.490000	0.360000	46.000000	41.000000	6	0.781250	-4.687500	0.685000	0.000000	3.160000	2.660000	-3.125000	-5.468750	0.105000	0	0	0	
525078	595	0.000000	3.090000	2.600000	1.500000	0.350000	46.000000	41.000000	6	0.781250	-4.687500	0.685000	0.000000	3.170000	2.670000	-3.125000	-5.468750	0.105000	0	0	0	
525313	593	0.000000	3.100000	2.600000	1.500000	0.350000	46.000000	41.000000	6	0.781250	-4.687500	0.685000	0.000000	3.110000	2.630000	-3.125000	-5.468750	0.105000	0	0	0	
525563	596	0.000000	3.170000	2.660000	1.500000	0.360000	46.000000	41.000000	6	0.781250	-4.687500	0.685000	0.000000	3.110000	2.630000	-3.125000	-5.468750	0.105000	0	0	0	
525781	597	0.000000	3.100000	2.610000	1.510000	0.350000	46.000000	41.000000	6	0.781250	-4.687500	0.685000	0.000000	3.180000	2.680000	-3.125000	-5.468750	0.105000	0	0	0	
526031	599	0.000000	3.080000	2.610000	1.500000	0.350000	46.000000	41.000000	6	0.781250	-3.906250	0.665000	0.000000	3.110000	2.620000	-3.125000	-4.687500	0.105000	0	0	0	
526281	599	0.000000	3.130000	2.640000	1.510000	0.350000	46.000000	41.000000	6	0.781250	-3.906250	0.665000	0.000000	3.100000	2.620000	-3.125000	-4.687500	0.105000	0	0	0	
526531	600	0.000000	3.130000	2.650000	1.500000	0.360000	46.000000	41.000000	6	0.781250	-3.906250	0.665000	0.000000	3.130000	2.640000	-3.125000	-4.687500	0.105000	0	0	0	
526766	600	0.000000	3.110000	2.610000	1.490000	0.360000	46.000000	41.000000	6	0.781250	-3.906250	0.665000	0.000000	3.160000	2.670000	-3.125000	-4.687500	0.105000	0	0	0	
527031	603	0.000000	3.050000	2.580000	1.510000	0.350000	46.000000	41.000000	6	0.781250	-3.906250	0.665000	0.000000	3.020000	2.550000	-3.125000	-4.687500	0.105000	0	0	0	
527297	608	0.000000	3.030000	2.570000	1.510000	0.350000	46.000000	41.000000	6	0.781250	-3.125000	0.625000	0.000000	3.020000	2.580000	-3.125000	-4.687500	0.105000	0	0	0	
527563	608	0.000000	3.010000	2.540000	1.520000	0.350000	46.000000	41.000000	6	0.781250	-3.125000	0.625000	0.000000	3.040000	2.590000	-3.125000	-4.687500	0.105000	0	0	0	
527797	600	0.000000	3.120000	2.640000	1.510000	0.350000	46.000000	41.000000	6	0.781250	-3.125000	0.625000	0.000000	3.010000	2.560000	-3.125000	-4.687500	0.105000	0	0	0	
528063	582	0.000000	3.430000	2.890000	1.500000	0.390000	46.000000	41.000000	6	0.781250	-3.125000	0.625000	0.000000	3.430000	2.890000	-3.125000	-4.687500	0.105000	0	0	0	
528344	596	0.000000	3.510000	2.950000	1.500000	0.390000	46.000000	41.000000	6	0.781250	-1.562500	0.380000	0.000000	3.570000	2.980000	-3.125000	-3.906250	0.100000	0	0	0	
528594	625	0.000000	3.570000	2.980000	1.500000	0.390000	46.000000	41.000000	6	0.781250	-1.562500	0.380000	0.000000	3.470000	2.920000	-3.125000	-3.906250	0.100000	0	0	0	
529000	674	0.000000	3.400000	2.880000	1.510000	0.380000	46.000000	41.000000	6	0.781250	-1.562500	0.380000	0.000000	3.400000	2.860000	-3.125000	-3.906250	0.100000	0	0	0	
529266	713	0.000000	3.270000	2.750000	1.500000	0.360000	46.000000	41.000000	6	0.781250	0.000000	0.120000	0.000000	3.280000	2.770000	-3.125000	-2.343750	0.100000	0	0	0	
529531	724	0.000000	3.230000	2.680000	1.510000	0.360000	46.000000	41.000000	6	0.781250	0.000000	0.120000	0.000000	3.040000	2.590000	-3.125000	-2.343750	0.100000	0	0	0	
529781	731	0.000000	3.010000	2.540000	1.500000	0.350000	46.000000	41.000000	6	0.781250	0.000000	0.120000	0.000000	3.010000	2.540000	-3.125000	-2.343750	0.100000	0	0	0	
530078	721	0.000000	3.000000	2.520000	1.500000	0.350000	46.000000	41.000000	6	0.781250	0.000000	0.120000	0.000000	3.000000	2.520000	-3.125000	-2.343750	0.100000	0	0	0	
530344	719	0.000000	3.040000	2.570000	1.500000	0.340000	46.000000	41.000000	6	0.781250	-0.781250	0.120000	0.000000	2.990000	2.520000	-3.125000	-2.343750	0.100000	0	0	0	
530609	720	0.000000	3.000000	2.530000	1.500000	0.340000	46.000000	41.000000	6	0.781250	-0.781250	0.120000	0.000000	3.020000	2.550000	-3.125000	-2.343750	0.100000	0	0	0	
530859	724	0.000000	3.000000	2.530000	1.500000	0.340000	46.000000	41.000000	6	0.781250	-0.781250	0.120000	0.000000	3.020000	2.550000	-3.125000	-2.343750	0.100000	0	0	0	
531125	733	0.000000	3.040000	2.570000	1.500000	0.340000	46.000000	41.000000	6	0.781250	-0.781250	0.120000	0.000000	3.000000	2.530000	-3.125000	-2.343750	0.100000	0	0	0	
531359	735	0.000000	3.010000	2.540000	1.490000	0.340000	46.000000	41.000000	6	0.781250	-0.781250	0.120000	0.000000	3.030000	2.560000	-3.125000	-2.343750	0.100000	0	0	0	
531609	734	0.000000	3.010000	2.540000	1.500000	0.340000	46.000000	41.000000	6	0.781250	2.343750	0.150000	0.000000	3.000000	2.530000	-3.125000	0.000000	0.100000	0	0	0	
531859	734	0.000000	3.060000	2.590000	1.490000	0.340000	46.000000	41.000000	6	0.781250	2.343750	0.150000	0.000000	3.010000	2.530000	-3.125000	0.000000	0.100000	0	0	0	
532109	735	0.000000	3.030000	2.570000	1.500000	0.340000	46.000000	41.000000	6	0.781250	2.343750	0.150000	0.000000	3.060000	2.590000	-3.125000	0.000000	0.100000	0	0	0	
532359	734	0.000000	3.050000	2.570000	1.500000	0.340000	46.000000	41.000000	6	0.781250	2.343750	0.150000	0.000000	3.060000	2.590000	-3.125000	0.000000	0.100000	0	0	0	
532609	736	0.000000	3.100000	2.600000	1.500000	0.340000	46.000000	41.000000	6	0.781250	3.906250	0.125000	0.000000	3.010000	2.530000	-3.125000	1.562500	0.095000	0	0	0	
532875	738	0.000000	3.020000	2.550000	1.500000	0.340000	46.000000	41.000000	6	0.781250	3.906250	0.125000	0.000000	3.020000	2.540000	-3.125000	1.562500	0.095000	0	0	0	
533156	739	0.000000	3.040000	2.580000	1.500000	0.340000	46.000000	41.000000	6	0.781250	3.906250	0.125000	0.000000	3.050000	2.590000	-3.125000	1.562500	0.095000	0	0	0	
533391	740	0.000000	3.040000	2.570000	1.500000	0.340000	46.000000	41.000000	6	0.781250	3.906250	0.125000	0.000000	2.990000	2.510000	-3.125000	1.562500	0.095000	0	0	0	
533641	746	0.000000	3.030000	2.550000	1.490000	0.340000	46.000000	41.000000	6	0.781250	5.468750	0.110000	0.000000	2.950000	2.490000	-3.125000	3.125000	0.095000	0	0	0	
533906	740	0.000000	3.010000	2.530000	1.490000	0.340000	46.000000	41.000000	6	0.781250	5.468750	0.110000	0.000000	3.020000	2.540000	-3.125000	3.125000	0.095000	0	0	0	
534281	709	0.000000	3.060000	2.590000	1.500000	0.340000	46.000000	41.000000	6	0.781250	5.468750	0.110000	0.000000	3.000000	2.520000	-3.125000	3.125000	0.095000	0	0	0	
534547	693	0.000000	3.000000	2.540000	1.500000	0.340000	46.000000	41.000000	6	0.781250	5.468750	0.110000	0.000000	2.990000	2.530000	-3.125000	3.125000	0.095000	0	0	0	
534797	677	0.000000	2.970000	2.530000	1.520000	0.340000	46.000000	41.000000	6	0.781250	7.812500	0.105000	0.000000	3.010000	2.560000	-3.125000	4.687500	0.090000	0	0	0	
535047	646	0.000000	3.010000	2.570000	1.510000	0.340000	46.000000	41.000000	6	0.781250	7.812500	0.105000	0.000000	2.990000	2.530000	-3.125000	4.687500	0.090000	0	0	0	
535313	629	0.000000	3.010000	2.550000	1.510000	0.340000	46.000000	41.000000	6	0.781250	7.812500	0.105000	0.000000	3.030000	2.580000	-3.125000	4.687500	0.090000	0	0	0	
535563	614	0.000000	3.030000	2.560000	1.500000	0.340000	46.000000	41.000000	6	0.781250	7.812500	0.105000	0.000000	3.050000	2.590000	-3.125000	4.687500	0.090000	0	0	0	
535859	587	0.000000	3.050000	2.590000	1.500000	0.340000	46.000000	41.000000	6	0.781250	7.031250	0.100000	0.000000	3.030000	2.580000	-3.125000	4.687500	0.085000	0	0	0	
536141	575	0.000000	3.190000	2.690000	1.500000	0.340000	46.000000	41.000000	6	0.781250	7.031250	0.100000	0.000000	3.230000	2.710000	-3.125000	4.687500	0.085000	0	0	0	
536391	566	0.000000	3.290000	2.760000	1.500000	0.350000	46.000000	41.000000	6	0.781250	7.031250	0.100000	0.000000	3.320000	2.790000	-3.125000	4.687500	0.085000	0	0	0	
536672	569	0.000000	3.410000	2.870000	1.520000	0.360000	46.000000	41.000000	6	0.781250	7.031250	0.100000	0.000000	3.350000	2.800000	-3.125000	4.687500	0.085000	0	0	0	
536938	575	0.000000	3.380000	2.870000	1.520000	0.370000	46.000000	41.000000	6	0.781250	4.687500	0.135000	0.000000	3.360000	2.840000	-3.125000	1.562500	0.085000	0	0	0	
537188	583	0.000000	3.400000	2.870000	1.520000	0.360000	46.000000	41.000000	6	0.781250	4.687500	0.135000	0.000000	3.390000	2.870000	-3.125000	1.562500	0.085000	0	0	0	
537438	590	0.000000	3.430000	2.900000	1.520000	0.360000	46.000000	41.000000	6	0.781250	4.687500	0.135000	0.000000	3.330000	2.810000	-3.125000	1.562500	0.085000	0	0	0	
537672	591	0.000000	3.370000	2.850000	1.520000	0.360000	46.000000	41.000000	6	0.781250	4.687500	0.135000	0.000000	3.270000	2.760000	-3.125000	1.562500	0.085000	0	0	0	
537969	590	0.000000	3.190000	2.690000	1.500000	0.360000	46.000000	41.000000	6	0.781250	-0.781250	0.730000	0.000000	3.290000	2.710000	-3.125000	-3.125000	0.080000	0	0	0	
538219	593	0.000000	3.230000	2.700000	1.500000	0.360000	46.000000	41.000000	6	0.781250	-0.781250	0.730000	0.000000	3.150000	2.650000	-3.125000	-3.125000	0.080000	0	0	0	
538484	594	0.000000	3.170000	2.670000	1.490000	0.360000	46.000000	41.000000	6	0.781250	-0.781250	0.730000	0.000000	3.110000	2.630000	-3.125000	-3.125000	0.080000	0	0	0	
538734	590	0.000000	3.040000	2.580000	1.500000	0.370000	46.000000	41.000000	6	0.781250	-0.781250	0.730000	0.000000	3.130000	2.640000	-3.125000	-3.125000	0.080000	0	0	0	
538984	586	0.000000	3.080000	2.610000	1.500000	0.360000	46.000000	41.000000	6	0.781250	-7.031250	0.785000	0.000000	3.080000	2.600000	-3.125000	-3.125000	0.085000	0	0	0	
539234	587	0.000000	3.060000	2.600000	1.500000	0.370000	46.000000	41.000000	6	0.781250	-7.031250	0.785000	0.000000	3.050000	2.600000	-3.125000	-7.031250	0.085000	0	0	0	
539656	589	0.000000	2.990000	2.530000	1.510000	0.370000	46.000000	41.000000	6	0.781250	-7.031250	0.785000	0.000000	3.090000	2.620000	-3.125000	-7.031250	0.085000	0	0	0	
539906	613	0.000000	3.300000	2.760000	1.480000	0.430000	46.000000	41.000000	6	0.781250	-7.031250	0.785000	0.000000	3.400000	2.840000	-3.125000	-7.031250	0.085000	0	0	0	
540156	653	0.000000	4.200000	3.290000	1.490000	0.450000	46.000000	41.000000	6	0.781250	-7.812500	0.810000	0.000000	4.330000	3.350000	-3.125000	-7.031250	0.085000	0	0	0	
540438	712	0.000000	4.120000	3.260000	1.500000	0.460000	46.000000	41.000000	6	0.781250	-7.812500	0.810000	0.000000	4.360000	3.390000	-3.125000	-6.250000	0.085000	0	0	0	
540672	662	0.000000	4.420000	3.420000	1.490000	0.470000	46.000000	41.000000	6	0.781250	-7.812500	0.810000	0.000000	4.280000	3.340000	-3.125000	-6.250000	0.085000	0	0	0	
540922	517	0.000000	8.670000	6.640000	1.470000	0.640000	46.000000	41.000000	6	0.781250	-7.812500	0.810000	0.000000	4.490000	3.470000	-3.125000	-6.250000	0.085000	0	0	0	
541188	369	0.000000	2.630000	2.110000	1.490000	0.940000	46.000000	41.000000	6	0.781250	-7.812500	0.810000	0.000000	2.280000	1.680000	-3.125000	-6.250000	0.085000	0	0	0	
541406	568	0.000000	11.350000	8.760000	1.510000	0.830000	46.000000	41.000000	6	0.781250	1.562500	0.810000	0.000000	10.950000	8.450000	-3.125000	0.781250	0.090000	0	0	0	
541672	714	0.000000	7.150000	5.910000	1.520000	0.660000	46.000000	41.000000	6	0.781250	1.562500	0.810000	0.000000	6.500000	5.480000	-3.125000	0.781250	0.090000	0	0	0	
541922	1087	0.000000	4.990000	3.910000	1.520000	0.490000	46.000000	41.000000	6	0.781250	1.562500	0.810000	0.000000	4.820000	3.700000	-3.125000	0.781250	0.090000	0	0	0	
542188	1144	0.000000	3.230000	2.480000	1.510000	0.390000	46.000000	41.000000	6	0.781250	1.562500	0.810000	0.000000	3.060000	2.380000	-3.125000	0.781250	0.090000	0	0	0	
542453	1069	0.000000	2.650000	2.140000	1.500000	0.340000	46.000000	41.000000	6	0.781250	-11.718750	0.875000	0.000000	2.760000	2.150000	-3.125000	-9.375000	0.825000	0	0	0	
542703	1009	0.000000	2.620000	2.110000	1.500000	0.340000	46.000000	41.000000	6	0.781250	-11.718750	0.875000	0.000000	2.770000	2.220000	-3.125000	-9.375000	0.825000	0	0	0	
542969	949	0.000000	2.750000	2.240000	1.500000	0.330000	46.000000	41.000000	6	0.781250	-11.718750	0.875000	0.000000	2.740000	2.240000	-3.125000	-9.375000	0.825000	0	0	0	
543203	907	0.000000	2.830000	2.320000	1.500000	0.340000	46.000000	41.000000	6	0.781250	-11.718750	0.875000	0.000000	2.850000	2.350000	-3.125000	-9.375000	0.825000	0	0	0	
543438	893	0.000000	2.890000	2.390000	1.500000	0.340000	46.000000	41.000000	6	0.781250	-1.562500	0.870000	0.000000	3.040000	2.480000	-3.125000	0.000000	0.805000	0	0	0	
543734	879	0.000000	3.000000	2.450000	1.510000	0.340000	46.000000	41.000000	6	0.781250	-1.562500	0.870000	0.000000	3.080000	2.490000	-3.125000	0.000000	0.805000	0	0	0	
543984	875	0.000000	3.100000	2.500000	1.500000	0.340000	46.000000	41.000000	6	0.781250	-1.562500	0.870000	0.000000	3.050000	2.480000	-3.125000	0.000000	0.805000	0	0	0	
544250	877	0.000000	3.150000	2.520000	1.500000	0.340000	46.000000	41.000000	6	0.781250	-1.562500	0.870000	0.000000	3.240000	2.570000	-3.125000	0.000000	0.805000	0	0	0	
544500	872	0.000000	3.110000	2.500000	1.490000	0.340000	46.000000	41.000000	6	0.781250	-1.562500	0.830000	0.000000	3.010000	2.470000	-3.125000	0.000000	0.805000	0	0	0	
544891	857	0.000000	2.940000	2.420000	1.490000	0.330000	46.000000	41.000000	6	0.781250	3.906250	0.830000	0.000000	2.940000	2.420000	-3.125000	3.125000	0.780000	0	0	0	
545156	817	0.000000	2.820000	2.360000	1.510000	0.330000	46.000000	41.000000	6	0.781250	3.906250	0.830000	0.000000	2.850000	2.400000	-3.125000	3.125000	0.780000	0	0	0	
545422	789	0.000000	2.840000	2.400000	1.500000	0.330000	46.000000	41.000000	6	0.781250	3.906250	0.830000	0.000000	2.840000	2.390000	-3.125000	3.125000	0.780000	0	0	0	
545688	743	0.000000	2.940000	2.480000	1.490000	0.330000	46.000000	41.000000	6	0.781250	2.343750	0.780000	0.000000	2.990000	2.520000	-3.125000	1.562500	0.765000	0	0	0	
545922	726	0.000000	2.930000	2.480000	1.500000	0.340000	46.000000	41.000000	6	0.781250	2.343750	0.780000	0.000000	3.020000	2.550000	-3.125000	1.562500	0.765000	0	0	0	
546172	698	0.000000	3.040000	2.570000	1.500000	0.340000	45.000000	41.000000	6	0.781250	2.343750	0.780000	0.000000	3.040000	2.580000	-3.125000	1.562500	0.765000	0	0	0	
546438	683	0.000000	3.030000	2.570000	1.500000	0.340000	46.000000	41.000000	6	0.781250	2.343750	0.780000	0.000000	3.030000	2.560000	-3.125000	1.562500	0.765000	0	0	0	
546672	659	0.000000	3.010000	2.530000	1.500000	0.340000	46.000000	41.000000	6	0.781250	1.562500	0.730000	0.000000	3.050000	2.590000	-3.125000	1.562500	0.760000	0	0	0	
546953	646	0.000000	3.060000	2.600000	1.510000	0.340000	45.000000	41.000000	6	0.781250	1.562500	0.730000	0.000000	3.050000	2.590000	-3.125000	1.562500	0.760000	0	0	0	
547219	626	0.000000	3.040000	2.590000	1.520000	0.340000	45.000000	41.000000	6	0.781250	1.562500	0.730000	0.000000	3.070000	2.600000	-3.125000	1.562500	0.760000	0	0	0	
547484	616	0.000000	3.030000	2.590000	1.520000	0.340000	46.000000	41.000000	6	0.781250	1.562500	0.730000	0.000000	3.150000	2.660000	-3.125000	1.562500	0.760000	0	0	0	
547734	612	0.000000	3.040000	2.590000	1.510000	0.350000	45.000000	41.000000	6	0.781250	-0.781250	0.710000	0.000000	3.100000	2.630000	-3.125000	-0.781250	0.750000	0	0	0	
548000	601	0.000000	3.150000	2.650000	1.510000	0.350000	46.000000	41.000000	6	0.781250	-0.781250	0.710000	0.000000	3.120000	2.640000	-3.125000	-0.781250	0.750000	0	0	0	
548266	600	0.000000	3.090000	2.610000	1.510000	0.350000	46.000000	41.000000	6	0.781250	-0.781250	0.710000	0.000000	3.190000	2.690000	-3.125000	-0.781250	0.750000	0	0	0	
548516	599	0.000000	3.090000	2.610000	1.510000	0.360000	45.000000	41.000000	6	0.781250	-0.781250	0.710000	0.000000	3.120000	2.640000	-3.125000	-0.781250	0.750000	0	0	0	
548781	598	0.000000	3.160000	2.660000	1.500000	0.360000	46.000000	41.000000	6	0.781250	-0.781250	0.710000	0.000000	3.110000	2.630000	-3.125000	-0.781250	0.750000	0	0	0	
549031	600	0.000000	3.160000	2.660000	1.500000	0.360000	45.000000	42.000000	6	0.781250	-3.906250	0.725000	0.000000	3.170000	2.670000	-3.125000	-4.687500	0.740000	0	0	0	
549281	601	0.000000	3.050000	2.590000	1.500000	0.360000	45.000000	42.000000	6	0.781250	-3.906250	0.725000	0.000000	3.160000	2.660000	-3.125000	-4.687500	0.740000	0	0	0	
549531	601	0.000000	3.100000	2.630000	1.520000	0.360000	46.000000	41.000000	6	0.781250	-3.906250	0.725000	0.000000	3.030000	2.580000	-3.125000	-4.687500	0.740000	0	0	0	
549797	602	0.000000	3.090000	2.620000	1.520000	0.360000	45.000000	42.000000	6	0.781250	-3.906250	0.725000	0.000000	3.070000	2.620000	-3.125000	-4.687500	0.740000	0	0	0	
550203	652	0.000000	3.890000	3.160000	1.470000	0.460000	45.000000	42.000000	6	0.781250	-4.687500	0.730000	0.000000	4.200000	3.290000	-3.125000	-6.250000	0.730000	0	0	0	
550469	731	0.000000	5.700000	4.820000	1.470000	0.600000	46.000000	42.000000	6	0.781250	-4.687500	0.730000	0.000000	5.620000	4.730000	-3.125000	-6.250000	0.730000	0	0	0	
550734	863	0.000000	6.470000	5.250000	1.480000	0.630000	45.000000	41.000000	6	0.781250	-4.687500	0.730000	0.000000	6.330000	5.150000	-3.125000	-6.250000	0.730000	0	0	0	
550984	922	0.000000	5.990000	4.870000	1.480000	0.630000	46.000000	42.000000	6	0.781250	-4.687500	0.715000	0.000000	5.980000	4.870000	-3.125000	-6.250000	0.715000	0	0	0	
551250	939	0.000000	5.950000	4.790000	1.460000	0.680000	45.000000	42.000000	6	0.781250	-2.343750	0.715000	0.000000	6.150000	4.930000	-3.125000	-0.781250	0.715000	0	0	0	
551531	853	0.000000	7.420000	5.810000	1.450000	0.710000	46.000000	42.000000	6	0.781250	-2.343750	0.715000	0.000000	7.020000	5.570000	-3.125000	-0.781250	0.715000	0	0	0	
551766	938	0.000000	6.470000	5.180000	1.480000	0.680000	45.000000	42.000000	6	0.781250	-2.343750	0.715000	0.000000	6.590000	5.250000	-3.125000	-0.781250	0.715000	0	0	0	
552031	1126	0.000000	6.020000	4.870000	1.490000	0.680000	45.000000	42.000000	6	0.781250	-2.343750	0.715000	0.000000	6.110000	4.950000	-3.125000	-0.781250	0.695000	0	0	0	
552328	1283	0.000000	5.790000	4.840000	1.490000	0.670000	46.000000	42.000000	6	0.781250	-7.031250	0.715000	0.000000	5.640000	4.560000	-3.125000	-5.468750	0.695000	0	0	0	
552578	1344	0.000000	5.640000	4.770000	1.470000	0.660000	45.000000	42.000000	6	0.781250	-7.031250	0.715000	0.000000	5.600000	4.620000	-3.125000	-5.468750	0.695000	0	0	0	
552828	1469	0.000000	5.820000	4.850000	1.470000	0.650000	45.000000	42.000000	6	0.781250	-7.031250	0.715000	0.000000	5.640000	4.600000	-3.125000	-5.468750	0.695000	0	0	0	
553109	1599	0.000000	5.880000	5.030000	1.460000	0.670000	45.000000	42.000000	6	0.781250	-7.031250	0.715000	0.000000	5.510000	4.260000	-3.125000	-5.468750	0.695000	0	0	0	
553391	1723	0.000000	6.600000	5.080000	1.450000	0.710000	46.000000	42.000000	6	0.781250	6.250000	0.070000	0.000000	6.490000	5.040000	-3.125000	3.906250	0.045000	0	0	0	
553656	1853	0.000000	5.800000	4.290000	1.450000	0.640000	46.000000	42.000000	6	0.781250	6.250000	0.070000	0.000000	5.730000	3.940000	-3.125000	3.906250	0.045000	0	0	0	
553906	1963	0.000000	4.900000	3.820000	1.460000	0.600000	45.000000	42.000000	6	0.781250	6.250000	0.070000	0.000000	4.830000	3.550000	-3.125000	3.906250	0.045000	0	0	0	
554188	2046	0.000000	5.490000	4.030000	1.460000	0.600000	46.000000	42.000000	6	0.781250	6.250000	0.070000	0.000000	5.010000	3.890000	-3.125000	3.906250	0.045000	0	0	0	
554422	2107	0.000000	4.980000	3.860000	1.460000	0.580000	46.000000	42.000000	6	0.781250	3.906250	0.705000	0.000000	5.000000	3.940000	-3.125000	4.687500	0.590000	0	0	0	
554672	2207	0.000000	5.470000	4.000000	1.450000	0.570000	45.000000	42.000000	6	0.781250	3.906250	0.705000	0.000000	5.010000	3.870000	-3.125000	4.687500	0.590000	0	0	0	
554938	2264	0.000000	5.570000	4.010000	1.450000	0.580000	45.000000	42.000000	6	0.781250	3.906250	0.705000	0.000000	5.730000	4.140000	-3.125000	4.687500	0.590000	0	0	0	
555172	2347	0.000000	5.200000	3.920000	1.470000	0.570000	45.000000	42.000000	6	0.781250	3.906250	0.705000	0.000000	5.680000	3.940000	-3.125000	4.687500	0.590000	0	0	0	
555594	2336	0.000000	3.270000	2.560000	1.620000	0.340000	45.000000	42.000000	6	0.781250	4.687500	0.610000	0.000000	3.160000	2.440000	-3.125000	2.343750	0.085000	0	0	0	
555828	2304	0.000000	2.540000	1.940000	1.680000	0.260000	45.000000	42.000000	6	0.781250	4.687500	0.610000	0.000000	2.610000	1.990000	-3.125000	2.343750	0.085000	0	0	0	
556063	2007	0.000000	0.000000	0.000000	1.750000	0.250000	45.000000	42.000000	6	0.781250	4.687500	0.610000	0.000000	0.000000	0.000000	-3.125000	2.343750	0.085000	0	0	0	
556344	1693	0.000000	2.160000	1.870000	1.740000	0.260000	45.000000	42.000000	6	0.781250	4.687500	0.610000	0.000000	2.180000	1.900000	-3.125000	2.343750	0.085000	0	0	0	
556609	1348	0.000000	3.530000	2.900000	1.530000	0.350000	46.000000	42.000000	6	0.781250	0.000000	0.720000	0.000000	3.670000	2.950000	-3.125000	0.000000	0.000000	0	0	0	
556875	1401	0.000000	4.530000	3.390000	1.480000	0.410000	45.000000	42.000000	6	0.781250	0.000000	0.720000	0.000000	4.530000	3.380000	-3.125000	0.000000	0.000000	0	0	0	
557109	1474	0.000000	4.700000	3.530000	1.470000	0.450000	45.000000	42.000000	6	0.781250	0.000000	0.720000	0.000000	4.630000	3.420000	-3.125000	0.000000	0.000000	0	0	0	
557375	1429	0.000000	4.810000	3.850000	1.490000	0.510000	45.000000	42.000000	6	0.781250	0.000000	0.720000	0.000000	4.750000	3.740000	-3.125000	0.000000	0.000000	0	0	0	
557625	1428	0.000000	6.430000	5.140000	1.450000	0.630000	45.000000	42.000000	6	0.781250	0.000000	0.035000	0.000000	5.990000	4.940000	-3.125000	0.000000	0.000000	0	0	0	
557891	1506	0.000000	8.000000	6.030000	1.420000	0.750000	45.000000	42.000000	6	0.781250	0.000000	0.035000	0.000000	7.900000	5.820000	-3.125000	0.000000	0.000000	0	0	0	
558141	1555	0.000000	7.950000	6.480000	1.430000	0.780000	45.000000	42.000000	6	0.781250	0.000000	0.035000	0.000000	7.850000	5.920000	-3.125000	0.000000	0.000000	0	0	0	
558375	1606	0.000000	7.740000	5.930000	1.470000	0.750000	45.000000	42.000000	6	0.781250	0.000000	0.035000	0.000000	6.980000	5.260000	-3.125000	0.000000	0.000000	0	0	0	
558625	1661	0.000000	6.220000	4.940000	1.490000	0.670000	45.000000	42.000000	6	0.781250	0.000000	0.035000	0.000000	5.780000	4.340000	-3.125000	0.000000	0.000000	0	0	0	
558859	1707	0.000000	5.410000	4.050000	1.520000	0.580000	45.000000	42.000000	6	0.781250	-5.468750	0.775000	0.000000	4.680000	3.710000	-3.125000	-4.687500	0.790000	0	0	0	
559109	1732	0.000000	4.530000	3.440000	1.510000	0.520000	45.000000	42.000000	6	0.781250	-5.468750	0.775000	0.000000	4.290000	3.280000	-3.125000	-4.687500	0.790000	0	0	0	
559359	1749	0.000000	4.510000	3.380000	1.480000	0.500000	45.000000	42.000000	6	0.781250	-5.468750	0.775000	0.000000	4.220000	3.220000	-3.125000	-4.687500	0.790000	0	0	0	
559609	1766	0.000000	3.840000	3.030000	1.490000	0.450000	45.000000	42.000000	6	0.781250	-5.468750	0.775000	0.000000	3.700000	2.940000	-3.125000	-4.687500	0.790000	0	0	0	
559875	1772	0.000000	2.990000	2.370000	1.550000	0.340000	45.000000	42.000000	6	0.781250	-1.562500	0.820000	0.000000	2.880000	2.310000	-3.125000	0.000000	0.715000	0	0	0	
560109	1742	0.000000	2.280000	1.890000	1.550000	0.280000	45.000000	42.000000	6	0.781250	-1.562500	0.820000	0.000000	2.380000	1.980000	-3.125000	0.000000	0.715000	0	0	0	
560375	1814	0.000000	2.230000	1.770000	1.520000	0.250000	45.000000	42.000000	6	0.781250	-1.562500	0.820000	0.000000	2.280000	1.820000	-3.125000	0.000000	0.715000	0	0	0	
560781	1703	0.000000	2.200000	1.770000	1.520000	0.230000	45.000000	42.000000	6	0.781250	3.906250	0.790000	0.000000	2.240000	1.800000	-3.125000	0.000000	0.045000	0	0	0	
561031	1677	0.000000	2.240000	1.770000	1.510000	0.230000	45.000000	42.000000	6	0.781250	3.906250	0.790000	0.000000	2.270000	1.790000	-3.125000	7.031250	0.045000	0	0	0	
561266	1657	0.000000	2.270000	1.770000	1.510000	0.230000	45.000000	42.000000	6	0.781250	3.906250	0.790000	0.000000	2.270000	1.780000	-3.125000	7.031250	0.045000	0	0	0	
561531	1625	0.000000	2.290000	1.770000	1.500000	0.230000	45.000000	42.000000	6	0.781250	3.906250	0.790000	0.000000	2.240000	1.740000	-3.125000	7.031250	0.045000	0	0	0	
561781	1605	0.000000	2.320000	1.790000	1.500000	0.230000	45.000000	42.000000	6	0.781250	3.906250	0.790000	0.000000	2.260000	1.730000	-3.125000	7.031250	0.045000	0	0	0	
562047	1570	0.000000	2.360000	1.800000	1.490000	0.230000	45.000000	42.000000	6	0.781250	4.687500	0.640000	0.000000	2.260000	1.700000	-3.125000	-6.250000	0.695000	0	0	0	
562313	1573	0.000000	3.580000	2.760000	1.470000	0.320000	45.000000	42.000000	6	0.781250	4.687500	0.640000	0.000000	3.350000	2.500000	-3.125000	-6.250000	0.695000	0	0	0	
562547	1574	0.000000	4.000000	3.150000	1.480000	0.390000	45.000000	42.000000	6	0.781250	4.687500	0.640000	0.000000	3.610000	2.870000	-3.125000	-6.250000	0.695000	0	0	0	
562813	1560	0.000000	4.030000	3.110000	1.470000	0.430000	44.000000	42.000000	6	0.781250	4.687500	0.640000	0.000000	3.590000	2.890000	-3.125000	-6.250000	0.695000	0	0	0	
563047	1552	0.000000	4.110000	3.180000	1.480000	0.440000	44.000000	42.000000	6	0.781250	-2.343750	0.660000	0.000000	3.600000	2.860000	-3.125000	-7.812500	0.750000	0	0	0	
563344	1553	0.000000	4.010000	3.140000	1.470000	0.450000	44.000000	42.000000	6	0.781250	-2.343750	0.660000	0.000000	3.790000	3.000000	-3.125000	-7.812500	0.750000	0	0	0	
563594	1566	0.000000	4.750000	3.600000	1.450000	0.500000	45.000000	42.000000	6	0.781250	-2.343750	0.660000	0.000000	4.680000	3.500000	-3.125000	-7.812500	0.750000	0	0	0	
563844	1583	0.000000	5.470000	4.060000	1.440000	0.550000	44.000000	42.000000	6	0.781250	-2.343750	0.660000	0.000000	4.770000	3.650000	-3.125000	-7.812500	0.750000	0	0	0	
564109	1613	0.000000	5.570000	4.090000	1.460000	0.590000	45.000000	42.000000	6	0.781250	0.000000	0.675000	0.000000	4.950000	3.890000	-3.125000	0.000000	0.640000	0	0	0	
564344	1642	0.000000	5.520000	4.110000	1.490000	0.600000	44.000000	42.000000	6	0.781250	0.000000	0.675000	0.000000	5.540000	4.130000	-3.125000	0.000000	0.640000	0	0	0	
564609	1671	0.000000	5.580000	4.180000	1.480000	0.610000	45.000000	42.000000	6	0.781250	0.000000	0.675000	0.000000	4.900000	3.910000	-3.125000	0.000000	0.640000	0	0	0	
564859	1705	0.000000	5.540000	4.080000	1.470000	0.600000	44.000000	42.000000	6	0.781250	0.000000	0.675000	0.000000	4.920000	3.970000	-3.125000	0.000000	0.640000	0	0	0	
565125	1737	0.000000	5.500000	4.030000	1.470000	0.610000	45.000000	42.000000	6	0.781250	0.000000	0.705000	0.000000	5.580000	4.100000	-3.125000	0.000000	0.345000	0	0	0	
565391	1762	0.000000	5.570000	4.090000	1.470000	0.600000	44.000000	42.000000	6	0.781250	0.781250	0.705000	0.000000	4.880000	3.800000	-3.125000	1.562500	0.345000	0	0	0	
565625	1799	0.000000	5.530000	4.040000	1.450000	0.610000	45.000000	42.000000	6	0.781250	0.781250	0.705000	0.000000	4.980000	3.900000	-3.125000	1.562500	0.345000	0	0	0	
566047	1851	0.000000	5.580000	4.080000	1.440000	0.620000	45.000000	42.000000	6	0.781250	0.781250	0.705000	0.000000	5.510000	4.010000	-3.125000	1.562500	0.345000	0	0	0	
566281	1868	0.000000	5.540000	4.040000	1.450000	0.620000	45.000000	42.000000	6	0.781250	0.781250	0.705000	0.000000	4.890000	3.780000	-3.125000	1.562500	0.345000	0	0	0	
566563	1920	0.000000	6.050000	4.490000	1.430000	0.660000	44.000000	42.000000	6	0.781250	-1.562500	0.625000	0.000000	6.160000	4.580000	-3.125000	0.000000	0.120000	0	0	0	
566813	1962	0.000000	6.050000	4.760000	1.450000	0.700000	44.000000	42.000000	6	0.781250	-1.562500	0.625000	0.000000	6.030000	4.540000	-3.125000	0.000000	0.120000	0	0	0	
567063	1993	0.000000	6.690000	5.190000	1.450000	0.720000	44.000000	42.000000	6	0.781250	-1.562500	0.625000	0.000000	6.320000	4.940000	-3.125000	0.000000	0.120000	0	0	0	
567328	2045	0.000000	6.810000	5.400000	1.440000	0.730000	44.000000	42.000000	6	0.781250	-1.562500	0.625000	0.000000	6.710000	5.260000	-3.125000	0.000000	0.120000	0	0	0	
567547	2103	0.000000	7.010000	5.640000	1.440000	0.740000	44.000000	42.000000	6	0.781250	0.000000	0.680000	0.000000	6.850000	5.490000	-3.125000	-0.781250	0.665000	0	0	0	
567828	2143	0.000000	8.510000	6.840000	1.400000	0.780000	44.000000	42.000000	6	0.781250	0.000000	0.680000	0.000000	7.970000	6.430000	-3.125000	-0.781250	0.665000	0	0	0	
568063	2211	0.000000	8.570000	6.800000	1.400000	0.800000	44.000000	42.000000	6	0.781250	0.000000	0.680000	0.000000	8.260000	6.540000	-3.125000	-0.781250	0.665000	0	0	0	
568328	2289	0.000000	8.420000	6.520000	1.390000	0.790000	44.000000	42.000000	6	0.781250	0.000000	0.680000	0.000000	8.650000	6.670000	-3.125000	-0.781250	0.665000	0	0	0	
568609	2355	0.000000	8.350000	6.310000	1.420000	0.770000	44.000000	42.000000	6	0.781250	-3.906250	0.780000	0.000000	8.110000	6.270000	-3.125000	0.781250	0.700000	0	0	0	
568859	2424	0.000000	8.170000	6.180000	1.430000	0.750000	44.000000	42.000000	6	0.781250	-3.906250	0.780000	0.000000	7.900000	6.020000	-3.125000	0.781250	0.700000	0	0	0	
569094	2479	0.000000	7.940000	5.920000	1.410000	0.750000	44.000000	42.000000	6	0.781250	-3.906250	0.780000	0.000000	8.060000	6.030000	-3.125000	0.781250	0.700000	0	0	0	
569359	2544	0.000000	8.130000	5.950000	1.400000	0.740000	44.000000	42.000000	6	0.781250	-3.906250	0.780000	0.000000	7.910000	5.760000	-3.125000	0.781250	0.700000	0	0	0	
569625	2601	0.000000	7.920000	5.710000	1.420000	0.730000	44.000000	42.000000	6	0.781250	-4.687500	0.675000	0.000000	7.670000	5.520000	-3.125000	-2.343750	0.715000	0	0	0	
569875	2663	0.000000	7.620000	5.600000	1.430000	0.730000	44.000000	42.000000	6	0.781250	-4.687500	0.675000	0.000000	7.650000	5.630000	-3.125000	-2.343750	0.715000	0	0	0	
570094	2713	0.000000	7.420000	5.710000	1.430000	0.710000	43.000000	42.000000	6	0.781250	-4.687500	0.675000	0.000000	7.420000	5.580000	-3.125000	-2.343750	0.715000	0	0	0	
570344	2777	0.000000	7.640000	5.880000	1.420000	0.730000	43.000000	42.000000	6	0.781250	-4.687500	0.675000	0.000000	7.320000	5.620000	-3.125000	-2.343750	0.715000	0	0	0	
570594	2823	0.000000	8.040000	6.190000	1.420000	0.730000	44.000000	42.000000	6	0.781250	-4.687500	0.675000	0.000000	7.990000	6.170000	-3.125000	-2.343750	0.715000	0	0	0	
570859	2880	0.000000	7.950000	6.260000	1.420000	0.750000	43.000000	42.000000	6	0.781250	7.812500	0.140000	0.000000	7.920000	6.240000	-3.125000	9.375000	0.025000	0	0	0	
571250	2972	0.000000	7.860000	6.350000	1.410000	0.760000	43.000000	42.000000	6	0.781250	7.812500	0.140000	0.000000	7.840000	6.350000	-3.125000	9.375000	0.025000	0	0	0	
571500	3032	0.000000	8.270000	6.550000	1.390000	0.750000	43.000000	42.000000	6	0.781250	7.812500	0.140000	0.000000	8.240000	6.570000	-3.125000	9.375000	0.025000	0	0	0	
571781	3106	0.000000	8.120000	6.510000	1.390000	0.750000	43.000000	42.000000	6	0.781250	8.593750	0.665000	0.000000	7.960000	6.410000	-2.343750	11.718750	0.700000	0	0	0	
572016	3159	0.000000	8.110000	6.250000	1.420000	0.710000	43.000000	42.000000	6	0.781250	8.593750	0.665000	0.000000	8.020000	6.180000	-2.343750	11.718750	0.700000	0	0	0	
572266	3216	0.000000	7.800000	6.040000	1.380000	0.730000	44.000000	42.000000	6	0.781250	8.593750	0.665000	0.000000	7.890000	6.140000	-2.343750	11.718750	0.700000	0	0	0	
572531	3278	0.000000	8.000000	6.060000	1.400000	0.720000	44.000000	42.000000	6	0.781250	8.593750	0.665000	0.000000	8.070000	6.110000	-2.343750	11.718750	0.700000	0	0	0	
572813	3326	0.000000	8.040000	5.920000	1.410000	0.670000	43.000000	42.000000	6	0.781250	4.687500	0.725000	0.000000	7.940000	5.860000	-2.343750	11.718750	0.720000	0	0	0	
573094	3387	0.000000	7.760000	5.500000	1.430000	0.660000	43.000000	42.000000	6	0.781250	4.687500	0.725000	0.000000	7.850000	5.530000	-2.343750	6.250000	0.720000	0	0	0	
573359	3446	0.000000	7.730000	5.480000	1.410000	0.690000	43.000000	42.000000	6	0.781250	4.687500	0.725000	0.000000	7.720000	5.460000	-2.343750	6.250000	0.720000	0	0	0	
573594	3491	0.000000	7.800000	5.450000	1.430000	0.640000	44.000000	42.000000	6	0.781250	4.687500	0.725000	0.000000	7.730000	5.410000	-2.343750	6.250000	0.720000	0	0	0	
573875	3409	0.000000	6.300000	4.290000	1.730000	0.420000	43.000000	42.000000	6	0.781250	0.000000	0.730000	0.000000	7.270000	4.850000	-2.343750	6.250000	0.700000	0	0	0	
574109	3018	0.000000	0.000000	0.000000	2.090000	0.280000	43.000000	42.000000	6	0.781250	0.000000	0.730000	0.000000	0.000000	0.000000	-2.343750	0.000000	0.700000	0	0	0	
574359	2720	0.000000	0.000000	0.000000	2.200000	0.260000	43.000000	42.000000	6	0.781250	0.000000	0.730000	0.000000	0.000000	0.000000	-2.343750	0.000000	0.700000	0	0	0	
574609	2384	0.000000	6.300000	4.290000	2.290000	0.230000	43.000000	42.000000	6	0.781250	0.000000	0.730000	0.000000	7.270000	4.850000	-2.343750	0.000000	0.700000	0	0	0	
574859	2297	0.000000	3.070000	2.430000	2.050000	0.320000	43.000000	42.000000	6	0.781250	0.000000	0.730000	0.000000	3.070000	2.430000	-2.343750	0.000000	0.700000	0	0	0	
575125	2260	0.000000	3.520000	2.850000	1.860000	0.360000	43.000000	41.000000	6	0.781250	0.000000	0.005000	0.000000	3.450000	2.750000	-2.343750	0.000000	0.000000	0	0	0	
575375	2236	0.000000	4.290000	3.280000	1.660000	0.430000	43.000000	41.000000	6	0.781250	0.000000	0.005000	0.000000	4.170000	3.210000	-2.343750	0.000000	0.000000	0	0	0	
575641	2226	0.000000	4.250000	3.150000	1.530000	0.440000	43.000000	41.000000	6	0.781250	0.000000	0.005000	0.000000	4.110000	3.070000	-2.343750	0.000000	0.000000	0	0	0	
575891	2223	0.000000	4.240000	3.100000	1.500000	0.420000	43.000000	41.000000	6	0.781250	0.000000	0.005000	0.000000	4.200000	3.040000	-2.343750	0.000000	0.000000	0	0	0	
576141	2214	0.000000	3.700000	2.760000	1.510000	0.370000	43.000000	41.000000	6	0.781250	-0.781250	0.010000	0.000000	3.710000	2.690000	-2.343750	0.781250	0.000000	0	0	0	
576563	2190	0.000000	3.490000	2.440000	1.500000	0.350000	43.000000	41.000000	6	0.781250	-0.781250	0.010000	0.000000	3.240000	2.260000	-2.343750	0.781250	0.000000	0	0	0	
576797	2175	0.000000	3.410000	2.380000	1.500000	0.340000	43.000000	41.000000	6	0.781250	-0.781250	0.010000	0.000000	3.140000	2.170000	-2.343750	0.781250	0.000000	0	0	0	
577047	2163	0.000000	3.400000	2.380000	1.480000	0.350000	43.000000	41.000000	6	0.781250	-0.781250	0.010000	0.000000	3.070000	2.150000	-2.343750	0.781250	0.000000	0	0	0	
577297	2152	0.000000	3.330000	2.340000	1.500000	0.350000	42.000000	41.000000	6	0.781250	-11.718750	0.020000	0.000000	2.960000	2.110000	-2.343750	-18.750000	0.000000	0	0	0	
577563	2134	0.000000	3.330000	2.350000	1.510000	0.360000	42.000000	41.000000	6	0.781250	-11.718750	0.020000	0.000000	3.130000	2.210000	-2.343750	-18.750000	0.000000	0	0	0	
577797	2129	0.000000	3.220000	2.300000	1.500000	0.360000	42.000000	41.000000	6	0.781250	-11.718750	0.020000	0.000000	3.090000	2.210000	-2.343750	-18.750000	0.000000	0	0	0	
578047	2111	0.000000	3.210000	2.280000	1.490000	0.360000	42.000000	41.000000	6	0.781250	-11.718750	0.020000	0.000000	3.050000	2.170000	-2.343750	-18.750000	0.000000	0	0	0	
578313	2097	0.000000	3.200000	2.290000	1.500000	0.370000	42.000000	41.000000	6	0.781250	-14.062500	0.030000	0.000000	3.120000	2.230000	-2.343750	-16.406250	0.005000	0	0	0	
578578	2090	0.000000	3.190000	2.290000	1.500000	0.360000	42.000000	41.000000	6	0.781250	-14.062500	0.030000	0.000000	3.030000	2.180000	-2.343750	-16.406250	0.005000	0	0	0	
578828	2072	0.000000	3.230000	2.320000	1.500000	0.370000	42.000000	41.000000	6	0.781250	-14.062500	0.030000	0.000000	3.090000	2.210000	-2.343750	-16.406250	0.005000	0	0	0	
579063	2063	0.000000	3.210000	2.330000	1.500000	0.380000	42.000000	41.000000	6	0.781250	-14.062500	0.030000	0.000000	3.150000	2.280000	-2.343750	-16.406250	0.005000	0	0	0	
579313	2053	0.000000	3.670000	2.700000	1.470000	0.430000	42.000000	41.000000	6	0.781250	-14.062500	0.030000	0.000000	3.440000	2.500000	-2.343750	-16.406250	0.005000	0	0	0	
579578	2048	0.000000	4.300000	3.150000	1.480000	0.500000	42.000000	41.000000	6	0.781250	-5.468750	0.035000	0.000000	3.880000	2.840000	-2.343750	-10.156250	0.010000	0	0	0	
579828	2043	0.000000	4.790000	3.490000	1.460000	0.550000	42.000000	41.000000	6	0.781250	-5.468750	0.035000	0.000000	4.740000	3.410000	-2.343750	-10.156250	0.010000	0	0	0	
580094	2044	0.000000	4.830000	3.560000	1.470000	0.570000	42.000000	41.000000	6	0.781250	-5.468750	0.035000	0.000000	4.770000	3.450000	-2.343750	-10.156250	0.010000	0	0	0	
580359	2050	0.000000	4.820000	3.630000	1.470000	0.570000	42.000000	41.000000	6	0.781250	-5.468750	0.035000	0.000000	4.610000	3.320000	-2.343750	-10.156250	0.010000	0	0	0	
580594	2050	0.000000	4.820000	3.540000	1.480000	0.570000	42.000000	41.000000	6	0.781250	-2.343750	0.045000	0.000000	4.720000	3.390000	-2.343750	-6.250000	0.010000	0	0	0	
580844	2052	0.000000	4.730000	3.430000	1.490000	0.550000	42.000000	41.000000	6	0.781250	-2.343750	0.045000	0.000000	4.500000	3.280000	-2.343750	-6.250000	0.010000	0	0	0	
581109	2053	0.000000	4.510000	3.280000	1.510000	0.520000	42.000000	41.000000	6	0.781250	-2.343750	0.045000	0.000000	3.920000	3.030000	-2.343750	-6.250000	0.010000	0	0	0	
581328	2059	0.000000	3.670000	2.800000	1.530000	0.440000	42.000000	41.000000	6	0.781250	-2.343750	0.045000	0.000000	3.610000	2.700000	-2.343750	-6.250000	0.010000	0	0	0	
581750	2050	0.000000	3.160000	2.330000	1.540000	0.360000	42.000000	41.000000	6	0.781250	-3.906250	0.055000	0.000000	3.200000	2.360000	-2.343750	-3.906250	0.015000	0	0	0	
581984	2036	0.000000	2.680000	2.070000	1.610000	0.280000	42.000000	41.000000	6	0.781250	-3.906250	0.055000	0.000000	2.570000	1.980000	-2.343750	-3.906250	0.015000	0	0	0	
582250	2000	0.000000	2.100000	1.580000	1.650000	0.250000	42.000000	41.000000	6	0.781250	-3.906250	0.055000	0.000000	2.150000	1.630000	-2.343750	-3.906250	0.015000	0	0	0	
582516	1864	0.000000	1.930000	1.550000	1.690000	0.250000	42.000000	41.000000	6	0.781250	-3.906250	0.055000	0.000000	2.010000	1.640000	-2.343750	-3.906250	0.015000	0	0	0	
582734	1757	0.000000	2.040000	1.750000	1.710000	0.250000	42.000000	41.000000	6	0.781250	-5.468750	0.080000	0.000000	2.060000	1.760000	-2.343750	2.343750	0.025000	0	0	0	
583016	1759	0.000000	2.090000	1.820000	1.750000	0.240000	42.000000	41.000000	6	0.781250	-5.468750	0.080000	0.000000	1.960000	1.660000	-2.343750	2.343750	0.025000	0	0	0	
583281	1695	0.000000	2.090000	1.820000	1.810000	0.250000	42.000000	41.000000	6	0.781250	-5.468750	0.080000	0.000000	1.960000	1.660000	-2.343750	2.343750	0.025000	0	0	0	
583531	1678	0.000000	2.090000	1.820000	1.850000	0.240000	42.000000	41.000000	6	0.781250	-5.468750	0.080000	0.000000	1.960000	1.660000	-2.343750	2.343750	0.025000	0	0	0	
583813	1652	0.000000	2.090000	1.820000	1.890000	0.240000	42.000000	41.000000	6	0.781250	0.000000	0.030000	0.000000	1.960000	1.660000	-2.343750	0.000000	0.000000	0	0	0	
584047	1636	0.000000	0.000000	0.000000	1.920000	0.240000	42.000000	41.000000	6	0.781250	0.000000	0.030000	0.000000	0.000000	0.000000	-2.343750	0.000000	0.000000	0	0	0	
584266	1619	0.000000	0.000000	0.000000	1.920000	0.260000	42.000000	41.000000	6	0.781250	0.000000	0.030000	0.000000	0.000000	0.000000	-2.343750	0.000000	0.000000	0	0	0	
584516	1629	0.000000	3.500000	3.000000	1.690000	0.360000	42.000000	41.000000	6	0.781250	0.000000	0.030000	0.000000	3.230000	2.770000	-2.343750	0.000000	0.000000	0	0	0	
584766	1604	0.000000	3.890000	3.060000	1.480000	0.380000	42.000000	41.000000	6	0.781250	0.000000	0.030000	0.000000	3.710000	2.970000	-2.343750	0.000000	0.000000	0	0	0	
585016	1611	0.000000	4.820000	3.590000	1.430000	0.460000	42.000000	41.000000	6	0.781250	0.000000	0.005000	0.000000	4.770000	3.560000	-2.343750	0.000000	0.000000	0	0	0	
585281	1626	0.000000	5.050000	3.990000	1.440000	0.520000	42.000000	41.000000	6	0.781250	0.000000	0.005000	0.000000	4.960000	3.900000	-2.343750	0.000000	0.000000	0	0	0	
585547	1636	0.000000	6.510000	5.070000	1.400000	0.640000	42.000000	41.000000	6	0.781250	0.000000	0.005000	0.000000	6.380000	4.970000	-2.343750	0.000000	0.000000	0	0	0	
585781	1662	0.000000	7.300000	5.460000	1.410000	0.700000	42.000000	41.000000	6	0.781250	0.000000	0.005000	0.000000	6.620000	5.190000	-2.343750	0.000000	0.000000	0	0	0	
586016	1685	0.000000	7.200000	5.390000	1.400000	0.730000	42.000000	41.000000	6	0.781250	-2.343750	0.015000	0.000000	6.560000	4.970000	-2.343750	-4.687500	0.005000	0	0	0	
586281	1703	0.000000	7.270000	5.430000	1.420000	0.740000	42.000000	41.000000	6	0.781250	-2.343750	0.015000	0.000000	6.370000	4.840000	-2.343750	-4.687500	0.005000	0	0	0	
586563	1737	0.000000	7.210000	5.430000	1.410000	0.750000	43.000000	41.000000	6	0.781250	-2.343750	0.015000	0.000000	6.390000	4.820000	-2.343750	-4.687500	0.005000	0	0	0	
586969	1782	0.000000	6.970000	5.310000	1.410000	0.750000	42.000000	41.000000	6	0.781250	-3.125000	0.225000	0.000000	6.290000	4.700000	-2.343750	-6.250000	0.035000	0	0	0	
587234	1814	0.000000	6.750000	5.170000	1.460000	0.750000	43.000000	41.000000	6	0.781250	-3.125000	0.225000	0.000000	6.270000	4.720000	-2.343750	-6.250000	0.035000	0	0	0	
587484	1843	0.000000	6.700000	5.010000	1.420000	0.750000	43.000000	41.000000	6	0.781250	-3.125000	0.225000	0.000000	6.340000	4.710000	-2.343750	-6.250000	0.035000	0	0	0	
587734	1873	0.000000	6.600000	4.940000	1.450000	0.740000	43.000000	41.000000	6	0.781250	-3.125000	0.225000	0.000000	6.150000	4.560000	-2.343750	-6.250000	0.035000	0	0	0	
588000	1894	0.000000	6.490000	4.880000	1.420000	0.740000	43.000000	41.000000	6	0.781250	-3.125000	0.225000	0.000000	6.230000	4.670000	-2.343750	-6.250000	0.035000	0	0	0	
588250	1926	0.000000	6.580000	4.920000	1.420000	0.740000	43.000000	41.000000	6	0.781250	-2.343750	0.720000	0.000000	6.410000	4.780000	-2.343750	-4.687500	0.040000	0	0	0	
588484	1941	0.000000	6.540000	4.950000	1.440000	0.730000	43.000000	41.000000	6	0.781250	-2.343750	0.720000	0.000000	6.120000	4.600000	-2.343750	-4.687500	0.040000	0	0	0	
588750	1973	0.000000	6.240000	4.690000	1.410000	0.720000	43.000000	41.000000	6	0.781250	-2.343750	0.720000	0.000000	6.120000	4.580000	-2.343750	-4.687500	0.040000	0	0	0	
589000	2001	0.000000	6.130000	4.690000	1.470000	0.700000	43.000000	41.000000	6	0.781250	-2.343750	0.720000	0.000000	6.110000	4.640000	-2.343750	-4.687500	0.040000	0	0	0	
589266	2022	0.000000	5.630000	4.130000	1.460000	0.620000	44.000000	41.000000	6	0.781250	-1.562500	0.320000	0.000000	5.020000	3.850000	-2.343750	-1.562500	0.045000	0	0	0	
589500	2030	0.000000	3.880000	2.930000	1.480000	0.480000	43.000000	41.000000	6	0.781250	-1.562500	0.320000	0.000000	3.880000	2.890000	-2.343750	-1.562500	0.045000	0	0	0	
589750	2035	0.000000	3.510000	2.600000	1.480000	0.410000	43.000000	41.000000	6	0.781250	-1.562500	0.320000	0.000000	3.620000	2.660000	-2.343750	-1.562500	0.045000	0	0	0	
590031	2048	0.000000	3.460000	2.550000	1.480000	0.390000	44.000000	41.000000	6	0.781250	-1.562500	0.320000	0.000000	3.380000	2.450000	-2.343750	-1.562500	0.045000	0	0	0	
590297	2045	0.000000	3.110000	2.260000	1.490000	0.330000	44.000000	41.000000	6	0.781250	-3.125000	0.515000	0.000000	2.990000	2.170000	-2.343750	-3.125000	0.045000	0	0	0	
590531	2036	0.000000	2.400000	1.730000	1.500000	0.260000	44.000000	41.000000	6	0.781250	-3.125000	0.515000	0.000000	2.560000	1.880000	-2.343750	-3.125000	0.045000	0	0	0	
590781	2039	0.000000	2.210000	1.560000	1.500000	0.240000	44.000000	41.000000	6	0.781250	-3.125000	0.515000	0.000000	2.220000	1.570000	-2.343750	-3.125000	0.045000	0	0	0	
591047	2023	0.000000	2.220000	1.580000	1.490000	0.230000	44.000000	41.000000	6	0.781250	-3.125000	0.515000	0.000000	2.230000	1.580000	-2.343750	-3.125000	0.045000	0	0	0	
591281	2012	0.000000	2.200000	1.570000	1.490000	0.230000	44.000000	41.000000	6	0.781250	-3.125000	0.765000	0.000000	2.220000	1.590000	-2.343750	-3.125000	0.330000	0	0	0	
591531	2032	0.000000	2.200000	1.570000	1.520000	0.220000	44.000000	41.000000	6	0.781250	0.000000	0.765000	0.000000	2.220000	1.590000	-2.343750	0.000000	0.330000	0	0	0	
591797	2020	0.000000	2.200000	1.570000	1.470000	0.330000	45.000000	41.000000	6	0.781250	0.000000	0.765000	0.000000	2.220000	1.590000	-2.343750	0.000000	0.330000	0	0	0	
592219	2002	0.000000	3.530000	2.640000	1.460000	0.360000	44.000000	41.000000	6	0.781250	0.000000	0.765000	0.000000	3.520000	2.650000	-2.343750	0.000000	0.330000	0	0	0	
592453	1996	0.000000	6.190000	5.030000	1.380000	0.590000	44.000000	41.000000	6	0.781250	0.000000	0.050000	0.000000	6.080000	4.500000	-2.343750	0.000000	0.005000	0	0	0	
592719	2015	0.000000	7.740000	6.120000	1.380000	0.720000	45.000000	41.000000	6	0.781250	0.000000	0.050000	0.000000	7.390000	5.850000	-2.343750	0.000000	0.005000	0	0	0	
592984	2032	0.000000	7.370000	5.910000	1.440000	0.740000	45.000000	41.000000	6	0.781250	0.000000	0.050000	0.000000	7.190000	5.650000	-2.343750	0.000000	0.005000	0	0	0	
593250	2053	0.000000	8.080000	6.730000	1.390000	0.780000	45.000000	41.000000	6	0.781250	0.000000	0.050000	0.000000	7.750000	6.150000	-2.343750	0.000000	0.005000	0	0	0	
593500	2088	0.000000	8.050000	6.750000	1.420000	0.790000	45.000000	41.000000	6	0.781250	0.000000	0.050000	0.000000	7.570000	6.070000	-2.343750	0.000000	0.005000	0	0	0	
593750	2113	0.000000	8.050000	6.370000	1.410000	0.770000	45.000000	41.000000	6	0.781250	0.000000	0.815000	0.000000	7.480000	5.990000	-2.343750	-1.562500	0.765000	0	0	0	
593984	2142	0.000000	7.570000	6.120000	1.420000	0.760000	45.000000	41.000000	6	0.781250	0.000000	0.815000	0.000000	7.370000	5.980000	-2.343750	-1.562500	0.765000	0	0	0	
594234	2169	0.000000	7.390000	5.950000	1.420000	0.750000	45.000000	41.000000	6	0.781250	0.000000	0.815000	0.000000	7.190000	5.790000	-2.343750	-1.562500	0.765000	0	0	0	
594484	2191	0.000000	7.260000	5.830000	1.400000	0.730000	45.000000	41.000000	6	0.781250	0.000000	0.815000	0.000000	7.320000	5.910000	-2.343750	-1.562500	0.765000	0	0	0	
594734	2226	0.000000	6.880000	5.480000	1.430000	0.710000	45.000000	41.000000	6	0.781250	0.781250	0.765000	0.000000	6.910000	5.530000	-2.343750	2.343750	0.045000	0	0	0	
595016	2245	0.000000	7.190000	5.710000	1.400000	0.710000	46.000000	41.000000	6	0.781250	0.781250	0.765000	0.000000	6.970000	5.480000	-2.343750	2.343750	0.045000	0	0	0	
595313	2271	0.000000	6.140000	4.700000	1.480000	0.620000	46.000000	41.000000	6	0.781250	0.781250	0.765000	0.000000	6.110000	4.640000	-2.343750	2.343750	0.045000	0	0	0	
595578	2278	0.000000	3.670000	2.750000	1.500000	0.430000	46.000000	41.000000	6	0.781250	0.781250	0.765000	0.000000	3.680000	2.740000	-2.343750	2.343750	0.045000	0	0	0	
595828	2269	0.000000	3.690000	2.670000	1.480000	0.380000	46.000000	42.000000	6	0.781250	-2.343750	0.725000	0.000000	3.590000	2.590000	-2.343750	0.000000	0.445000	0	0	0	
596109	2266	0.000000	3.460000	2.410000	1.510000	0.360000	45.000000	42.000000	6	0.781250	-2.343750	0.725000	0.000000	3.480000	2.530000	-2.343750	0.000000	0.445000	0	0	0	
596359	2267	0.000000	3.060000	2.190000	1.520000	0.330000	46.000000	42.000000	6	0.781250	-2.343750	0.725000	0.000000	3.050000	2.180000	-2.343750	0.000000	0.445000	0	0	0	
596594	2254	0.000000	2.920000	2.080000	1.490000	0.320000	46.000000	42.000000	6	0.781250	-2.343750	0.725000	0.000000	2.890000	2.040000	-2.343750	0.000000	0.445000	0	0	0	
596859	2253	0.000000	3.110000	2.210000	1.480000	0.340000	46.000000	42.000000	6	0.781250	-13.281250	0.760000	0.000000	3.110000	2.310000	-2.343750	0.000000	0.680000	0	0	0	
597109	2154	0.000000	3.390000	2.410000	1.510000	0.370000	46.000000	42.000000	6	0.781250	-13.281250	0.760000	0.000000	3.390000	2.410000	-2.343750	-10.937500	0.680000	0	0	0	
597531	2137	0.000000	2.290000	1.530000	1.520000	0.240000	46.000000	42.000000	6	0.781250	-13.281250	0.760000	0.000000	2.300000	1.530000	-2.343750	-10.937500	0.680000	0	0	0	
597781	1839	0.000000	0.000000	0.000000	1.560000	0.240000	46.000000	42.000000	6	0.781250	-13.281250	0.760000	0.000000	0.000000	0.000000	-2.343750	-10.937500	0.680000	0	0	0	
598031	1652	0.000000	2.340000	1.910000	1.560000	0.240000	46.000000	42.000000	6	0.781250	0.000000	0.790000	0.000000	2.350000	1.910000	-2.343750	0.000000	0.675000	0	0	0	
598297	1509	0.000000	2.770000	2.070000	1.470000	0.280000	46.000000	42.000000	6	0.781250	0.000000	0.790000	0.000000	2.810000	2.090000	-2.343750	0.000000	0.675000	0	0	0	
598578	1562	0.000000	2.940000	2.210000	1.500000	0.310000	46.000000	42.000000	6	0.781250	0.000000	0.790000	0.000000	2.940000	2.210000	-2.343750	0.000000	0.675000	0	0	0	
598828	1588	0.000000	3.030000	2.270000	1.510000	0.320000	46.000000	42.000000	6	0.781250	0.000000	0.790000	0.000000	3.000000	2.250000	-2.343750	0.000000	0.675000	0	0	0	
599078	1556	0.000000	2.920000	2.190000	1.510000	0.290000	46.000000	42.000000	6	0.781250	0.000000	0.035000	0.000000	2.880000	2.170000	-2.343750	0.000000	0.000000	0	0	0	
599328	1548	0.000000	2.590000	1.990000	1.500000	0.260000	46.000000	42.000000	6	0.781250	0.000000	0.035000	0.000000	2.730000	2.080000	-2.343750	0.000000	0.000000	0	0	0	
599578	1552	0.000000	2.390000	1.840000	1.500000	0.230000	47.000000	42.000000	6	0.781250	0.000000	0.035000	0.000000	2.410000	1.850000	-2.343750	0.000000	0.000000	0	0	0	
599844	1541	0.000000	2.360000	1.790000	1.510000	0.230000	46.000000	42.000000	6	0.781250	0.000000	0.035000	0.000000	2.380000	1.810000	-2.343750	0.000000	0.000000	0	0	0	
600109	1533	0.000000	2.360000	1.780000	1.520000	0.220000	47.000000	42.000000	6	0.781250	0.000000	0.075000	0.000000	2.370000	1.790000	-2.343750	0.000000	0.685000	0	0	0	
600359	1523	0.000000	2.380000	1.800000	1.500000	0.220000	46.000000	42.000000	6	0.781250	0.000000	0.075000	0.000000	2.350000	1.770000	-2.343750	0.000000	0.685000	0	0	0	
600625	1509	0.000000	2.360000	1.770000	1.500000	0.220000	46.000000	42.000000	6	0.781250	0.000000	0.075000	0.000000	2.280000	1.690000	-2.343750	0.000000	0.685000	0	0	0	
600875	1498	0.000000	2.270000	1.680000	1.500000	0.220000	47.000000	42.000000	6	0.781250	0.000000	0.075000	0.000000	2.260000	1.660000	-2.343750	0.000000	0.685000	0	0	0	
601109	1487	0.000000	2.160000	1.560000	1.500000	0.230000	47.000000	42.000000	6	0.781250	0.000000	0.075000	0.000000	2.200000	1.610000	-2.343750	0.000000	0.685000	0	0	0	
601422	1480	0.000000	2.110000	1.500000	1.490000	0.220000	46.000000	42.000000	6	0.781250	-9.375000	0.870000	0.000000	2.170000	1.560000	-2.343750	-5.468750	0.820000	0	0	0	
601719	1467	0.000000	2.040000	1.440000	1.520000	0.230000	47.000000	42.000000	6	0.781250	-9.375000	0.870000	0.000000	2.120000	1.510000	-2.343750	-5.468750	0.820000	0	0	0	
602016	1446	0.000000	1.960000	1.360000	1.530000	0.220000	46.000000	42.000000	6	0.781250	-9.375000	0.870000	0.000000	2.020000	1.410000	-2.343750	-5.468750	0.820000	0	0	0	
602281	1436	0.000000	1.970000	1.360000	1.510000	0.230000	47.000000	42.000000	6	0.781250	-17.968750	0.860000	0.000000	2.020000	1.410000	-2.343750	-15.625000	0.790000	0	0	0	
602516	1447	0.000000	2.440000	1.790000	1.450000	0.320000	47.000000	42.000000	6	0.781250	-17.968750	0.860000	0.000000	2.500000	1.850000	-2.343750	-15.625000	0.790000	0	0	0	
602938	1424	0.000000	6.250000	5.070000	1.430000	0.650000	46.000000	42.000000	6	0.781250	-17.968750	0.860000	0.000000	6.450000	5.160000	-2.343750	-15.625000	0.790000	0	0	0	
603234	1432	0.000000	8.110000	6.080000	1.430000	0.780000	47.000000	42.000000	6	0.781250	-17.968750	0.860000	0.000000	7.970000	5.810000	-2.343750	-15.625000	0.790000	0	0	0	
603484	1446	0.000000	8.130000	6.200000	1.410000	0.810000	46.000000	42.000000	6	0.781250	-7.031250	0.815000	0.000000	8.010000	5.950000	-2.343750	-7.812500	0.750000	0	0	0	
603734	1461	0.000000	8.070000	6.220000	1.450000	0.810000	47.000000	42.000000	6	0.781250	-7.031250	0.815000	0.000000	7.990000	6.060000	-2.343750	-7.812500	0.750000	0	0	0	
603984	1472	0.000000	7.980000	6.030000	1.450000	0.790000	46.000000	42.000000	6	0.781250	-7.031250	0.815000	0.000000	7.660000	5.710000	-2.343750	-7.812500	0.750000	0	0	0	
604250	1492	0.000000	7.670000	5.750000	1.460000	0.790000	47.000000	42.000000	6	0.781250	-7.031250	0.815000	0.000000	7.050000	5.470000	-2.343750	-7.812500	0.750000	0	0	0	
604516	1501	0.000000	6.650000	5.310000	1.470000	0.740000	47.000000	42.000000	6	0.781250	-12.500000	0.805000	0.000000	6.810000	5.380000	-2.343750	-9.375000	0.655000	0	0	0	
604766	1506	0.000000	4.910000	3.980000	1.480000	0.600000	47.000000	42.000000	6	0.781250	-12.500000	0.805000	0.000000	4.750000	3.620000	-2.343750	-9.375000	0.655000	0	0	0	
605031	1506	0.000000	4.620000	3.430000	1.490000	0.530000	46.000000	42.000000	6	0.781250	-12.500000	0.805000	0.000000	4.190000	3.210000	-2.343750	-9.375000	0.655000	0	0	0	
605297	1506	0.000000	4.210000	3.220000	1.480000	0.510000	47.000000	42.000000	6	0.781250	-12.500000	0.805000	0.000000	4.100000	3.170000	-2.343750	-9.375000	0.655000	0	0	0	
605531	1506	0.000000	4.600000	3.400000	1.480000	0.500000	47.000000	42.000000	6	0.781250	-12.500000	0.615000	0.000000	4.180000	3.190000	-2.343750	-9.375000	0.655000	0	0	0	
605797	1503	0.000000	4.670000	3.440000	1.480000	0.500000	46.000000	42.000000	6	0.781250	2.343750	0.615000	0.000000	4.330000	3.260000	-2.343750	0.781250	0.035000	0	0	0	
606031	1500	0.000000	4.470000	3.330000	1.480000	0.500000	47.000000	42.000000	6	0.781250	2.343750	0.615000	0.000000	4.560000	3.360000	-2.343750	0.781250	0.035000	0	0	0	
606297	1501	0.000000	4.590000	3.390000	1.470000	0.510000	46.000000	42.000000	6	0.781250	2.343750	0.615000	0.000000	4.200000	3.190000	-2.343750	0.781250	0.035000	0	0	0	
606563	1499	0.000000	4.710000	3.490000	1.460000	0.530000	46.000000	42.000000	6	0.781250	2.343750	0.615000	0.000000	4.440000	3.320000	-2.343750	0.781250	0.035000	0	0	0	
606828	1506	0.000000	5.980000	4.910000	1.480000	0.690000	47.000000	42.000000	6	0.781250	-2.343750	0.135000	0.000000	5.760000	4.900000	-2.343750	-2.343750	0.065000	0	0	0	
607094	1504	0.000000	6.530000	5.150000	1.470000	0.730000	47.000000	42.000000	6	0.781250	-2.343750	0.135000	0.000000	5.830000	4.820000	-2.343750	-2.343750	0.065000	0	0	0	
607375	1516	0.000000	7.270000	5.570000	1.450000	0.750000	47.000000	42.000000	6	0.781250	-2.343750	0.135000	0.000000	6.840000	5.260000	-2.343750	-2.343750	0.065000	0	0	0	
607641	1519	0.000000	6.770000	5.380000	1.470000	0.750000	47.000000	42.000000	6	0.781250	-2.343750	0.135000	0.000000	6.840000	5.380000	-2.343750	-2.343750	0.065000	0	0	0	
607891	1525	0.000000	7.420000	5.640000	1.450000	0.760000	47.000000	42.000000	6	0.781250	-1.562500	0.705000	0.000000	6.760000	5.350000	-2.343750	-0.781250	0.085000	0	0	0	
608328	1561	0.000000	10.100000	8.700000	1.420000	0.880000	47.000000	42.000000	6	0.781250	-1.562500	0.705000	0.000000	9.230000	8.330000	-2.343750	-0.781250	0.085000	0	0	0	
608609	1562	0.000000	9.980000	8.980000	1.440000	0.870000	47.000000	42.000000	6	0.781250	-1.562500	0.705000	0.000000	10.710000	8.890000	-2.343750	-0.781250	0.085000	0	0	0	
608844	1590	0.000000	10.890000	8.890000	1.420000	0.890000	47.000000	42.000000	6	0.781250	-0.781250	0.805000	0.000000	10.190000	9.110000	-2.343750	-1.562500	0.585000	0	0	0	
609094	1616	0.000000	11.160000	9.260000	1.420000	0.920000	47.000000	42.000000	6	0.781250	-0.781250	0.805000	0.000000	11.900000	9.580000	-2.343750	-1.562500	0.585000	0	0	0	
609344	1634	0.000000	11.100000	8.980000	1.420000	0.940000	47.000000	42.000000	6	0.781250	-0.781250	0.805000	0.000000	11.160000	9.370000	-2.343750	-1.562500	0.585000	0	0	0	
609609	1662	0.000000	9.970000	8.750000	1.410000	0.950000	47.000000	42.000000	6	0.781250	-0.781250	0.805000	0.000000	11.130000	9.630000	-2.343750	-1.562500	0.585000	0	0	0	
609844	1684	0.000000	10.910000	9.200000	1.420000	0.950000	47.000000	42.000000	6	0.781250	-0.781250	0.805000	0.000000	11.140000	9.750000	-2.343750	-1.562500	0.585000	0	0	0	
610109	1708	0.000000	10.930000	9.550000	1.420000	0.940000	47.000000	42.000000	6	0.781250	-3.906250	0.350000	0.000000	11.200000	9.980000	-2.343750	-2.343750	0.245000	0	0	0	
610359	1734	0.000000	11.680000	10.080000	1.380000	0.950000	47.000000	42.000000	6	0.781250	-3.906250	0.350000	0.000000	12.130000	10.380000	-2.343750	-2.343750	0.245000	0	0	0	
610625	1764	0.000000	11.670000	10.100000	1.400000	0.950000	47.000000	42.000000	6	0.781250	-3.906250	0.350000	0.000000	11.960000	10.300000	-2.343750	-2.343750	0.245000	0	0	0	
610875	1785	0.000000	12.010000	10.340000	1.380000	0.950000	47.000000	42.000000	6	0.781250	-3.906250	0.350000	0.000000	12.410000	10.600000	-2.343750	-2.343750	0.245000	0	0	0	
611156	1811	0.000000	12.220000	10.460000	1.380000	0.950000	47.000000	42.000000	6	0.781250	0.000000	0.795000	0.000000	12.560000	10.700000	-2.343750	-0.781250	0.760000	0	0	0	
611406	1835	0.000000	12.150000	10.360000	1.380000	0.940000	47.000000	42.000000	6	0.781250	0.000000	0.795000	0.000000	12.500000	10.640000	-2.343750	-0.781250	0.760000	0	0	0	
611656	1863	0.000000	12.340000	10.380000	1.380000	0.940000	46.000000	42.000000	6	0.781250	0.000000	0.795000	0.000000	12.730000	10.690000	-2.343750	-0.781250	0.760000	0	0	0	
611906	1888	0.000000	12.140000	10.270000	1.410000	0.940000	47.000000	42.000000	6	0.781250	0.000000	0.795000	0.000000	12.570000	10.590000	-2.343750	-0.781250	0.760000	0	0	0	
612203	1919	0.000000	12.540000	10.370000	1.400000	0.950000	47.000000	42.000000	6	0.781250	-0.781250	0.850000	0.000000	12.990000	10.700000	-2.343750	-0.781250	0.750000	0	0	0	
612453	1945	0.000000	12.320000	10.200000	1.420000	0.930000	47.000000	43.000000	6	0.781250	-0.781250	0.850000	0.000000	12.640000	10.510000	-2.343750	-0.781250	0.750000	0	0	0	
612719	1974	0.000000	12.480000	10.240000	1.400000	0.940000	47.000000	43.000000	6	0.781250	-0.781250	0.850000	0.000000	12.740000	10.480000	-2.343750	-0.781250	0.750000	0	0	0	
612984	2005	0.000000	12.780000	10.350000	1.380000	0.940000	46.000000	43.000000	6	0.781250	-0.781250	0.850000	0.000000	12.890000	10.490000	-2.343750	-0.781250	0.750000	0	0	0	
613266	2023	0.000000	12.550000	10.190000	1.400000	0.930000	46.000000	43.000000	6	0.781250	-2.343750	0.850000	0.000000	12.410000	10.290000	-2.343750	-3.125000	0.360000	0	0	0	
613688	2026	0.000000	3.940000	3.120000	1.700000	0.470000	46.000000	43.000000	6	0.781250	-2.343750	0.850000	0.000000	3.600000	2.930000	-2.343750	-3.125000	0.360000	0	0	0	
614000	2019	0.000000	2.730000	2.060000	1.900000	0.300000	46.000000	43.000000	6	0.781250	-2.343750	0.850000	0.000000	2.730000	2.160000	-2.343750	-3.125000	0.360000	0	0	0	
614266	1994	0.000000	2.120000	1.680000	1.990000	0.250000	47.000000	42.000000	6	0.781250	-2.343750	0.855000	0.000000	2.130000	1.680000	-2.343750	-3.125000	0.160000	0	0	0	
614531	1991	0.000000	2.100000	1.660000	2.040000	0.240000	47.000000	42.000000	6	0.781250	-3.906250	0.855000	0.000000	2.170000	1.740000	-2.343750	-0.781250	0.160000	0	0	0	
614781	1967	0.000000	2.180000	1.780000	2.030000	0.230000	47.000000	42.000000	6	0.781250	-3.906250	0.855000	0.000000	2.230000	1.830000	-2.343750	-0.781250	0.160000	0	0	0	
615016	1939	0.000000	2.160000	1.770000	2.040000	0.230000	47.000000	42.000000	6	0.781250	-3.906250	0.855000	0.000000	2.040000	1.610000	-2.343750	-0.781250	0.160000	0	0	0	
615250	1907	0.000000	2.160000	1.770000	2.110000	0.230000	46.000000	42.000000	6	0.781250	-3.906250	0.855000	0.000000	2.040000	1.610000	-2.343750	-0.781250	0.160000	0	0	0	
615500	1877	0.000000	2.160000	1.770000	2.150000	0.230000	46.000000	42.000000	6	0.781250	0.000000	0.830000	0.000000	2.040000	1.610000	-2.343750	0.000000	0.000000	0	0	0	
615750	1879	0.000000	2.160000	1.770000	2.180000	0.230000	46.000000	42.000000	6	0.781250	0.000000	0.830000	0.000000	2.040000	1.610000	-2.343750	0.000000	0.000000	0	0	0	
615984	1859	0.000000	2.160000	1.770000	2.210000	0.240000	46.000000	42.000000	6	0.781250	0.000000	0.830000	0.000000	2.040000	1.610000	-2.343750	0.000000	0.000000	0	0	0	
616219	1841	0.000000	0.000000	0.000000	2.260000	0.240000	46.000000	42.000000	6	0.781250	0.000000	0.830000	0.000000	0.000000	0.000000	-2.343750	0.000000	0.000000	0	0	0	
616469	1831	0.000000	0.000000	0.000000	2.290000	0.240000	46.000000	42.000000	6	0.781250	0.000000	0.020000	0.000000	0.000000	0.000000	-2.343750	0.000000	0.000000	0	0	0	
616688	1841	0.000000	2.160000	1.770000	2.330000	0.240000	46.000000	42.000000	6	0.781250	0.000000	0.020000	0.000000	2.040000	1.610000	-2.343750	0.000000	0.000000	0	0	0	
616938	1761	0.000000	2.160000	1.770000	2.140000	0.370000	46.000000	42.000000	6	0.781250	0.000000	0.020000	0.000000	3.420000	2.960000	-2.343750	0.000000	0.000000	0	0	0	
617156	1852	0.000000	5.300000	4.330000	1.710000	0.540000	46.000000	42.000000	6	0.781250	0.000000	0.020000	0.000000	5.260000	4.250000	-2.343750	0.000000	0.000000	0	0	0	
617422	1819	0.000000	6.240000	4.760000	1.470000	0.590000	46.000000	42.000000	6	0.781250	0.000000	0.020000	0.000000	6.060000	4.600000	-2.343750	0.000000	0.000000	0	0	0	
617703	1790	0.000000	6.240000	4.670000	1.450000	0.630000	46.000000	42.000000	6	0.781250	0.000000	0.005000	0.000000	5.990000	4.450000	-2.343750	0.000000	0.000000	0	0	0	
617938	1797	0.000000	6.230000	4.670000	1.470000	0.650000	46.000000	42.000000	6	0.781250	0.000000	0.005000	0.000000	6.010000	4.480000	-2.343750	0.000000	0.000000	0	0	0	
618188	1796	0.000000	5.580000	4.130000	1.480000	0.600000	46.000000	42.000000	6	0.781250	0.000000	0.005000	0.000000	4.820000	3.780000	-2.343750	0.000000	0.000000	0	0	0	
618453	1786	0.000000	4.580000	3.480000	1.500000	0.480000	46.000000	42.000000	6	0.781250	0.000000	0.005000	0.000000	3.570000	3.080000	-2.343750	0.000000	0.000000	0	0	0	
618859	1787	0.000000	5.660000	4.130000	1.440000	0.570000	46.000000	42.000000	6	0.781250	-4.687500	0.025000	0.000000	4.830000	3.660000	-2.343750	-3.906250	0.000000	0	0	0	
619125	1788	0.000000	7.370000	5.720000	1.420000	0.720000	46.000000	42.000000	6	0.781250	-4.687500	0.025000	0.000000	6.650000	4.970000	-2.343750	-3.906250	0.000000	0	0	0	
619375	1794	0.000000	7.520000	7.490000	1.380000	0.830000	46.000000	42.000000	6	0.781250	-4.687500	0.025000	0.000000	7.320000	5.660000	-2.343750	-3.906250	0.000000	0	0	0	
619609	1812	0.000000	10.870000	8.860000	1.350000	0.900000	46.000000	42.000000	6	0.781250	-4.687500	0.025000	0.000000	10.700000	8.430000	-2.343750	-3.906250	0.000000	0	0	0	
619859	1833	0.000000	10.630000	9.080000	1.420000	0.890000	46.000000	42.000000	6	0.781250	0.000000	0.380000	0.000000	10.630000	9.180000	-2.343750	0.000000	0.035000	0	0	0	
620094	1841	0.000000	10.680000	8.810000	1.410000	0.880000	46.000000	42.000000	6	0.781250	0.000000	0.380000	0.000000	10.620000	9.070000	-2.343750	0.000000	0.035000	0	0	0	
620344	1866	0.000000	10.530000	8.440000	1.400000	0.880000	46.000000	42.000000	6	0.781250	0.000000	0.380000	0.000000	10.510000	8.570000	-2.343750	0.000000	0.035000	0	0	0	
620563	1880	0.000000	9.640000	7.960000	1.410000	0.880000	46.000000	42.000000	6	0.781250	0.000000	0.380000	0.000000	10.410000	8.340000	-2.343750	0.000000	0.035000	0	0	0	
620813	1897	0.000000	9.840000	8.060000	1.430000	0.860000	46.000000	42.000000	6	0.781250	-7.812500	0.785000	0.000000	9.810000	8.070000	-2.343750	-7.812500	0.740000	0	0	0	
621047	1914	0.000000	10.270000	8.160000	1.410000	0.870000	46.000000	42.000000	6	0.781250	-7.812500	0.785000	0.000000	9.870000	8.050000	-2.343750	-7.812500	0.740000	0	0	0	
621313	1936	0.000000	10.270000	8.240000	1.430000	0.870000	46.000000	42.000000	6	0.781250	-7.812500	0.785000	0.000000	10.230000	8.230000	-2.343750	-7.812500	0.740000	0	0	0	
621563	1952	0.000000	10.470000	8.420000	1.420000	0.890000	46.000000	42.000000	6	0.781250	-7.812500	0.785000	0.000000	10.590000	8.750000	-2.343750	-7.812500	0.740000	0	0	0	
621813	1979	0.000000	10.640000	8.850000	1.420000	0.900000	46.000000	42.000000	6	0.781250	-7.812500	0.620000	0.000000	10.600000	9.180000	-2.343750	-7.812500	0.040000	0	0	0	
622063	2003	0.000000	10.770000	9.210000	1.420000	0.920000	45.000000	42.000000	6	0.781250	-5.468750	0.620000	0.000000	11.580000	9.830000	-2.343750	-0.781250	0.040000	0	0	0	
622313	2026	0.000000	11.240000	9.660000	1.410000	0.930000	46.000000	42.000000	6	0.781250	-5.468750	0.620000	0.000000	11.940000	9.980000	-2.343750	-0.781250	0.040000	0	0	0	
622547	2053	0.000000	11.230000	9.650000	1.410000	0.940000	45.000000	42.000000	6	0.781250	-5.468750	0.620000	0.000000	11.450000	9.780000	-2.343750	-0.781250	0.040000	0	0	0	
622828	2075	0.000000	11.560000	9.700000	1.400000	0.940000	46.000000	42.000000	6	0.781250	-5.468750	0.620000	0.000000	11.820000	9.870000	-2.343750	-0.781250	0.040000	0	0	0	
623094	2107	0.000000	11.500000	9.720000	1.390000	0.930000	46.000000	42.000000	6	0.781250	0.781250	0.650000	0.000000	11.970000	9.890000	-2.343750	-0.781250	0.675000	0	0	0	
623328	2128	0.000000	11.620000	9.690000	1.390000	0.940000	46.000000	42.000000	6	0.781250	0.781250	0.650000	0.000000	11.900000	9.830000	-2.343750	-0.781250	0.675000	0	0	0	
623594	2174	0.000000	4.150000	3.260000	1.830000	0.440000	45.000000	42.000000	6	0.781250	0.781250	0.650000	0.000000	3.880000	3.120000	-2.343750	-0.781250	0.675000	0	0	0	
624016	2049	0.000000	0.000000	0.000000	2.140000	0.270000	45.000000	42.000000	6	0.781250	0.781250	0.650000	0.000000	0.000000	0.000000	-2.343750	-0.781250	0.675000	0	0	0	
624281	1717	0.000000	0.000000	0.000000	2.250000	0.250000	45.000000	42.000000	6	0.781250	0.000000	0.770000	0.000000	0.000000	0.000000	-2.343750	0.000000	0.685000	0	0	0	
624516	1560	0.000000	3.260000	2.800000	2.070000	0.350000	45.000000	42.000000	6	0.781250	0.000000	0.770000	0.000000	3.060000	2.740000	-2.343750	0.000000	0.685000	0	0	0	
624797	1702	0.000000	4.180000	3.440000	1.850000	0.450000	45.000000	42.000000	6	0.781250	0.000000	0.770000	0.000000	4.150000	3.410000	-2.343750	0.000000	0.685000	0	0	0	
625047	1681	0.000000	7.640000	6.560000	1.440000	0.720000	45.000000	42.000000	6	0.781250	0.000000	0.770000	0.000000	7.640000	6.410000	-2.343750	0.000000	0.685000	0	0	0	
625313	1686	0.000000	8.190000	7.280000	1.400000	0.850000	45.000000	42.000000	6	0.781250	0.000000	0.035000	0.000000	7.690000	7.030000	-2.343750	0.000000	0.000000	0	0	0	
625563	1700	0.000000	11.600000	9.960000	1.400000	0.890000	45.000000	42.000000	6	0.781250	0.000000	0.035000	0.000000	11.780000	10.060000	-2.343750	0.000000	0.000000	0	0	0	
625813	1712	0.000000	11.200000	9.770000	1.410000	0.910000	45.000000	42.000000	6	0.781250	0.000000	0.035000	0.000000	11.480000	9.960000	-2.343750	0.000000	0.000000	0	0	0	
626063	1729	0.000000	10.970000	9.510000	1.410000	0.920000	45.000000	42.000000	6	0.781250	0.000000	0.035000	0.000000	10.990000	9.640000	-2.343750	0.000000	0.000000	0	0	0	
626328	1742	0.000000	10.910000	9.600000	1.400000	0.940000	45.000000	42.000000	6	0.781250	-0.781250	0.855000	0.000000	11.190000	9.840000	-2.343750	0.000000	0.800000	0	0	0	
626594	1759	0.000000	10.920000	9.690000	1.390000	0.940000	45.000000	42.000000	6	0.781250	-0.781250	0.855000	0.000000	10.900000	9.700000	-2.343750	0.000000	0.800000	0	0	0	
626828	1776	0.000000	10.970000	9.700000	1.400000	0.930000	45.000000	42.000000	6	0.781250	-0.781250	0.855000	0.000000	11.570000	10.160000	-2.343750	0.000000	0.800000	0	0	0	
627094	1799	0.000000	10.540000	9.360000	1.480000	0.820000	45.000000	42.000000	6	0.781250	-0.781250	0.855000	0.000000	10.500000	9.240000	-2.343750	0.000000	0.800000	0	0	0	
627344	1797	0.000000	5.440000	4.180000	1.620000	0.570000	45.000000	42.000000	6	0.781250	-0.781250	0.710000	0.000000	4.620000	3.760000	-2.343750	0.000000	0.800000	0	0	0	
627594	1788	0.000000	2.920000	2.520000	1.780000	0.380000	45.000000	42.000000	6	0.781250	-1.562500	0.710000	0.000000	2.880000	2.500000	-2.343750	-3.906250	0.730000	0	0	0	
627844	1795	0.000000	2.190000	1.950000	1.880000	0.300000	45.000000	42.000000	6	0.781250	-1.562500	0.710000	0.000000	2.390000	1.990000	-2.343750	-3.906250	0.730000	0	0	0	
628109	1762	0.000000	2.080000	1.830000	1.970000	0.260000	45.000000	42.000000	6	0.781250	-1.562500	0.710000	0.000000	2.090000	1.830000	-2.343750	-3.906250	0.730000	0	0	0	
628375	1767	0.000000	2.120000	1.890000	1.990000	0.240000	45.000000	42.000000	6	0.781250	-1.562500	0.710000	0.000000	2.150000	1.900000	-2.343750	-3.906250	0.730000	0	0	0	
628641	1739	0.000000	2.150000	1.890000	2.000000	0.230000	45.000000	42.000000	6	0.781250	25.000000	0.630000	0.000000	2.160000	1.900000	-2.343750	25.000000	0.000000	0	0	0	
628891	1766	0.000000	1.880000	1.580000	2.040000	0.230000	45.000000	42.000000	6	0.781250	25.000000	0.630000	0.000000	1.930000	1.600000	-2.343750	25.000000	0.000000	0	0	0	
629313	1727	0.000000	1.880000	1.580000	2.120000	0.230000	44.000000	42.000000	6	0.781250	25.000000	0.630000	0.000000	1.900000	1.590000	-2.343750	25.000000	0.000000	0	0	0	
629563	1727	0.000000	1.880000	1.580000	2.160000	0.240000	45.000000	42.000000	6	0.781250	0.000000	0.040000	0.000000	1.900000	1.590000	-2.343750	0.000000	0.000000	0	0	0	
629813	1721	0.000000	0.000000	0.000000	2.200000	0.240000	45.000000	42.000000	6	0.781250	0.000000	0.040000	0.000000	0.000000	0.000000	-2.343750	0.000000	0.000000	0	0	0	
630031	1711	0.000000	0.000000	0.000000	2.240000	0.240000	44.000000	42.000000	6	0.781250	0.000000	0.040000	0.000000	0.000000	0.000000	-2.343750	0.000000	0.000000	0	0	0	
630250	1702	0.000000	0.000000	0.000000	2.270000	0.230000	44.000000	42.000000	6	0.781250	0.000000	0.040000	0.000000	0.000000	0.000000	-2.343750	0.000000	0.000000	0	0	0	
630500	1693	0.000000	0.000000	0.000000	2.300000	0.230000	44.000000	42.000000	6	0.781250	0.000000	0.040000	0.000000	0.000000	0.000000	-2.343750	0.000000	0.000000	0	0	0	
630750	1685	0.000000	0.000000	0.000000	2.330000	0.230000	44.000000	42.000000	6	0.781250	0.000000	0.010000	0.000000	0.000000	0.000000	-2.343750	0.000000	0.000000	0	0	0	
630938	1675	0.000000	0.000000	0.000000	2.350000	0.230000	44.000000	42.000000	6	0.781250	0.000000	0.010000	0.000000	0.000000	0.000000	-2.343750	0.000000	0.000000	0	0	0	
631172	1669	0.000000	0.000000	0.000000	2.380000	0.230000	44.000000	42.000000	6	0.781250	0.000000	0.010000	0.000000	0.000000	0.000000	-2.343750	0.000000	0.000000	0	0	0	
631406	1660	0.000000	0.000000	0.000000	2.400000	0.230000	44.000000	42.000000	6	0.781250	0.000000	0.010000	0.000000	0.000000	0.000000	-2.343750	0.000000	0.000000	0	0	0	
631625	1653	0.000000	0.000000	0.000000	2.430000	0.230000	44.000000	42.000000	6	0.781250	0.000000	0.010000	0.000000	0.000000	0.000000	-2.343750	0.000000	0.000000	0	0	0	
631859	1650	0.000000	0.000000	0.000000	2.450000	0.230000	44.000000	42.000000	6	0.781250	0.000000	0.000000	0.000000	0.000000	0.000000	-2.343750	0.000000	0.000000	0	0	0	
632078	1640	0.000000	0.000000	0.000000	2.470000	0.230000	44.000000	42.000000	6	0.781250	0.000000	0.000000	0.000000	0.000000	0.000000	-2.343750	0.000000	0.000000	0	0	0	
632313	1631	0.000000	0.000000	0.000000	2.500000	0.230000	44.000000	42.000000	6	0.781250	0.000000	0.000000	0.000000	0.000000	0.000000	-2.343750	0.000000	0.000000	0	0	0	
632531	1622	0.000000	0.000000	0.000000	2.510000	0.230000	44.000000	42.000000	6	0.781250	0.000000	0.000000	0.000000	0.000000	0.000000	-2.343750	0.000000	0.000000	0	0	0	
632750	1609	0.000000	0.000000	0.000000	2.530000	0.230000	44.000000	42.000000	6	0.781250	0.000000	0.000000	0.000000	0.000000	0.000000	-2.343750	0.000000	0.000000	0	0	0	
632969	1609	0.000000	0.000000	0.000000	2.560000	0.220000	44.000000	42.000000	6	0.781250	0.000000	0.000000	0.000000	0.000000	0.000000	-2.343750	0.000000	0.000000	0	0	0	
633156	1604	0.000000	0.000000	0.000000	2.580000	0.230000	44.000000	42.000000	6	0.781250	0.000000	0.000000	0.000000	0.000000	0.000000	-2.343750	0.000000	0.000000	0	0	0	
633406	1593	0.000000	0.000000	0.000000	2.600000	0.230000	43.000000	42.000000	6	0.781250	0.000000	0.000000	0.000000	0.000000	0.000000	-2.343750	0.000000	0.000000	0	0	0	
633625	1587	0.000000	0.000000	0.000000	2.620000	0.230000	43.000000	42.000000	6	0.781250	0.000000	0.000000	0.000000	0.000000	0.000000	-2.343750	0.000000	0.000000	0	0	0	
634016	1571	0.000000	0.000000	0.000000	2.650000	0.220000	44.000000	42.000000	6	0.781250	0.000000	0.000000	0.000000	0.000000	0.000000	-2.343750	0.000000	0.000000	0	0	0	
634234	1566	0.000000	0.000000	0.000000	2.680000	0.210000	43.000000	42.000000	6	0.781250	0.000000	0.000000	0.000000	0.000000	0.000000	-2.343750	0.000000	0.000000	0	0	0	
634469	1557	0.000000	0.000000	0.000000	2.690000	0.220000	44.000000	42.000000	6	0.781250	0.000000	0.000000	0.000000	0.000000	0.000000	-2.343750	0.000000	0.000000	0	0	0	
634703	1584	0.000000	3.050000	2.580000	2.610000	0.290000	44.000000	42.000000	6	0.781250	0.000000	0.000000	0.000000	3.240000	2.690000	-2.343750	0.000000	0.000000	0	0	0	
634969	1550	0.000000	4.090000	3.360000	2.260000	0.390000	43.000000	42.000000	6	0.781250	0.000000	0.000000	0.000000	4.000000	3.310000	-2.343750	0.000000	0.000000	0	0	0	
635219	1551	0.000000	4.350000	3.710000	2.020000	0.460000	44.000000	42.000000	6	0.781250	0.000000	0.000000	0.000000	4.300000	3.660000	-2.343750	0.000000	0.000000	0	0	0	
635469	1550	0.000000	4.890000	4.000000	1.810000	0.510000	43.000000	42.000000	6	0.781250	0.000000	0.000000	0.000000	4.400000	3.970000	-2.343750	0.000000	0.000000	0	0	0	
635719	1552	0.000000	6.810000	5.440000	1.450000	0.690000	43.000000	42.000000	6	0.781250	0.000000	0.000000	0.000000	6.670000	5.190000	-2.343750	0.000000	0.000000	0	0	0	
635969	1562	0.000000	9.360000	8.270000	1.410000	0.850000	43.000000	42.000000	6	0.781250	0.000000	0.000000	0.000000	8.260000	7.540000	-2.343750	0.000000	0.000000	0	0	0	
636219	1574	0.000000	11.540000	9.530000	1.410000	0.860000	43.000000	42.000000	6	0.781250	0.000000	0.015000	0.000000	9.840000	8.470000	-2.343750	0.000000	0.025000	0	0	0	
636453	1593	0.000000	10.290000	9.110000	1.410000	0.860000	43.000000	42.000000	6	0.781250	0.000000	0.015000	0.000000	10.340000	8.670000	-2.343750	0.000000	0.025000	0	0	0	
636734	1611	0.000000	11.320000	9.070000	1.370000	0.890000	43.000000	42.000000	6	0.781250	0.000000	0.015000	0.000000	9.870000	8.630000	-2.343750	0.000000	0.025000	0	0	0	
637031	1632	0.000000	11.360000	9.260000	1.380000	0.930000	43.000000	42.000000	6	0.781250	0.000000	0.015000	0.000000	11.400000	9.560000	-2.343750	0.000000	0.025000	0	0	0	
637328	1654	0.000000	11.040000	8.950000	1.390000	0.940000	43.000000	42.000000	6	0.781250	-7.031250	0.665000	0.000000	11.220000	9.640000	-2.343750	-4.687500	0.235000	0	0	0	
637609	1679	0.000000	11.040000	9.360000	1.410000	0.940000	43.000000	42.000000	6	0.781250	-7.031250	0.665000	0.000000	11.130000	9.590000	-2.343750	-4.687500	0.235000	0	0	0	
637859	1691	0.000000	11.010000	9.480000	1.410000	0.940000	43.000000	42.000000	6	0.781250	-7.031250	0.665000	0.000000	11.220000	9.750000	-2.343750	-4.687500	0.235000	0	0	0	
638109	1715	0.000000	10.940000	9.490000	1.410000	0.940000	43.000000	42.000000	6	0.781250	-7.031250	0.665000	0.000000	11.740000	10.130000	-2.343750	-4.687500	0.235000	0	0	0	
638344	1727	0.000000	11.230000	9.770000	1.420000	0.940000	43.000000	42.000000	6	0.781250	1.562500	0.090000	0.000000	11.540000	10.030000	-2.343750	0.000000	0.120000	0	0	0	
638625	1752	0.000000	11.170000	9.850000	1.420000	0.940000	43.000000	42.000000	6	0.781250	1.562500	0.090000	0.000000	11.330000	9.930000	-2.343750	0.000000	0.120000	0	0	0	
638891	1780	0.000000	7.230000	6.550000	1.540000	0.760000	43.000000	42.000000	6	0.781250	1.562500	0.090000	0.000000	7.200000	6.570000	-2.343750	0.000000	0.120000	0	0	0	
639359	1777	0.000000	2.840000	2.430000	1.890000	0.360000	42.000000	42.000000	6	0.781250	-3.125000	0.725000	0.000000	2.700000	2.310000	-2.343750	-3.906250	0.715000	0	0	0	
639641	1769	0.000000	2.080000	1.820000	2.030000	0.270000	42.000000	42.000000	6	0.781250	-3.125000	0.725000	0.000000	2.150000	1.900000	-2.343750	-3.906250	0.715000	0	0	0	
639891	1760	0.000000	2.030000	1.760000	2.100000	0.250000	42.000000	42.000000	6	0.781250	-3.125000	0.725000	0.000000	2.060000	1.820000	-2.343750	-3.906250	0.715000	0	0	0	
640109	1765	0.000000	2.150000	1.910000	2.120000	0.240000	42.000000	42.000000	6	0.781250	-3.125000	0.725000	0.000000	2.140000	1.890000	-2.343750	-3.906250	0.715000	0	0	0	
640406	1739	0.000000	2.150000	1.880000	2.130000	0.230000	42.000000	42.000000	6	0.781250	-3.125000	0.725000	0.000000	2.170000	1.910000	-2.343750	-3.906250	0.715000	0	0	0	
640656	1777	0.000000	2.140000	1.870000	2.190000	0.230000	43.000000	42.000000	6	0.781250	0.000000	0.065000	0.000000	2.170000	1.910000	-2.343750	0.000000	0.010000	0	0	0	
640938	1724	0.000000	2.140000	1.870000	2.240000	0.230000	43.000000	42.000000	6	0.781250	0.000000	0.065000	0.000000	2.170000	1.910000	-2.343750	0.000000	0.010000	0	0	0	
641203	1738	0.000000	2.140000	1.870000	2.280000	0.230000	42.000000	42.000000	6	0.781250	0.000000	0.065000	0.000000	2.170000	1.910000	-2.343750	0.000000	0.010000	0	0	0	
641469	1732	0.000000	2.140000	1.870000	2.320000	0.240000	42.000000	42.000000	6	0.781250	0.000000	0.030000	0.000000	2.170000	1.910000	-2.343750	0.000000	0.010000	0	0	0	
641719	1726	0.000000	0.000000	0.000000	2.370000	0.230000	42.000000	42.000000	6	0.781250	0.000000	0.030000	0.000000	0.000000	0.000000	-2.343750	0.000000	0.000000	0	0	0	
641969	1719	0.000000	0.000000	0.000000	2.400000	0.230000	43.000000	42.000000	6	0.781250	0.000000	0.030000	0.000000	0.000000	0.000000	-2.343750	0.000000	0.000000	0	0	0	
642219	1711	0.000000	0.000000	0.000000	2.430000	0.230000	42.000000	42.000000	6	0.781250	0.000000	0.030000	0.000000	0.000000	0.000000	-2.343750	0.000000	0.000000	0	0	0	
642500	1702	0.000000	0.000000	0.000000	2.460000	0.230000	42.000000	42.000000	6	0.781250	0.000000	0.030000	0.000000	0.000000	0.000000	-2.343750	0.000000	0.000000	0	0	0	
642734	1699	0.000000	0.000000	0.000000	2.500000	0.230000	42.000000	42.000000	6	0.781250	0.000000	0.005000	0.000000	0.000000	0.000000	-2.343750	0.000000	0.000000	0	0	0	
642953	1693	0.000000	0.000000	0.000000	2.540000	0.230000	42.000000	42.000000	6	0.781250	0.000000	0.005000	0.000000	0.000000	0.000000	-2.343750	0.000000	0.000000	0	0	0	
643234	1686	0.000000	0.000000	0.000000	2.560000	0.230000	43.000000	42.000000	6	0.781250	0.000000	0.005000	0.000000	0.000000	0.000000	-2.343750	0.000000	0.000000	0	0	0	
643469	1679	0.000000	0.000000	0.000000	2.580000	0.230000	42.000000	42.000000	6	0.781250	0.000000	0.005000	0.000000	0.000000	0.000000	-2.343750	0.000000	0.000000	0	0	0	
643703	1674	0.000000	0.000000	0.000000	2.610000	0.230000	42.000000	42.000000	6	0.781250	0.000000	0.000000	0.000000	0.000000	0.000000	-2.343750	0.000000	0.000000	0	0	0	
643953	1668	0.000000	0.000000	0.000000	2.630000	0.230000	42.000000	42.000000	6	0.781250	0.000000	0.000000	0.000000	0.000000	0.000000	-2.343750	0.000000	0.000000	0	0	0	
644188	1660	0.000000	0.000000	0.000000	2.660000	0.230000	42.000000	42.000000	6	0.781250	0.000000	0.000000	0.000000	0.000000	0.000000	-2.343750	0.000000	0.000000	0	0	0	
644578	1650	0.000000	0.000000	0.000000	2.700000	0.220000	42.000000	42.000000	6	0.781250	0.000000	0.000000	0.000000	0.000000	0.000000	-2.343750	0.000000	0.000000	0	0	0	
644813	1644	0.000000	0.000000	0.000000	2.720000	0.220000	42.000000	42.000000	6	0.781250	0.000000	0.000000	0.000000	0.000000	0.000000	-2.343750	0.000000	0.000000	0	0	0	
645047	1637	0.000000	0.000000	0.000000	2.730000	0.220000	42.000000	42.000000	6	0.781250	0.000000	0.000000	0.000000	0.000000	0.000000	-2.343750	0.000000	0.000000	0	0	0	
645281	1628	0.000000	0.000000	0.000000	2.750000	0.230000	42.000000	42.000000	6	0.781250	0.000000	0.000000	0.000000	0.000000	0.000000	-2.343750	0.000000	0.000000	0	0	0	
645547	1626	0.000000	0.000000	0.000000	2.770000	0.230000	42.000000	42.000000	6	0.781250	0.000000	0.000000	0.000000	0.000000	0.000000	-2.343750	0.000000	0.000000	0	0	0	
645797	1621	0.000000	0.000000	0.000000	2.800000	0.220000	42.000000	42.000000	6	0.781250	0.000000	0.000000	0.000000	0.000000	0.000000	-2.343750	0.000000	0.000000	0	0	0	
646031	1611	0.000000	0.000000	0.000000	2.810000	0.220000	42.000000	42.000000	6	0.781250	0.000000	0.000000	0.000000	0.000000	0.000000	-2.343750	0.000000	0.000000	0	0	0	
646266	1607	0.000000	0.000000	0.000000	2.830000	0.230000	42.000000	42.000000	6	0.781250	0.000000	0.000000	0.000000	0.000000	0.000000	-2.343750	0.000000	0.000000	0	0	0	
646547	1600	0.000000	0.000000	0.000000	2.840000	0.230000	42.000000	42.000000	6	0.781250	0.000000	0.000000	0.000000	0.000000	0.000000	-2.343750	0.000000	0.000000	0	0	0	
646813	1592	0.000000	0.000000	0.000000	2.880000	0.220000	42.000000	42.000000	6	0.781250	0.000000	0.000000	0.000000	0.000000	0.000000	-2.343750	0.000000	0.000000	0	0	0	
647063	1582	0.000000	0.000000	0.000000	2.890000	0.230000	41.000000	42.000000	6	0.781250	0.000000	0.000000	0.000000	0.000000	0.000000	-2.343750	0.000000	0.000000	0	0	0	
647313	1578	0.000000	0.000000	0.000000	2.900000	0.230000	42.000000	42.000000	6	0.781250	0.000000	0.000000	0.000000	0.000000	0.000000	-2.343750	0.000000	0.000000	0	0	0	
647594	1573	0.000000	0.000000	0.000000	2.930000	0.220000	41.000000	42.000000	6	0.781250	0.000000	0.000000	0.000000	0.000000	0.000000	-2.343750	0.000000	0.000000	0	0	0	
647844	1562	0.000000	0.000000	0.000000	2.940000	0.220000	41.000000	42.000000	6	0.781250	0.000000	0.000000	0.000000	0.000000	0.000000	-2.343750	0.000000	0.000000	0	0	0	
648078	1559	0.000000	0.000000	0.000000	2.960000	0.220000	41.000000	42.000000	6	0.781250	0.000000	0.000000	0.000000	0.000000	0.000000	-2.343750	0.000000	0.000000	0	0	0	
648328	1550	0.000000	0.000000	0.000000	2.980000	0.230000	41.000000	42.000000	6	0.781250	0.000000	0.000000	0.000000	0.000000	0.000000	-2.343750	0.000000	0.000000	0	0	0	
648594	1281	0.000000	0.000000	0.000000	2.970000	0.240000	42.000000	42.000000	6	0.781250	0.000000	0.000000	0.000000	0.000000	0.000000	-2.343750	0.000000	0.000000	0	0	0	
648891	1054	0.000000	2.970000	2.540000	2.770000	0.310000	41.000000	42.000000	6	0.781250	0.000000	0.000000	0.000000	2.910000	2.510000	-2.343750	0.000000	0.000000	0	0	0	
649156	1143	0.000000	2.740000	2.290000	2.710000	0.290000	42.000000	42.000000	6	0.781250	0.000000	0.000000	0.000000	2.730000	2.270000	-2.343750	0.000000	0.000000	0	0	0	
649422	1291	0.000000	2.460000	1.990000	2.660000	0.250000	41.000000	42.000000	6	0.781250	0.000000	0.000000	0.000000	2.570000	2.060000	-2.343750	0.000000	0.000000	0	0	0	
649828	1285	0.000000	2.240000	1.800000	2.630000	0.240000	41.000000	42.000000	6	0.781250	0.000000	0.000000	0.000000	2.260000	1.820000	-2.343750	0.000000	0.000000	0	0	0	
650078	1279	0.000000	2.200000	1.770000	2.620000	0.230000	41.000000	42.000000	6	0.781250	0.000000	0.000000	0.000000	2.240000	1.810000	-2.343750	0.000000	0.000000	0	0	0	
650328	1299	0.000000	2.450000	1.980000	2.500000	0.310000	41.000000	42.000000	6	0.781250	0.000000	0.025000	0.000000	2.580000	2.070000	-2.343750	0.000000	0.025000	0	0	0	
650594	1289	0.000000	4.480000	3.940000	2.220000	0.430000	41.000000	42.000000	6	0.781250	0.000000	0.025000	0.000000	4.490000	3.950000	-2.343750	0.000000	0.025000	0	0	0	
650844	1280	0.000000	5.240000	4.820000	1.910000	0.570000	41.000000	42.000000	6	0.781250	0.000000	0.025000	0.000000	5.440000	4.930000	-2.343750	0.000000	0.025000	0	0	0	
651109	1281	0.000000	6.790000	5.870000	1.560000	0.710000	41.000000	42.000000	6	0.781250	0.000000	0.025000	0.000000	6.440000	5.400000	-2.343750	0.000000	0.025000	0	0	0	
651344	1289	0.000000	7.940000	6.060000	1.460000	0.760000	41.000000	42.000000	6	0.781250	-6.250000	0.410000	0.000000	7.640000	5.720000	-2.343750	-3.906250	0.705000	0	0	0	
651625	1297	0.000000	7.900000	5.850000	1.470000	0.770000	41.000000	42.000000	6	0.781250	-6.250000	0.410000	0.000000	6.800000	5.340000	-2.343750	-3.906250	0.705000	0	0	0	
651875	1298	0.000000	6.940000	5.410000	1.460000	0.770000	41.000000	42.000000	6	0.781250	-6.250000	0.410000	0.000000	6.660000	5.250000	-2.343750	-3.906250	0.705000	0	0	0	
652125	1308	0.000000	6.840000	5.360000	1.460000	0.770000	41.000000	42.000000	6	0.781250	-6.250000	0.410000	0.000000	6.740000	5.290000	-2.343750	-3.906250	0.705000	0	0	0	
652375	1314	0.000000	7.000000	5.430000	1.470000	0.760000	41.000000	42.000000	6	0.781250	-4.687500	0.830000	0.000000	6.760000	5.290000	-2.343750	-3.125000	0.135000	0	0	0	
652625	1316	0.000000	6.890000	5.390000	1.460000	0.760000	41.000000	42.000000	6	0.781250	-4.687500	0.830000	0.000000	6.980000	5.410000	-2.343750	-3.125000	0.135000	0	0	0	
652891	1322	0.000000	6.990000	5.400000	1.460000	0.760000	41.000000	42.000000	6	0.781250	-4.687500	0.830000	0.000000	6.440000	5.170000	-2.343750	-3.125000	0.135000	0	0	0	
653188	1331	0.000000	7.090000	5.460000	1.460000	0.750000	41.000000	42.000000	6	0.781250	-4.687500	0.830000	0.000000	6.620000	5.240000	-2.343750	-3.125000	0.135000	0	0	0	
653422	1334	0.000000	6.860000	5.330000	1.450000	0.750000	41.000000	42.000000	6	0.781250	-4.687500	0.830000	0.000000	7.210000	5.500000	-2.343750	-3.125000	0.135000	0	0	0	
653703	1341	0.000000	7.230000	5.500000	1.440000	0.750000	41.000000	42.000000	6	0.781250	-3.125000	0.690000	0.000000	6.230000	5.050000	-2.343750	-2.343750	0.065000	0	0	0	
653953	1346	0.000000	7.030000	5.400000	1.440000	0.750000	41.000000	42.000000	6	0.781250	-3.125000	0.690000	0.000000	6.630000	5.220000	-2.343750	-2.343750	0.065000	0	0	0	
654234	1352	0.000000	6.630000	5.230000	1.440000	0.750000	41.000000	42.000000	6	0.781250	-3.125000	0.690000	0.000000	7.060000	5.430000	-2.343750	-2.343750	0.065000	0	0	0	
654484	1358	0.000000	7.440000	5.600000	1.470000	0.750000	41.000000	42.000000	6	0.781250	-3.125000	0.690000	0.000000	6.300000	5.100000	-2.343750	-2.343750	0.065000	0	0	0	
654734	1361	0.000000	6.980000	5.410000	1.480000	0.740000	41.000000	42.000000	6	0.781250	-0.781250	0.105000	0.000000	6.560000	5.310000	-2.343750	0.000000	0.670000	0	0	0	
655172	1370	0.000000	6.970000	5.410000	1.460000	0.750000	41.000000	42.000000	6	0.781250	-0.781250	0.105000	0.000000	6.820000	5.350000	-2.343750	0.000000	0.670000	0	0	0	
655406	1376	0.000000	7.420000	5.610000	1.470000	0.750000	41.000000	42.000000	6	0.781250	-0.781250	0.105000	0.000000	6.370000	5.140000	-2.343750	0.000000	0.670000	0	0	0	
655688	1380	0.000000	6.880000	5.390000	1.460000	0.750000	41.000000	42.000000	6	0.781250	-3.906250	0.210000	0.000000	6.870000	5.380000	-2.343750	2.343750	0.040000	0	0	0	
655938	1386	0.000000	6.980000	5.410000	1.480000	0.740000	41.000000	42.000000	6	0.781250	-3.906250	0.210000	0.000000	6.780000	5.280000	-2.343750	2.343750	0.040000	0	0	0	
656281	1392	0.000000	7.220000	5.520000	1.480000	0.740000	41.000000	42.000000	6	0.781250	-3.906250	0.210000	0.000000	6.410000	5.180000	-2.343750	2.343750	0.040000	0	0	0	
656531	1397	0.000000	6.250000	5.100000	1.480000	0.750000	41.000000	42.000000	6	0.781250	-3.906250	0.210000	0.000000	6.970000	5.420000	-2.343750	2.343750	0.040000	0	0	0	
656781	1403	0.000000	7.130000	5.470000	1.460000	0.750000	41.000000	42.000000	6	0.781250	2.343750	0.710000	0.000000	6.860000	5.370000	-2.343750	0.781250	0.045000	0	0	0	
657047	1407	0.000000	7.120000	5.490000	1.480000	0.740000	40.000000	42.000000	6	0.781250	2.343750	0.710000	0.000000	6.250000	5.100000	-2.343750	0.781250	0.045000	0	0	0	
657281	1412	0.000000	6.280000	5.130000	1.480000	0.750000	41.000000	42.000000	6	0.781250	2.343750	0.710000	0.000000	7.030000	5.440000	-2.343750	0.781250	0.045000	0	0	0	
657547	1418	0.000000	6.870000	5.370000	1.480000	0.750000	40.000000	42.000000	6	0.781250	2.343750	0.710000	0.000000	6.790000	5.340000	-2.343750	0.781250	0.045000	0	0	0	
657828	1422	0.000000	7.190000	5.390000	1.480000	0.750000	41.000000	42.000000	6	0.781250	2.343750	0.710000	0.000000	6.180000	5.080000	-2.343750	0.781250	0.045000	0	0	0	
658078	1425	0.000000	6.410000	5.150000	1.470000	0.740000	40.000000	42.000000	6	0.781250	-3.125000	0.120000	0.000000	6.700000	5.290000	-2.343750	2.343750	0.695000	0	0	0	
658359	1431	0.000000	6.860000	5.370000	1.470000	0.750000	40.000000	42.000000	6	0.781250	-3.125000	0.120000	0.000000	6.610000	5.250000	-2.343750	2.343750	0.695000	0	0	0	
658609	1436	0.000000	6.840000	5.390000	1.470000	0.750000	41.000000	42.000000	6	0.781250	-3.125000	0.120000	0.000000	6.210000	5.070000	-2.343750	2.343750	0.695000	0	0	0	
658859	1441	0.000000	6.640000	5.250000	1.470000	0.740000	41.000000	42.000000	6	0.781250	-3.125000	0.120000	0.000000	7.080000	5.490000	-2.343750	2.343750	0.695000	0	0	0	
659109	1445	0.000000	6.940000	5.400000	1.430000	0.790000	40.000000	42.000000	6	0.781250	-0.781250	0.690000	0.000000	7.100000	5.490000	-2.343750	3.906250	0.030000	0	0	0	
659391	1452	0.000000	8.860000	8.260000	1.440000	0.860000	40.000000	42.000000	6	0.781250	-0.781250	0.690000	0.000000	8.760000	8.020000	-2.343750	3.906250	0.030000	0	0	0	
659641	1464	0.000000	9.950000	8.740000	1.420000	0.870000	40.000000	42.000000	6	0.781250	-0.781250	0.690000	0.000000	9.640000	8.600000	-2.343750	3.906250	0.030000	0	0	0	
659891	1473	0.000000	10.720000	9.170000	1.440000	0.870000	40.000000	42.000000	6	0.781250	-0.781250	0.690000	0.000000	10.660000	9.180000	-2.343750	3.906250	0.030000	0	0	0	
660156	1479	0.000000	8.860000	8.110000	1.460000	0.850000	40.000000	42.000000	6	0.781250	-2.343750	0.660000	0.000000	8.900000	8.290000	-2.343750	0.781250	0.090000	0	0	0	
660563	1497	0.000000	9.270000	8.430000	1.440000	0.850000	40.000000	42.000000	6	0.781250	-2.343750	0.660000	0.000000	8.960000	8.080000	-2.343750	0.781250	0.090000	0	0	0	
660828	1507	0.000000	8.160000	7.420000	1.490000	0.780000	40.000000	42.000000	6	0.781250	-2.343750	0.660000	0.000000	7.960000	7.000000	-2.343750	0.781250	0.090000	0	0	0	
661078	1510	0.000000	5.310000	4.290000	1.640000	0.560000	40.000000	42.000000	6	0.781250	-2.343750	0.710000	0.000000	5.200000	4.120000	-2.343750	-3.906250	0.535000	0	0	0	
661344	1515	0.000000	3.330000	2.900000	1.710000	0.470000	40.000000	42.000000	6	0.781250	-2.343750	0.710000	0.000000	3.340000	2.890000	-2.343750	-3.906250	0.535000	0	0	0	
661609	1510	0.000000	3.240000	2.710000	1.760000	0.390000	40.000000	42.000000	6	0.781250	-2.343750	0.710000	0.000000	3.110000	2.550000	-2.343750	-3.906250	0.535000	0	0	0	
661859	1509	0.000000	2.830000	2.250000	1.850000	0.300000	40.000000	42.000000	6	0.781250	-2.343750	0.710000	0.000000	2.750000	2.200000	-2.343750	-3.906250	0.535000	0	0	0	
662141	1480	0.000000	2.150000	1.710000	1.930000	0.260000	40.000000	42.000000	6	0.781250	-2.343750	0.710000	0.000000	2.110000	1.660000	-2.343750	-3.906250	0.535000	0	0	0	
662375	1505	0.000000	2.110000	1.680000	1.980000	0.240000	40.000000	42.000000	6	0.781250	-4.687500	0.725000	0.000000	2.150000	1.730000	-2.343750	-3.906250	0.695000	0	0	0	
662656	1494	0.000000	2.130000	1.690000	2.000000	0.230000	40.000000	42.000000	6	0.781250	-4.687500	0.725000	0.000000	2.260000	1.830000	-2.343750	-3.906250	0.695000	0	0	0	
662891	1491	0.000000	2.230000	1.800000	1.990000	0.230000	40.000000	42.000000	6	0.781250	-4.687500	0.725000	0.000000	2.250000	1.820000	-2.343750	-3.906250	0.695000	0	0	0	
663141	1487	0.000000	2.160000	1.730000	2.000000	0.220000	40.000000	42.000000	6	0.781250	-4.687500	0.725000	0.000000	2.120000	1.670000	-2.343750	-3.906250	0.695000	0	0	0	
663375	1478	0.000000	2.040000	1.590000	2.020000	0.220000	40.000000	42.000000	6	0.781250	1.562500	0.115000	0.000000	2.070000	1.620000	-2.343750	0.781250	0.060000	0	0	0	
663641	1477	0.000000	2.040000	1.590000	2.030000	0.220000	40.000000	42.000000	6	0.781250	1.562500	0.115000	0.000000	2.130000	1.680000	-2.343750	0.781250	0.060000	0	0	0	
663891	1472	0.000000	2.180000	1.750000	2.000000	0.220000	40.000000	42.000000	6	0.781250	1.562500	0.115000	0.000000	2.240000	1.810000	-2.343750	0.781250	0.060000	0	0	0	
664156	1471	0.000000	2.120000	1.670000	1.990000	0.220000	40.000000	42.000000	6	0.781250	1.562500	0.115000	0.000000	2.210000	1.760000	-2.343750	0.781250	0.060000	0	0	0	
664391	1462	0.000000	1.940000	1.460000	2.010000	0.210000	40.000000	42.000000	6	0.781250	-3.906250	0.740000	0.000000	2.060000	1.560000	-2.343750	0.781250	0.030000	0	0	0	
664672	1460	0.000000	1.970000	1.500000	2.020000	0.220000	40.000000	42.000000	6	0.781250	-3.906250	0.740000	0.000000	2.020000	1.560000	-2.343750	0.781250	0.030000	0	0	0	
664906	1453	0.000000	1.980000	1.520000	2.010000	0.220000	40.000000	42.000000	6	0.781250	-3.906250	0.740000	0.000000	2.020000	1.560000	-2.343750	0.781250	0.030000	0	0	0	
665156	1451	0.000000	2.650000	2.110000	1.940000	0.280000	40.000000	42.000000	6	0.781250	-3.906250	0.740000	0.000000	2.140000	2.270000	-2.343750	0.781250	0.030000	0	0	0	
665422	1421	0.000000	5.220000	4.440000	1.600000	0.480000	40.000000	42.000000	6	0.781250	12.500000	0.760000	0.000000	5.170000	4.200000	-2.343750	0.781250	0.035000	0	0	0	
665813	1445	0.000000	9.450000	8.520000	1.410000	0.850000	40.000000	42.000000	6	0.781250	12.500000	0.760000	0.000000	8.420000	7.330000	-2.343750	9.375000	0.035000	0	0	0	
666063	1462	0.000000	11.930000	9.610000	1.400000	0.890000	40.000000	42.000000	6	0.781250	12.500000	0.760000	0.000000	11.220000	9.320000	-2.343750	9.375000	0.035000	0	0	0	
666328	1476	0.000000	11.740000	9.540000	1.400000	0.930000	40.000000	42.000000	6	0.781250	12.500000	0.760000	0.000000	12.240000	10.030000	-2.343750	9.375000	0.035000	0	0	0	
666578	1483	0.000000	10.620000	9.110000	1.400000	0.940000	40.000000	42.000000	6	0.781250	12.500000	0.860000	0.000000	11.930000	9.680000	-2.343750	9.375000	0.825000	0	0	0	
666828	1496	0.000000	11.330000	9.410000	1.390000	0.940000	40.000000	42.000000	6	0.781250	-3.906250	0.860000	0.000000	10.540000	9.100000	-2.343750	-7.031250	0.825000	0	0	0	
667047	1508	0.000000	10.300000	9.010000	1.400000	0.940000	40.000000	42.000000	6	0.781250	-3.906250	0.860000	0.000000	11.920000	9.780000	-2.343750	-7.031250	0.825000	0	0	0	
667328	1527	0.000000	11.290000	9.450000	1.400000	0.940000	40.000000	42.000000	6	0.781250	-3.906250	0.860000	0.000000	11.380000	9.460000	-2.343750	-7.031250	0.825000	0	0	0	
667563	1535	0.000000	11.160000	9.410000	1.430000	0.930000	40.000000	42.000000	6	0.781250	-3.906250	0.860000	0.000000	10.760000	9.280000	-2.343750	-7.031250	0.825000	0	0	0	
667813	1543	0.000000	10.050000	9.010000	1.440000	0.930000	40.000000	42.000000	6	0.781250	-4.687500	0.775000	0.000000	11.180000	9.590000	-2.343750	-1.562500	0.010000	0	0	0	
668063	1557	0.000000	10.920000	9.400000	1.440000	0.920000	40.000000	42.000000	6	0.781250	-4.687500	0.775000	0.000000	11.050000	9.440000	-2.343750	-1.562500	0.010000	0	0	0	
668328	1570	0.000000	10.790000	9.370000	1.450000	0.920000	40.000000	42.000000	6	0.781250	-4.687500	0.775000	0.000000	10.150000	9.140000	-2.343750	-1.562500	0.010000	0	0	0	
668594	1581	0.000000	10.850000	9.360000	1.440000	0.940000	40.000000	42.000000	6	0.781250	-4.687500	0.775000	0.000000	11.340000	9.570000	-2.343750	-1.562500	0.010000	0	0	0	
668859	1598	0.000000	10.620000	9.430000	1.450000	0.930000	40.000000	42.000000	6	0.781250	-0.781250	0.710000	0.000000	10.860000	9.400000	-2.343750	-3.906250	0.550000	0	0	0	
669156	1609	0.000000	11.110000	9.250000	1.510000	0.850000	40.000000	42.000000	6	0.781250	-0.781250	0.710000	0.000000	9.670000	8.940000	-2.343750	-3.906250	0.550000	0	0	0	
669438	1628	0.000000	4.970000	4.010000	1.760000	0.590000	39.000000	42.000000	6	0.781250	-0.781250	0.710000	0.000000	4.470000	3.930000	-2.343750	-3.906250	0.550000	0	0	0	
669672	1617	0.000000	3.890000	3.130000	1.870000	0.520000	40.000000	42.000000	6	0.781250	-0.781250	0.710000	0.000000	3.890000	3.240000	-2.343750	-3.906250	0.550000	0	0	0	
669953	1614	0.000000	3.860000	3.190000	1.900000	0.500000	39.000000	42.000000	6	0.781250	-5.468750	0.810000	0.000000	3.530000	3.040000	-2.343750	-4.687500	0.675000	0	0	0	
670188	1613	0.000000	3.870000	3.240000	1.910000	0.500000	39.000000	42.000000	6	0.781250	-5.468750	0.810000	0.000000	3.550000	3.060000	-2.343750	-4.687500	0.675000	0	0	0	
670469	1615	0.000000	3.860000	3.210000	1.910000	0.500000	40.000000	42.000000	6	0.781250	-5.468750	0.810000	0.000000	3.670000	3.150000	-2.343750	-4.687500	0.675000	0	0	0	
670750	1614	0.000000	3.970000	3.280000	1.930000	0.500000	40.000000	42.000000	6	0.781250	-5.468750	0.810000	0.000000	3.480000	3.000000	-2.343750	-4.687500	0.675000	0	0	0	
671156	1611	0.000000	7.530000	6.390000	1.470000	0.810000	39.000000	42.000000	6	0.781250	-5.468750	0.775000	0.000000	7.550000	6.090000	-2.343750	-10.156250	0.665000	0	0	0	
671422	1622	0.000000	9.690000	8.420000	1.450000	0.870000	40.000000	41.000000	6	0.781250	-5.468750	0.775000	0.000000	8.310000	7.700000	-2.343750	-10.156250	0.665000	0	0	0	
671688	1639	0.000000	9.690000	8.320000	1.440000	0.870000	40.000000	41.000000	6	0.781250	-5.468750	0.775000	0.000000	9.640000	8.340000	-2.343750	-10.156250	0.665000	0	0	0	
671969	1640	0.000000	9.110000	8.050000	1.450000	0.870000	39.000000	41.000000	6	0.781250	-5.468750	0.775000	0.000000	9.780000	8.540000	-2.343750	-10.156250	0.665000	0	0	0	
672234	1655	0.000000	9.870000	8.420000	1.430000	0.870000	40.000000	41.000000	6	0.781250	-4.687500	0.720000	0.000000	9.460000	8.170000	-2.343750	-3.906250	0.095000	0	0	0	
672453	1668	0.000000	9.680000	8.240000	1.440000	0.860000	40.000000	41.000000	6	0.781250	-4.687500	0.720000	0.000000	9.370000	8.110000	-2.343750	-3.906250	0.095000	0	0	0	
672719	1673	0.000000	8.900000	7.870000	1.450000	0.850000	40.000000	41.000000	6	0.781250	-4.687500	0.720000	0.000000	9.800000	8.260000	-2.343750	-3.906250	0.095000	0	0	0	
672953	1683	0.000000	9.520000	8.130000	1.430000	0.850000	40.000000	41.000000	6	0.781250	-4.687500	0.720000	0.000000	9.270000	8.010000	-2.343750	-3.906250	0.095000	0	0	0	
673250	1695	0.000000	9.730000	8.170000	1.420000	0.860000	40.000000	41.000000	6	0.781250	-2.343750	0.205000	0.000000	9.460000	8.070000	-2.343750	-2.343750	0.460000	0	0	0	
673500	1706	0.000000	8.980000	7.820000	1.420000	0.860000	40.000000	41.000000	6	0.781250	-2.343750	0.205000	0.000000	9.760000	8.170000	-2.343750	-2.343750	0.460000	0	0	0	
673766	1713	0.000000	9.310000	8.020000	1.430000	0.850000	39.000000	41.000000	6	0.781250	-2.343750	0.205000	0.000000	9.280000	7.960000	-2.343750	-2.343750	0.460000	0	0	0	
674031	1721	0.000000	7.410000	6.230000	1.500000	0.740000	40.000000	41.000000	6	0.781250	-2.343750	0.205000	0.000000	7.390000	6.030000	-2.343750	-2.343750	0.460000	0	0	0	
674313	1718	0.000000	4.470000	3.480000	1.590000	0.550000	40.000000	41.000000	6	0.781250	-4.687500	0.700000	0.000000	4.450000	3.470000	-2.343750	-1.562500	0.055000	0	0	0	
674609	1721	0.000000	3.990000	3.270000	1.580000	0.510000	40.000000	41.000000	6	0.781250	-4.687500	0.700000	0.000000	4.070000	3.200000	-2.343750	-1.562500	0.055000	0	0	0	
674875	1718	0.000000	4.480000	3.400000	1.520000	0.510000	40.000000	41.000000	6	0.781250	-4.687500	0.700000	0.000000	4.190000	3.230000	-2.343750	-1.562500	0.055000	0	0	0	
675125	1713	0.000000	4.310000	3.290000	1.520000	0.510000	39.000000	41.000000	6	0.781250	-4.687500	0.700000	0.000000	4.300000	3.300000	-2.343750	-1.562500	0.055000	0	0	0	
675375	1707	0.000000	4.280000	3.320000	1.510000	0.510000	40.000000	41.000000	6	0.781250	-0.781250	0.700000	0.000000	4.270000	3.280000	-2.343750	-1.562500	0.070000	0	0	0	
675641	1706	0.000000	4.580000	3.440000	1.470000	0.520000	39.000000	41.000000	6	0.781250	-0.781250	0.700000	0.000000	4.210000	3.220000	-2.343750	-1.562500	0.070000	0	0	0	
675875	1705	0.000000	4.330000	3.280000	1.480000	0.510000	39.000000	41.000000	6	0.781250	-0.781250	0.700000	0.000000	4.300000	3.270000	-2.343750	-1.562500	0.070000	0	0	0	
676109	1704	0.000000	4.260000	3.240000	1.480000	0.520000	40.000000	41.000000	6	0.781250	-0.781250	0.700000	0.000000	4.220000	3.230000	-2.343750	-1.562500	0.070000	0	0	0	
676500	1696	0.000000	4.500000	3.360000	1.470000	0.520000	40.000000	41.000000	6	0.781250	-4.687500	0.720000	0.000000	4.120000	3.160000	-2.343750	-6.250000	0.660000	0	0	0	
676766	1692	0.000000	4.000000	3.120000	1.500000	0.480000	40.000000	41.000000	6	0.781250	-4.687500	0.720000	0.000000	3.900000	3.070000	-2.343750	-6.250000	0.660000	0	0	0	
677016	1689	0.000000	3.020000	2.340000	1.530000	0.360000	40.000000	41.000000	6	0.781250	-4.687500	0.720000	0.000000	2.970000	2.300000	-2.343750	-6.250000	0.660000	0	0	0	
677266	1643	0.000000	2.610000	2.130000	1.560000	0.280000	40.000000	41.000000	6	0.781250	-4.687500	0.720000	0.000000	2.760000	2.160000	-2.343750	-6.250000	0.660000	0	0	0	
677547	1661	0.000000	2.200000	1.750000	1.570000	0.240000	40.000000	41.000000	6	0.781250	0.000000	0.725000	0.000000	2.760000	2.160000	-2.343750	0.000000	0.680000	0	0	0	
677813	1649	0.000000	2.160000	1.710000	1.560000	0.230000	40.000000	41.000000	6	0.781250	0.000000	0.725000	0.000000	2.760000	2.160000	-2.343750	0.000000	0.680000	0	0	0	
678063	1636	0.000000	2.070000	1.610000	1.560000	0.230000	40.000000	41.000000	6	0.781250	0.000000	0.725000	0.000000	2.760000	2.160000	-2.343750	0.000000	0.680000	0	0	0	
678313	1636	0.000000	2.030000	1.570000	1.550000	0.230000	40.000000	41.000000	6	0.781250	0.000000	0.725000	0.000000	2.760000	2.160000	-2.343750	0.000000	0.680000	0	0	0	
678594	1627	0.000000	2.080000	1.600000	1.550000	0.220000	40.000000	41.000000	6	0.781250	0.000000	0.030000	0.000000	2.760000	2.160000	-2.343750	0.000000	0.000000	0	0	0	
678828	1618	0.000000	0.000000	0.000000	1.570000	0.220000	40.000000	41.000000	6	0.781250	0.000000	0.030000	0.000000	0.000000	0.000000	-2.343750	0.000000	0.000000	0	0	0	
679078	1607	0.000000	0.000000	0.000000	1.570000	0.220000	40.000000	41.000000	6	0.781250	0.000000	0.030000	0.000000	0.000000	0.000000	-2.343750	0.000000	0.000000	0	0	0	
679328	1594	0.000000	0.000000	0.000000	1.570000	0.220000	40.000000	41.000000	6	0.781250	0.000000	0.030000	0.000000	0.000000	0.000000	-2.343750	0.000000	0.000000	0	0	0	
679547	1585	0.000000	0.000000	0.000000	1.570000	0.220000	40.000000	41.000000	6	0.781250	0.000000	0.030000	0.000000	0.000000	0.000000	-2.343750	0.000000	0.000000	0	0	0	
679797	1574	0.000000	0.000000	0.000000	1.560000	0.230000	40.000000	41.000000	6	0.781250	0.000000	0.005000	0.000000	0.000000	0.000000	-2.343750	0.000000	0.000000	0	0	0	
680047	1564	0.000000	0.000000	0.000000	1.580000	0.220000	40.000000	41.000000	6	0.781250	0.000000	0.005000	0.000000	0.000000	0.000000	-2.343750	0.000000	0.000000	0	0	0	
680281	1554	0.000000	0.000000	0.000000	1.580000	0.220000	40.000000	41.000000	6	0.781250	0.000000	0.005000	0.000000	0.000000	0.000000	-2.343750	0.000000	0.000000	0	0	0	
680500	1543	0.000000	0.000000	0.000000	1.590000	0.220000	40.000000	41.000000	6	0.781250	0.000000	0.005000	0.000000	0.000000	0.000000	-2.343750	0.000000	0.000000	0	0	0	
680719	1532	0.000000	0.000000	0.000000	1.580000	0.220000	41.000000	41.000000	6	0.781250	0.000000	0.000000	0.000000	0.000000	0.000000	-2.343750	0.000000	0.000000	0	0	0	
680953	1521	0.000000	0.000000	0.000000	1.580000	0.220000	40.000000	41.000000	6	0.781250	0.000000	0.000000	0.000000	0.000000	0.000000	-2.343750	0.000000	0.000000	0	0	0	
681219	1509	0.000000	0.000000	0.000000	1.580000	0.220000	41.000000	41.000000	6	0.781250	0.000000	0.000000	0.000000	0.000000	0.000000	-2.343750	0.000000	0.000000	0	0	0	
681578	1489	0.000000	0.000000	0.000000	1.580000	0.220000	40.000000	41.000000	6	0.781250	0.000000	0.000000	0.000000	0.000000	0.000000	-2.343750	0.000000	0.000000	0	0	0	
681797	1480	0.000000	0.000000	0.000000	1.580000	0.220000	41.000000	41.000000	6	0.781250	0.000000	0.000000	0.000000	0.000000	0.000000	-2.343750	0.000000	0.000000	0	0	0	
682031	1470	0.000000	0.000000	0.000000	1.580000	0.220000	41.000000	41.000000	6	0.781250	0.000000	0.000000	0.000000	0.000000	0.000000	-2.343750	0.000000	0.000000	0	0	0	
682266	1459	0.000000	0.000000	0.000000	1.580000	0.220000	41.000000	41.000000	6	0.781250	0.000000	0.000000	0.000000	0.000000	0.000000	-2.343750	0.000000	0.000000	0	0	0	
682500	1446	0.000000	0.000000	0.000000	1.580000	0.230000	41.000000	41.000000	6	0.781250	0.000000	0.000000	0.000000	0.000000	0.000000	-2.343750	0.000000	0.000000	0	0	0	
682719	1435	0.000000	0.000000	0.000000	1.580000	0.230000	41.000000	41.000000	6	0.781250	0.000000	0.000000	0.000000	0.000000	0.000000	-2.343750	0.000000	0.000000	0	0	0	
682938	1430	0.000000	0.000000	0.000000	1.590000	0.230000	41.000000	41.000000	6	0.781250	0.000000	0.000000	0.000000	0.000000	0.000000	-2.343750	0.000000	0.000000	0	0	0	
683141	1416	0.000000	0.000000	0.000000	1.590000	0.230000	41.000000	41.000000	6	0.781250	0.000000	0.000000	0.000000	0.000000	0.000000	-2.343750	0.000000	0.000000	0	0	0	
683359	1409	0.000000	0.000000	0.000000	1.590000	0.230000	41.000000	41.000000	6	0.781250	0.000000	0.000000	0.000000	0.000000	0.000000	-2.343750	0.000000	0.000000	0	0	0	
683578	1396	0.000000	0.000000	0.000000	1.590000	0.220000	42.000000	41.000000	6	0.781250	0.000000	0.000000	0.000000	0.000000	0.000000	-2.343750	0.000000	0.000000	0	0	0	
683828	1390	0.000000	0.000000	0.000000	1.590000	0.230000	41.000000	41.000000	6	0.781250	0.000000	0.000000	0.000000	0.000000	0.000000	-2.343750	0.000000	0.000000	0	0	0	
684063	1379	0.000000	0.000000	0.000000	1.590000	0.220000	41.000000	41.000000	6	0.781250	0.000000	0.000000	0.000000	0.000000	0.000000	-2.343750	0.000000	0.000000	0	0	0	
684328	1383	0.000000	2.970000	2.190000	1.520000	0.280000	42.000000	41.000000	6	0.781250	0.000000	0.000000	0.000000	2.760000	2.160000	-2.343750	0.000000	0.000000	0	0	0	
684578	1366	0.000000	3.460000	2.480000	1.460000	0.330000	42.000000	41.000000	6	0.781250	0.000000	0.000000	0.000000	3.480000	2.500000	-2.343750	0.000000	0.000000	0	0	0	
684828	1377	0.000000	3.500000	2.560000	1.480000	0.340000	42.000000	41.000000	6	0.781250	0.000000	0.000000	0.000000	3.480000	2.550000	-2.343750	0.000000	0.000000	0	0	0	
685094	1347	0.000000	3.480000	2.630000	1.480000	0.340000	42.000000	41.000000	6	0.781250	0.000000	0.000000	0.000000	3.490000	2.650000	-2.343750	0.000000	0.000000	0	0	0	
685328	1340	0.000000	3.420000	2.490000	1.480000	0.320000	42.000000	41.000000	6	0.781250	0.000000	0.000000	0.000000	3.400000	2.460000	-2.343750	0.000000	0.000000	0	0	0	
685609	1318	0.000000	2.910000	2.130000	1.500000	0.280000	42.000000	41.000000	6	0.781250	0.000000	0.000000	0.000000	2.860000	2.100000	-2.343750	0.000000	0.000000	0	0	0	
685844	1324	0.000000	2.410000	1.790000	1.510000	0.240000	42.000000	41.000000	6	0.781250	0.000000	0.000000	0.000000	2.420000	1.800000	-2.343750	0.000000	0.000000	0	0	0	
686109	1319	0.000000	2.320000	1.710000	1.510000	0.230000	42.000000	41.000000	6	0.781250	0.000000	0.000000	0.000000	2.340000	1.740000	-2.343750	0.000000	0.000000	0	0	0	
686547	1305	0.000000	2.300000	1.680000	1.500000	0.220000	42.000000	41.000000	6	0.781250	0.000000	0.280000	0.000000	2.260000	1.640000	-2.343750	0.000000	0.800000	0	0	0	
686781	1300	0.000000	2.260000	1.640000	1.500000	0.220000	43.000000	41.000000	6	0.781250	0.000000	0.280000	0.000000	2.260000	1.640000	-2.343750	0.000000	0.800000	0	0	0	
687047	1293	0.000000	2.230000	1.620000	1.500000	0.220000	43.000000	41.000000	6	0.781250	0.000000	0.280000	0.000000	2.260000	1.640000	-2.343750	0.000000	0.800000	0	0	0	
687266	1285	0.000000	2.190000	1.570000	1.510000	0.210000	43.000000	41.000000	6	0.781250	0.000000	0.880000	0.000000	2.220000	1.610000	-2.343750	0.000000	0.835000	0	0	0	
687516	1279	0.000000	2.160000	1.550000	1.490000	0.220000	43.000000	41.000000	6	0.781250	0.000000	0.880000	0.000000	2.190000	1.580000	-2.343750	0.000000	0.835000	0	0	0	
687766	1274	0.000000	2.160000	1.540000	1.490000	0.220000	43.000000	41.000000	6	0.781250	0.000000	0.880000	0.000000	2.190000	1.580000	-2.343750	0.000000	0.835000	0	0	0	
688016	1263	0.000000	2.110000	1.510000	1.500000	0.210000	43.000000	41.000000	6	0.781250	0.000000	0.880000	0.000000	2.150000	1.540000	-2.343750	0.000000	0.835000	0	0	0	
688250	1259	0.000000	2.080000	1.470000	1.500000	0.210000	43.000000	41.000000	6	0.781250	0.000000	0.880000	0.000000	2.100000	1.490000	-2.343750	0.000000	0.835000	0	0	0	
688516	1250	0.000000	2.020000	1.420000	1.490000	0.210000	43.000000	41.000000	6	0.781250	-10.156250	0.830000	0.000000	2.090000	1.470000	-2.343750	-8.593750	0.810000	0	0	0	
688781	1239	0.000000	2.000000	1.400000	1.500000	0.210000	43.000000	41.000000	6	0.781250	-10.156250	0.830000	0.000000	2.060000	1.450000	-2.343750	-8.593750	0.810000	0	0	0	
689031	1236	0.000000	1.990000	1.400000	1.510000	0.210000	44.000000	41.000000	6	0.781250	-10.156250	0.830000	0.000000	2.050000	1.460000	-2.343750	-8.593750	0.810000	0	0	0	
689281	1228	0.000000	1.980000	1.390000	1.490000	0.220000	44.000000	41.000000	6	0.781250	-10.156250	0.830000	0.000000	2.050000	1.450000	-2.343750	-8.593750	0.810000	0	0	0	
689531	1226	0.000000	2.020000	1.430000	1.500000	0.220000	44.000000	41.000000	6	0.781250	-13.281250	0.775000	0.000000	2.080000	1.490000	-2.343750	-9.375000	0.365000	0	0	0	
689797	1218	0.000000	2.060000	1.470000	1.490000	0.210000	44.000000	41.000000	6	0.781250	-13.281250	0.775000	0.000000	2.100000	1.510000	-2.343750	-9.375000	0.365000	0	0	0	
690031	1210	0.000000	2.070000	1.470000	1.500000	0.210000	44.000000	42.000000	6	0.781250	-13.281250	0.775000	0.000000	2.160000	1.560000	-2.343750	-9.375000	0.365000	0	0	0	
690313	1208	0.000000	2.090000	1.490000	1.500000	0.210000	44.000000	42.000000	6	0.781250	-13.281250	0.775000	0.000000	2.190000	1.590000	-2.343750	-9.375000	0.365000	0	0	0	
690547	1198	0.000000	2.090000	1.480000	1.480000	0.210000	44.000000	42.000000	6	0.781250	-11.718750	0.115000	0.000000	2.160000	1.560000	-2.343750	-4.687500	0.015000	0	0	0	
690797	1196	0.000000	1.970000	1.400000	1.500000	0.210000	44.000000	42.000000	6	0.781250	-11.718750	0.115000	0.000000	2.100000	1.530000	-2.343750	-4.687500	0.015000	0	0	0	
691063	1191	0.000000	1.960000	1.390000	1.500000	0.210000	44.000000	42.000000	6	0.781250	-11.718750	0.115000	0.000000	2.100000	1.530000	-2.343750	-4.687500	0.015000	0	0	0	
691313	1189	0.000000	2.010000	1.440000	1.500000	0.210000	44.000000	42.000000	6	0.781250	-11.718750	0.115000	0.000000	2.100000	1.530000	-2.343750	-4.687500	0.015000	0	0	0	
691719	1177	0.000000	2.050000	1.470000	1.500000	0.210000	45.000000	42.000000	6	0.781250	-9.375000	0.310000	0.000000	2.130000	1.560000	-2.343750	-5.468750	0.025000	0	0	0	
692000	1172	0.000000	2.160000	1.580000	1.490000	0.200000	44.000000	42.000000	6	0.781250	-9.375000	0.310000	0.000000	2.160000	1.590000	-2.343750	-5.468750	0.025000	0	0	0	
692234	1170	0.000000	2.140000	1.560000	1.490000	0.210000	44.000000	42.000000	6	0.781250	-9.375000	0.310000	0.000000	2.140000	1.560000	-2.343750	-5.468750	0.025000	0	0	0	
692484	1165	0.000000	2.120000	1.550000	1.490000	0.210000	44.000000	42.000000	6	0.781250	-9.375000	0.310000	0.000000	2.170000	1.580000	-2.343750	-5.468750	0.025000	0	0	0	
692734	1155	0.000000	2.090000	1.530000	1.500000	0.210000	45.000000	42.000000	6	0.781250	-9.375000	0.095000	0.000000	2.120000	1.560000	-2.343750	-5.468750	0.025000	0	0	0	
693000	1159	0.000000	2.120000	1.560000	1.460000	0.250000	45.000000	42.000000	6	0.781250	-8.593750	0.095000	0.000000	2.080000	1.520000	-2.343750	-10.156250	0.715000	0	0	0	
693250	1159	0.000000	4.060000	3.020000	1.440000	0.390000	45.000000	42.000000	6	0.781250	-8.593750	0.095000	0.000000	4.180000	3.130000	-2.343750	-10.156250	0.715000	0	0	0	
693484	1129	0.000000	6.000000	4.670000	1.390000	0.650000	45.000000	42.000000	6	0.781250	-8.593750	0.095000	0.000000	5.990000	4.740000	-2.343750	-10.156250	0.715000	0	0	0	
693750	1150	0.000000	9.620000	7.800000	1.380000	0.820000	45.000000	42.000000	6	0.781250	-8.593750	0.095000	0.000000	9.690000	7.400000	-2.343750	-10.156250	0.715000	0	0	0	
694016	1170	0.000000	10.860000	8.490000	1.400000	0.900000	45.000000	42.000000	6	0.781250	1.562500	0.725000	0.000000	10.330000	8.150000	-2.343750	2.343750	0.530000	0	0	0	
694250	1181	0.000000	10.140000	7.790000	1.440000	0.930000	45.000000	42.000000	6	0.781250	1.562500	0.725000	0.000000	9.290000	7.670000	-2.343750	2.343750	0.530000	0	0	0	
694500	1185	0.000000	9.690000	7.480000	1.400000	0.930000	46.000000	42.000000	6	0.781250	1.562500	0.725000	0.000000	9.950000	7.570000	-2.343750	2.343750	0.530000	0	0	0	
694781	1197	0.000000	9.490000	7.420000	1.430000	0.930000	45.000000	42.000000	6	0.781250	1.562500	0.725000	0.000000	9.490000	7.360000	-2.343750	2.343750	0.530000	0	0	0	
695000	1205	0.000000	9.900000	7.660000	1.400000	0.940000	45.000000	42.000000	6	0.781250	-11.718750	0.825000	0.000000	8.810000	7.200000	-2.343750	-11.718750	0.765000	0	0	0	
695266	1222	0.000000	8.930000	7.540000	1.420000	0.930000	46.000000	42.000000	6	0.781250	-11.718750	0.825000	0.000000	8.980000	7.960000	-2.343750	-11.718750	0.765000	0	0	0	
695516	1231	0.000000	9.750000	7.750000	1.410000	0.940000	46.000000	42.000000	6	0.781250	-11.718750	0.825000	0.000000	9.940000	8.060000	-2.343750	-11.718750	0.765000	0	0	0	
695750	1249	0.000000	9.800000	8.150000	1.430000	0.940000	46.000000	42.000000	6	0.781250	-11.718750	0.825000	0.000000	9.610000	7.690000	-2.343750	-11.718750	0.765000	0	0	0	
696000	1263	0.000000	9.730000	8.110000	1.410000	0.940000	45.000000	42.000000	6	0.781250	-7.031250	0.390000	0.000000	9.570000	7.700000	-2.343750	-6.250000	0.415000	0	0	0	
696234	1274	0.000000	9.550000	8.000000	1.440000	0.940000	45.000000	42.000000	6	0.781250	-7.031250	0.390000	0.000000	9.550000	8.090000	-2.343750	-6.250000	0.415000	0	0	0	
696484	1285	0.000000	9.950000	8.410000	1.410000	0.930000	46.000000	42.000000	6	0.781250	-7.031250	0.390000	0.000000	9.500000	7.920000	-2.343750	-6.250000	0.415000	0	0	0	
696922	1306	0.000000	9.450000	8.320000	1.410000	0.940000	46.000000	42.000000	6	0.781250	-7.031250	0.390000	0.000000	10.080000	8.600000	-2.343750	-6.250000	0.415000	0	0	0	
697172	1321	0.000000	9.730000	8.460000	1.420000	0.920000	46.000000	42.000000	6	0.781250	0.000000	0.100000	0.000000	9.720000	8.470000	-2.343750	-1.562500	0.175000	0	0	0	
697453	1335	0.000000	9.700000	8.500000	1.410000	0.910000	46.000000	42.000000	6	0.781250	0.000000	0.100000	0.000000	9.110000	8.040000	-2.343750	-1.562500	0.175000	0	0	0	
697688	1348	0.000000	9.130000	8.330000	1.430000	0.900000	46.000000	42.000000	6	0.781250	0.000000	0.100000	0.000000	9.660000	8.520000	-2.343750	-1.562500	0.175000	0	0	0	
697969	1365	0.000000	9.770000	8.630000	1.430000	0.890000	46.000000	42.000000	6	0.781250	0.000000	0.100000	0.000000	9.730000	8.490000	-2.343750	-1.562500	0.175000	0	0	0	
698219	1378	0.000000	9.560000	8.630000	1.450000	0.870000	46.000000	42.000000	6	0.781250	3.125000	0.090000	0.000000	8.870000	8.260000	-2.343750	6.250000	0.040000	0	0	0	
698469	1390	0.000000	8.980000	8.380000	1.430000	0.860000	46.000000	42.000000	6	0.781250	3.125000	0.090000	0.000000	9.950000	8.810000	-2.343750	6.250000	0.040000	0	0	0	
698734	1405	0.000000	9.350000	8.550000	1.430000	0.850000	46.000000	42.000000	6	0.781250	3.125000	0.090000	0.000000	9.180000	8.510000	-2.343750	6.250000	0.040000	0	0	0	
699000	1419	0.000000	10.030000	8.820000	1.440000	0.860000	46.000000	42.000000	6	0.781250	3.125000	0.090000	0.000000	8.900000	8.370000	-2.343750	6.250000	0.040000	0	0	0	
699266	1431	0.000000	8.690000	8.140000	1.440000	0.850000	47.000000	42.000000	6	0.781250	3.906250	0.775000	0.000000	9.360000	8.590000	-2.343750	11.718750	0.025000	0	0	0	
699563	1451	0.000000	8.780000	8.070000	1.440000	0.850000	47.000000	42.000000	6	0.781250	3.906250	0.775000	0.000000	8.750000	8.210000	-2.343750	11.718750	0.025000	0	0	0	
699828	1463	0.000000	9.430000	8.540000	1.450000	0.830000	46.000000	42.000000	6	0.781250	3.906250	0.775000	0.000000	8.810000	8.130000	-2.343750	11.718750	0.025000	0	0	0	
700109	1481	0.000000	9.020000	8.320000	1.430000	0.850000	46.000000	42.000000	6	0.781250	3.906250	0.775000	0.000000	9.130000	8.360000	-2.343750	11.718750	0.025000	0	0	0	
700359	1492	0.000000	8.930000	8.120000	1.450000	0.830000	47.000000	42.000000	6	0.781250	5.468750	0.755000	0.000000	8.960000	8.220000	-2.343750	8.593750	0.620000	0	0	0	
700641	1504	0.000000	9.110000	8.270000	1.430000	0.850000	47.000000	42.000000	6	0.781250	5.468750	0.755000	0.000000	9.020000	7.990000	-2.343750	8.593750	0.620000	0	0	0	
700875	1514	0.000000	8.990000	8.120000	1.450000	0.850000	46.000000	43.000000	6	0.781250	5.468750	0.755000	0.000000	9.000000	8.120000	-2.343750	8.593750	0.620000	0	0	0	
701141	1531	0.000000	9.070000	7.970000	1.420000	0.830000	47.000000	43.000000	6	0.781250	5.468750	0.755000	0.000000	9.030000	8.030000	-2.343750	8.593750	0.620000	0	0	0	
701422	1542	0.000000	9.080000	7.890000	1.440000	0.830000	47.000000	43.000000	6	0.781250	5.468750	0.755000	0.000000	8.190000	7.580000	-2.343750	8.593750	0.620000	0	0	0	
701688	1557	0.000000	8.210000	7.540000	1.440000	0.820000	46.000000	43.000000	6	0.781250	0.000000	0.750000	0.000000	9.130000	7.820000	-2.343750	3.125000	0.735000	0	0	0	
701938	1569	0.000000	9.120000	7.740000	1.440000	0.820000	47.000000	43.000000	6	0.781250	0.000000	0.750000	0.000000	8.160000	7.610000	-2.343750	3.125000	0.735000	0	0	0	
702328	1583	0.000000	8.170000	7.630000	1.440000	0.830000	47.000000	43.000000	6	0.781250	0.000000	0.750000	0.000000	9.120000	7.750000	-2.343750	3.125000	0.735000	0	0	0	
702594	1593	0.000000	9.190000	7.690000	1.460000	0.810000	47.000000	43.000000	6	0.781250	3.125000	0.750000	0.000000	8.130000	7.610000	-1.562500	3.125000	0.515000	0	0	0	
702844	1602	0.000000	5.680000	4.370000	1.550000	0.590000	47.000000	43.000000	6	0.781250	3.125000	0.750000	0.000000	4.760000	3.880000	-1.562500	3.125000	0.515000	0	0	0	
703094	1605	0.000000	3.660000	3.040000	1.640000	0.420000	47.000000	43.000000	6	0.781250	3.125000	0.750000	0.000000	3.380000	2.820000	-1.562500	3.125000	0.515000	0	0	0	
703375	1576	0.000000	2.410000	2.000000	1.720000	0.310000	46.000000	43.000000	6	0.781250	3.125000	0.750000	0.000000	2.690000	2.190000	-1.562500	3.125000	0.515000	0	0	0	
703609	1591	0.000000	2.150000	1.770000	1.760000	0.250000	46.000000	43.000000	6	0.781250	0.000000	0.720000	0.000000	2.070000	1.690000	-1.562500	3.125000	0.700000	0	0	0	
703859	1620	0.000000	2.150000	1.770000	1.800000	0.240000	46.000000	43.000000	6	0.781250	0.000000	0.720000	0.000000	2.070000	1.690000	-1.562500	0.000000	0.700000	0	0	0	
704094	1637	0.000000	2.150000	1.770000	1.850000	0.230000	47.000000	43.000000	6	0.781250	0.000000	0.720000	0.000000	2.070000	1.690000	-1.562500	0.000000	0.700000	0	0	0	
704375	1585	0.000000	2.150000	1.770000	1.880000	0.230000	46.000000	43.000000	6	0.781250	0.000000	0.720000	0.000000	2.070000	1.690000	-1.562500	0.000000	0.700000	0	0	0	
704625	1587	0.000000	2.150000	1.770000	1.900000	0.220000	47.000000	43.000000	6	0.781250	0.000000	0.035000	0.000000	2.070000	1.690000	-1.562500	0.000000	0.700000	0	0	0	
704891	1582	0.000000	0.000000	0.000000	1.920000	0.220000	46.000000	43.000000	6	0.781250	0.000000	0.035000	0.000000	0.000000	0.000000	-1.562500	0.000000	0.000000	0	0	0	
705172	1555	0.000000	2.150000	1.770000	1.750000	0.360000	47.000000	43.000000	6	0.781250	0.000000	0.035000	0.000000	2.070000	1.690000	-1.562500	0.000000	0.000000	0	0	0	
705453	1607	0.000000	5.470000	4.180000	1.440000	0.540000	46.000000	43.000000	6	0.781250	0.000000	0.035000	0.000000	5.460000	4.140000	-1.562500	0.000000	0.000000	0	0	0	
705719	1580	0.000000	9.340000	7.990000	1.410000	0.800000	47.000000	43.000000	6	0.781250	0.000000	0.035000	0.000000	9.290000	7.730000	-1.562500	0.000000	0.000000	0	0	0	
705953	1585	0.000000	9.970000	8.980000	1.390000	0.850000	46.000000	43.000000	6	0.781250	0.000000	0.020000	0.000000	10.300000	8.640000	-1.562500	0.000000	0.000000	0	0	0	
706234	1600	0.000000	8.900000	7.970000	1.410000	0.820000	46.000000	43.000000	6	0.781250	0.000000	0.020000	0.000000	9.220000	7.810000	-1.562500	0.000000	0.000000	0	0	0	
706500	1610	0.000000	9.050000	7.990000	1.390000	0.820000	47.000000	43.000000	6	0.781250	0.000000	0.020000	0.000000	9.080000	7.530000	-1.562500	0.000000	0.000000	0	0	0	
706766	1622	0.000000	7.000000	5.320000	1.500000	0.630000	47.000000	43.000000	6	0.781250	0.000000	0.020000	0.000000	6.000000	4.810000	-1.562500	0.000000	0.000000	0	0	0	
707016	1616	0.000000	3.890000	3.130000	1.510000	0.460000	46.000000	43.000000	6	0.781250	-2.343750	0.775000	0.000000	3.670000	3.000000	-1.562500	-4.687500	0.785000	0	0	0	
707281	1616	0.000000	3.440000	2.740000	1.490000	0.410000	46.000000	43.000000	6	0.781250	-2.343750	0.775000	0.000000	3.450000	2.750000	-1.562500	-4.687500	0.785000	0	0	0	
707688	1610	0.000000	4.550000	3.390000	1.480000	0.490000	47.000000	43.000000	6	0.781250	-2.343750	0.775000	0.000000	4.510000	3.380000	-1.562500	-4.687500	0.785000	0	0	0	
707938	1610	0.000000	5.490000	4.080000	1.450000	0.610000	47.000000	43.000000	6	0.781250	-2.343750	0.795000	0.000000	5.550000	4.110000	-1.562500	-4.687500	0.785000	0	0	0	
708188	1615	0.000000	7.760000	6.350000	1.420000	0.780000	46.000000	43.000000	6	0.781250	7.031250	0.795000	0.000000	7.730000	6.090000	-1.562500	6.250000	0.685000	0	0	0	
708438	1633	0.000000	9.760000	8.520000	1.430000	0.880000	46.000000	43.000000	6	0.781250	7.031250	0.795000	0.000000	9.730000	8.450000	-1.562500	6.250000	0.685000	0	0	0	
708688	1630	0.000000	11.110000	9.130000	1.420000	0.880000	46.000000	43.000000	6	0.781250	7.031250	0.795000	0.000000	9.820000	8.920000	-1.562500	6.250000	0.685000	0	0	0	
708938	1639	0.000000	9.760000	8.480000	1.440000	0.870000	46.000000	43.000000	6	0.781250	7.031250	0.795000	0.000000	9.720000	8.470000	-1.562500	6.250000	0.685000	0	0	0	
709203	1647	0.000000	9.650000	8.220000	1.440000	0.860000	47.000000	43.000000	6	0.781250	-3.906250	0.810000	0.000000	9.780000	8.570000	-1.562500	-2.343750	0.725000	0	0	0	
709453	1655	0.000000	9.870000	8.360000	1.440000	0.860000	46.000000	43.000000	6	0.781250	-3.906250	0.810000	0.000000	9.620000	8.220000	-1.562500	-2.343750	0.725000	0	0	0	
709688	1661	0.000000	9.710000	8.250000	1.420000	0.860000	46.000000	43.000000	6	0.781250	-3.906250	0.810000	0.000000	9.400000	8.100000	-1.562500	-2.343750	0.725000	0	0	0	
709938	1668	0.000000	9.090000	7.930000	1.410000	0.850000	46.000000	43.000000	6	0.781250	-3.906250	0.810000	0.000000	9.740000	8.210000	-1.562500	-2.343750	0.725000	0	0	0	
710219	1677	0.000000	9.950000	8.280000	1.420000	0.850000	46.000000	43.000000	6	0.781250	-3.125000	0.550000	0.000000	9.320000	7.830000	-1.562500	-2.343750	0.685000	0	0	0	
710500	1685	0.000000	9.510000	8.090000	1.410000	0.850000	46.000000	43.000000	6	0.781250	-3.125000	0.550000	0.000000	9.320000	8.030000	-1.562500	-2.343750	0.685000	0	0	0	
710719	1689	0.000000	8.760000	7.790000	1.430000	0.850000	46.000000	43.000000	6	0.781250	-3.125000	0.550000	0.000000	9.190000	7.960000	-1.562500	-2.343750	0.685000	0	0	0	
711016	1699	0.000000	9.270000	8.010000	1.450000	0.850000	46.000000	43.000000	6	0.781250	-3.125000	0.550000	0.000000	8.530000	7.680000	-1.562500	-2.343750	0.685000	0	0	0	
711281	1706	0.000000	9.060000	7.870000	1.430000	0.850000	46.000000	43.000000	6	0.781250	-3.125000	0.680000	0.000000	8.830000	7.800000	-1.562500	-2.343750	0.040000	0	0	0	
711547	1714	0.000000	8.740000	7.740000	1.430000	0.850000	46.000000	43.000000	6	0.781250	-3.125000	0.680000	0.000000	9.170000	7.910000	-1.562500	3.125000	0.040000	0	0	0	
711813	1720	0.000000	8.880000	7.780000	1.420000	0.850000	46.000000	43.000000	6	0.781250	-3.125000	0.680000	0.000000	8.850000	7.760000	-1.562500	3.125000	0.040000	0	0	0	
712078	1724	0.000000	9.090000	7.870000	1.440000	0.850000	46.000000	43.000000	6	0.781250	-3.125000	0.680000	0.000000	8.680000	7.560000	-1.562500	3.125000	0.040000	0	0	0	
712328	1732	0.000000	8.650000	7.680000	1.440000	0.850000	46.000000	43.000000	6	0.781250	-0.781250	0.760000	0.000000	8.970000	7.810000	-1.562500	3.125000	0.505000	0	0	0	
712625	1739	0.000000	8.990000	7.770000	1.420000	0.850000	46.000000	43.000000	6	0.781250	-0.781250	0.760000	0.000000	8.770000	7.590000	-1.562500	1.562500	0.505000	0	0	0	
713016	1749	0.000000	8.720000	7.570000	1.440000	0.850000	46.000000	43.000000	6	0.781250	-0.781250	0.760000	0.000000	9.030000	7.810000	-1.562500	1.562500	0.505000	0	0	0	
713281	1759	0.000000	8.760000	7.670000	1.440000	0.850000	46.000000	43.000000	6	0.781250	-0.781250	0.760000	0.000000	8.790000	7.700000	-1.562500	1.562500	0.505000	0	0	0	
713531	1760	0.000000	9.250000	7.870000	1.430000	0.850000	46.000000	43.000000	6	0.781250	-1.562500	0.720000	0.000000	8.450000	7.480000	-1.562500	0.000000	0.690000	0	0	0	
713781	1766	0.000000	9.010000	7.760000	1.430000	0.850000	46.000000	43.000000	6	0.781250	-1.562500	0.720000	0.000000	8.810000	7.690000	-1.562500	0.000000	0.690000	0	0	0	
714047	1774	0.000000	8.910000	7.700000	1.420000	0.850000	46.000000	43.000000	6	0.781250	-1.562500	0.720000	0.000000	9.000000	7.750000	-1.562500	0.000000	0.690000	0	0	0	
714313	1779	0.000000	9.200000	7.850000	1.430000	0.850000	46.000000	43.000000	6	0.781250	-1.562500	0.720000	0.000000	8.400000	7.490000	-1.562500	0.000000	0.690000	0	0	0	
714578	1788	0.000000	8.920000	7.700000	1.440000	0.850000	46.000000	43.000000	6	0.781250	-3.906250	0.750000	0.000000	8.870000	7.660000	-1.562500	2.343750	0.225000	0	0	0	
714844	1794	0.000000	8.700000	7.610000	1.440000	0.850000	46.000000	43.000000	6	0.781250	-3.906250	0.750000	0.000000	9.000000	7.720000	-1.562500	2.343750	0.225000	0	0	0	
715125	1799	0.000000	9.030000	7.750000	1.440000	0.850000	46.000000	43.000000	6	0.781250	-3.906250	0.750000	0.000000	8.130000	7.360000	-1.562500	2.343750	0.225000	0	0	0	
715359	1804	0.000000	8.980000	7.700000	1.420000	0.850000	46.000000	43.000000	6	0.781250	-3.906250	0.750000	0.000000	9.080000	7.760000	-1.562500	2.343750	0.225000	0	0	0	
715625	1812	0.000000	8.710000	7.620000	1.440000	0.850000	45.000000	43.000000	6	0.781250	0.781250	0.730000	0.000000	8.880000	7.690000	-1.562500	2.343750	0.640000	0	0	0	
715891	1818	0.000000	9.290000	7.840000	1.420000	0.850000	46.000000	43.000000	6	0.781250	0.781250	0.730000	0.000000	8.440000	7.470000	-1.562500	0.781250	0.640000	0	0	0	
716109	1825	0.000000	8.910000	7.660000	1.420000	0.850000	46.000000	43.000000	6	0.781250	0.781250	0.730000	0.000000	8.880000	7.660000	-1.562500	0.781250	0.640000	0	0	0	
716391	1829	0.000000	8.480000	7.480000	1.420000	0.850000	45.000000	43.000000	6	0.781250	0.781250	0.730000	0.000000	9.040000	7.730000	-1.562500	0.781250	0.640000	0	0	0	
716656	1839	0.000000	9.380000	7.870000	1.430000	0.850000	45.000000	43.000000	6	0.781250	0.781250	0.645000	0.000000	8.170000	7.320000	-1.562500	0.781250	0.640000	0	0	0	
716922	1841	0.000000	9.060000	7.750000	1.440000	0.850000	45.000000	43.000000	6	0.781250	-0.781250	0.645000	0.000000	8.870000	7.650000	-1.562500	0.000000	0.685000	0	0	0	
717156	1847	0.000000	8.600000	7.510000	1.440000	0.850000	45.000000	43.000000	6	0.781250	-0.781250	0.645000	0.000000	9.000000	7.720000	-1.562500	0.000000	0.685000	0	0	0	
717406	1853	0.000000	8.940000	7.700000	1.430000	0.850000	45.000000	43.000000	6	0.781250	-0.781250	0.645000	0.000000	8.910000	7.750000	-1.562500	0.000000	0.685000	0	0	0	
717656	1867	0.000000	7.490000	5.720000	1.500000	0.760000	46.000000	43.000000	6	0.781250	-0.781250	0.645000	0.000000	7.440000	6.480000	-1.562500	0.000000	0.685000	0	0	0	
717938	1854	0.000000	3.600000	2.990000	1.660000	0.520000	46.000000	43.000000	6	0.781250	-3.906250	0.720000	0.000000	3.610000	3.000000	-1.562500	-0.781250	0.665000	0	0	0	
718359	1848	0.000000	3.350000	2.870000	1.730000	0.420000	45.000000	43.000000	6	0.781250	-3.906250	0.720000	0.000000	3.170000	2.700000	-1.562500	-0.781250	0.665000	0	0	0	
718625	1851	0.000000	3.070000	2.610000	1.720000	0.400000	45.000000	43.000000	6	0.781250	-3.906250	0.720000	0.000000	3.000000	2.540000	-1.562500	-0.781250	0.665000	0	0	0	
718875	1842	0.000000	3.060000	2.590000	1.700000	0.390000	45.000000	43.000000	6	0.781250	-3.906250	0.720000	0.000000	3.080000	2.600000	-1.562500	-0.781250	0.665000	0	0	0	
719141	1839	0.000000	3.330000	2.780000	1.650000	0.390000	45.000000	43.000000	6	0.781250	3.906250	0.730000	0.000000	3.180000	2.630000	-1.562500	2.343750	0.650000	0	0	0	
719406	1833	0.000000	3.190000	2.620000	1.600000	0.390000	45.000000	43.000000	6	0.781250	3.906250	0.730000	0.000000	3.020000	2.490000	-1.562500	2.343750	0.650000	0	0	0	
719656	1828	0.000000	3.170000	2.580000	1.560000	0.390000	45.000000	43.000000	6	0.781250	3.906250	0.730000	0.000000	3.130000	2.540000	-1.562500	2.343750	0.650000	0	0	0	
719906	1824	0.000000	3.290000	2.640000	1.520000	0.390000	45.000000	43.000000	6	0.781250	3.906250	0.730000	0.000000	3.090000	2.480000	-1.562500	2.343750	0.650000	0	0	0	
720125	1819	0.000000	3.330000	2.660000	1.510000	0.390000	45.000000	43.000000	6	0.781250	0.000000	0.720000	0.000000	3.160000	2.510000	-1.562500	-1.562500	0.675000	0	0	0	
720391	1815	0.000000	3.230000	2.590000	1.520000	0.390000	45.000000	43.000000	6	0.781250	0.000000	0.720000	0.000000	3.230000	2.580000	-1.562500	-1.562500	0.675000	0	0	0	
720609	1812	0.000000	3.210000	2.570000	1.520000	0.390000	45.000000	43.000000	6	0.781250	0.000000	0.720000	0.000000	3.210000	2.560000	-1.562500	-1.562500	0.675000	0	0	0	
720859	1808	0.000000	3.590000	2.830000	1.480000	0.410000	45.000000	43.000000	6	0.781250	0.000000	0.720000	0.000000	3.180000	2.690000	-1.562500	-1.562500	0.675000	0	0	0	
721094	1805	0.000000	4.490000	3.360000	1.470000	0.520000	45.000000	43.000000	6	0.781250	1.562500	0.725000	0.000000	4.350000	3.290000	-1.562500	-0.781250	0.670000	0	0	0	
721359	1800	0.000000	4.860000	3.780000	1.470000	0.580000	45.000000	43.000000	6	0.781250	1.562500	0.725000	0.000000	4.830000	3.750000	-1.562500	-0.781250	0.670000	0	0	0	
721609	1801	0.000000	5.010000	3.970000	1.480000	0.580000	45.000000	43.000000	6	0.781250	1.562500	0.725000	0.000000	4.750000	3.630000	-1.562500	-0.781250	0.670000	0	0	0	
721875	1800	0.000000	4.960000	3.900000	1.470000	0.590000	45.000000	43.000000	6	0.781250	1.562500	0.725000	0.000000	4.810000	3.680000	-1.562500	-0.781250	0.670000	0	0	0	
722125	1795	0.000000	4.900000	3.850000	1.480000	0.580000	45.000000	43.000000	6	0.781250	3.125000	0.680000	0.000000	4.740000	3.620000	-1.562500	-4.687500	0.670000	0	0	0	
722391	1798	0.000000	4.970000	3.940000	1.460000	0.590000	44.000000	43.000000	6	0.781250	3.125000	0.680000	0.000000	4.640000	3.510000	-1.562500	-4.687500	0.670000	0	0	0	
722625	1796	0.000000	4.970000	3.950000	1.480000	0.580000	44.000000	43.000000	6	0.781250	3.125000	0.680000	0.000000	4.610000	3.500000	-1.562500	-4.687500	0.670000	0	0	0	
722891	1795	0.000000	4.920000	3.900000	1.490000	0.580000	44.000000	43.000000	6	0.781250	3.125000	0.680000	0.000000	4.710000	3.610000	-1.562500	-4.687500	0.670000	0	0	0	
723125	1791	0.000000	5.450000	4.010000	1.470000	0.590000	44.000000	43.000000	6	0.781250	3.125000	0.680000	0.000000	4.670000	3.540000	-1.562500	-4.687500	0.670000	0	0	0	
723531	1792	0.000000	4.720000	3.500000	1.500000	0.540000	44.000000	43.000000	6	0.781250	3.906250	0.645000	0.000000	4.510000	3.420000	-1.562500	-2.343750	0.635000	0	0	0	
723797	1787	0.000000	3.220000	2.630000	1.570000	0.400000	44.000000	43.000000	6	0.781250	3.906250	0.645000	0.000000	3.430000	2.790000	-1.562500	-2.343750	0.635000	0	0	0	
724063	1766	0.000000	2.410000	2.060000	1.630000	0.300000	45.000000	43.000000	6	0.781250	3.906250	0.645000	0.000000	2.470000	2.080000	-1.562500	-2.343750	0.635000	0	0	0	
724313	1819	0.000000	2.140000	1.850000	1.710000	0.260000	44.000000	43.000000	6	0.781250	3.906250	0.710000	0.000000	2.040000	1.750000	-1.562500	-2.343750	0.635000	0	0	0	
724563	1737	0.000000	2.140000	1.850000	1.770000	0.240000	44.000000	43.000000	6	0.781250	0.000000	0.710000	0.000000	2.010000	1.710000	-1.562500	0.000000	0.030000	0	0	0	
724813	1726	0.000000	2.140000	1.850000	1.810000	0.240000	44.000000	43.000000	6	0.781250	0.000000	0.710000	0.000000	2.010000	1.710000	-1.562500	0.000000	0.030000	0	0	0	
725078	1754	0.000000	2.140000	1.850000	1.840000	0.240000	44.000000	43.000000	6	0.781250	0.000000	0.710000	0.000000	2.010000	1.710000	-1.562500	0.000000	0.030000	0	0	0	
725313	1746	0.000000	2.140000	1.850000	1.870000	0.240000	44.000000	43.000000	6	0.781250	0.000000	0.710000	0.000000	2.010000	1.710000	-1.562500	0.000000	0.030000	0	0	0	
725547	1742	0.000000	0.000000	0.000000	1.910000	0.230000	44.000000	43.000000	6	0.781250	0.000000	0.025000	0.000000	0.000000	0.000000	-1.562500	0.000000	0.000000	0	0	0	
725813	1732	0.000000	0.000000	0.000000	1.950000	0.230000	44.000000	43.000000	6	0.781250	0.000000	0.025000	0.000000	0.000000	0.000000	-1.562500	0.000000	0.000000	0	0	0	
726047	1727	0.000000	0.000000	0.000000	1.980000	0.240000	44.000000	43.000000	6	0.781250	0.000000	0.025000	0.000000	0.000000	0.000000	-1.562500	0.000000	0.000000	0	0	0	
726297	1719	0.000000	0.000000	0.000000	2.010000	0.230000	44.000000	43.000000	6	0.781250	0.000000	0.025000	0.000000	0.000000	0.000000	-1.562500	0.000000	0.000000	0	0	0	
726547	1710	0.000000	0.000000	0.000000	2.040000	0.230000	44.000000	43.000000	6	0.781250	0.000000	0.005000	0.000000	0.000000	0.000000	-1.562500	0.000000	0.000000	0	0	0	
726797	1702	0.000000	0.000000	0.000000	2.060000	0.230000	44.000000	43.000000	6	0.781250	0.000000	0.005000	0.000000	0.000000	0.000000	-1.562500	0.000000	0.000000	0	0	0	
727063	1693	0.000000	0.000000	0.000000	2.090000	0.230000	43.000000	43.000000	6	0.781250	0.000000	0.005000	0.000000	0.000000	0.000000	-1.562500	0.000000	0.000000	0	0	0	
727297	1686	0.000000	0.000000	0.000000	2.110000	0.230000	43.000000	43.000000	6	0.781250	0.000000	0.005000	0.000000	0.000000	0.000000	-1.562500	0.000000	0.000000	0	0	0	
727547	1680	0.000000	0.000000	0.000000	2.120000	0.230000	44.000000	43.000000	6	0.781250	0.000000	0.005000	0.000000	0.000000	0.000000	-1.562500	0.000000	0.000000	0	0	0	
727797	1672	0.000000	0.000000	0.000000	2.140000	0.230000	43.000000	43.000000	6	0.781250	0.000000	0.000000	0.000000	0.000000	0.000000	-1.562500	0.000000	0.000000	0	0	0	
728063	1662	0.000000	0.000000	0.000000	2.170000	0.230000	43.000000	43.000000	6	0.781250	0.000000	0.000000	0.000000	0.000000	0.000000	-1.562500	0.000000	0.000000	0	0	0	
728281	1661	0.000000	0.000000	0.000000	2.170000	0.230000	43.000000	43.000000	6	0.781250	0.000000	0.000000	0.000000	0.000000	0.000000	-1.562500	0.000000	0.000000	0	0	0	
728703	1647	0.000000	0.000000	0.000000	2.210000	0.230000	43.000000	43.000000	6	0.781250	0.000000	0.000000	0.000000	0.000000	0.000000	-1.562500	0.000000	0.000000	0	0	0	
728953	1639	0.000000	0.000000	0.000000	2.240000	0.230000	43.000000	43.000000	6	0.781250	0.000000	0.000000	0.000000	0.000000	0.000000	-1.562500	0.000000	0.000000	0	0	0	
729172	1630	0.000000	0.000000	0.000000	2.250000	0.230000	43.000000	43.000000	6	0.781250	0.000000	0.000000	0.000000	0.000000	0.000000	-1.562500	0.000000	0.000000	0	0	0	
729422	1625	0.000000	0.000000	0.000000	2.270000	0.230000	43.000000	43.000000	6	0.781250	0.000000	0.000000	0.000000	0.000000	0.000000	-1.562500	0.000000	0.000000	0	0	0	
729656	1620	0.000000	0.000000	0.000000	2.280000	0.230000	43.000000	43.000000	6	0.781250	0.000000	0.000000	0.000000	0.000000	0.000000	-1.562500	0.000000	0.000000	0	0	0	
729891	1670	0.000000	2.140000	1.850000	2.290000	0.230000	43.000000	43.000000	6	0.781250	0.000000	0.000000	0.000000	2.010000	1.710000	-1.562500	0.000000	0.000000	0	0	0	
730141	1553	0.000000	2.140000	1.850000	2.210000	0.270000	43.000000	43.000000	6	0.781250	0.000000	0.000000	0.000000	2.300000	1.970000	-1.562500	0.000000	0.000000	0	0	0	
730391	1629	0.000000	3.300000	2.870000	1.980000	0.350000	43.000000	43.000000	6	0.781250	0.000000	0.000000	0.000000	3.080000	2.520000	-1.562500	0.000000	0.000000	0	0	0	
730625	1603	0.000000	5.340000	4.250000	1.600000	0.510000	43.000000	43.000000	6	0.781250	0.000000	0.000000	0.000000	5.460000	4.330000	-1.562500	0.000000	0.000000	0	0	0	
730906	1600	0.000000	7.840000	6.450000	1.390000	0.790000	43.000000	43.000000	6	0.781250	0.000000	0.000000	0.000000	7.960000	6.740000	-1.562500	0.000000	0.000000	0	0	0	
731172	1617	0.000000	11.150000	9.260000	1.390000	0.870000	43.000000	43.000000	6	0.781250	0.000000	0.000000	0.000000	11.140000	9.040000	-1.562500	0.000000	0.000000	0	0	0	
731406	1618	0.000000	11.260000	9.320000	1.390000	0.860000	43.000000	43.000000	6	0.781250	0.000000	0.000000	0.000000	9.850000	8.930000	-1.562500	0.000000	0.000000	0	0	0	
731656	1624	0.000000	9.940000	8.430000	1.390000	0.850000	43.000000	43.000000	6	0.781250	0.000000	0.000000	0.000000	9.730000	8.270000	-1.562500	0.000000	0.000000	0	0	0	
731906	1632	0.000000	9.390000	8.130000	1.400000	0.850000	43.000000	43.000000	6	0.781250	0.000000	0.000000	0.000000	8.830000	7.900000	-1.562500	0.000000	0.000000	0	0	0	
732156	1639	0.000000	8.470000	7.880000	1.440000	0.830000	43.000000	43.000000	6	0.781250	-3.906250	0.610000	0.000000	8.840000	7.900000	-1.562500	2.343750	0.085000	0	0	0	
732438	1649	0.000000	8.900000	7.910000	1.440000	0.830000	43.000000	43.000000	6	0.781250	-3.906250	0.610000	0.000000	9.110000	7.640000	-1.562500	2.343750	0.085000	0	0	0	
732672	1651	0.000000	8.920000	7.790000	1.450000	0.830000	43.000000	43.000000	6	0.781250	-3.906250	0.610000	0.000000	8.810000	7.870000	-1.562500	2.343750	0.085000	0	0	0	
732906	1659	0.000000	11.150000	9.510000	1.390000	0.890000	43.000000	43.000000	6	0.781250	-3.906250	0.610000	0.000000	11.000000	9.190000	-1.562500	2.343750	0.085000	0	0	0	
733156	1672	0.000000	11.080000	9.510000	1.410000	0.920000	43.000000	43.000000	6	0.781250	-1.562500	0.160000	0.000000	11.180000	9.680000	-1.562500	1.562500	0.705000	0	0	0	
733406	1685	0.000000	11.080000	9.480000	1.410000	0.940000	43.000000	43.000000	6	0.781250	-1.562500	0.160000	0.000000	11.920000	10.150000	-1.562500	1.562500	0.705000	0	0	0	
733813	1701	0.000000	11.300000	9.790000	1.410000	0.940000	43.000000	43.000000	6	0.781250	-1.562500	0.160000	0.000000	11.100000	9.710000	-1.562500	1.562500	0.705000	0	0	0	
734109	1712	0.000000	11.030000	9.530000	1.420000	0.940000	43.000000	43.000000	6	0.781250	-1.562500	0.170000	0.000000	11.160000	9.800000	-1.562500	1.562500	0.045000	0	0	0	
734375	1728	0.000000	11.220000	9.750000	1.420000	0.940000	43.000000	43.000000	6	0.781250	1.562500	0.170000	0.000000	11.540000	9.980000	-1.562500	0.781250	0.045000	0	0	0	
734656	1734	0.000000	11.440000	10.000000	1.420000	0.940000	42.000000	43.000000	6	0.781250	1.562500	0.170000	0.000000	11.330000	9.930000	-1.562500	0.781250	0.045000	0	0	0	
734938	1749	0.000000	11.110000	9.820000	1.420000	0.940000	43.000000	43.000000	6	0.781250	1.562500	0.170000	0.000000	11.450000	10.050000	-1.562500	0.781250	0.045000	0	0	0	
735203	1759	0.000000	10.830000	9.670000	1.430000	0.930000	43.000000	43.000000	6	0.781250	3.125000	0.640000	0.000000	11.270000	9.950000	-1.562500	0.781250	0.660000	0	0	0	
735469	1770	0.000000	11.080000	9.840000	1.430000	0.930000	43.000000	43.000000	6	0.781250	3.125000	0.640000	0.000000	10.860000	9.740000	-1.562500	0.781250	0.660000	0	0	0	
735719	1781	0.000000	11.170000	9.910000	1.420000	0.930000	42.000000	43.000000	6	0.781250	3.125000	0.640000	0.000000	11.110000	9.910000	-1.562500	0.781250	0.660000	0	0	0	
735984	1791	0.000000	10.940000	9.750000	1.420000	0.930000	42.000000	43.000000	6	0.781250	3.125000	0.640000	0.000000	11.320000	10.040000	-1.562500	0.781250	0.660000	0	0	0	
736250	1801	0.000000	11.270000	9.990000	1.420000	0.920000	42.000000	43.000000	6	0.781250	3.125000	0.640000	0.000000	11.140000	9.900000	-1.562500	0.781250	0.660000	0	0	0	
736516	1812	0.000000	10.610000	9.540000	1.420000	0.910000	42.000000	43.000000	6	0.781250	3.906250	0.715000	0.000000	10.600000	9.480000	-1.562500	3.906250	0.605000	0	0	0	
736797	1827	0.000000	10.550000	9.150000	1.430000	0.890000	42.000000	43.000000	6	0.781250	3.906250	0.715000	0.000000	10.520000	9.520000	-1.562500	3.906250	0.605000	0	0	0	
737047	1838	0.000000	10.530000	8.820000	1.420000	0.890000	42.000000	43.000000	6	0.781250	3.906250	0.715000	0.000000	10.540000	9.060000	-1.562500	3.906250	0.605000	0	0	0	
737297	1841	0.000000	10.460000	8.560000	1.430000	0.880000	42.000000	43.000000	6	0.781250	3.906250	0.715000	0.000000	10.520000	8.780000	-1.562500	3.906250	0.605000	0	0	0	
737547	1851	0.000000	9.960000	8.140000	1.440000	0.880000	42.000000	43.000000	6	0.781250	-3.906250	0.790000	0.000000	10.510000	8.770000	-1.562500	2.343750	0.710000	0	0	0	
737813	1861	0.000000	9.250000	7.850000	1.470000	0.830000	42.000000	43.000000	6	0.781250	-3.906250	0.790000	0.000000	9.420000	7.940000	-1.562500	2.343750	0.710000	0	0	0	
738063	1868	0.000000	5.530000	4.320000	1.620000	0.610000	42.000000	43.000000	6	0.781250	-3.906250	0.790000	0.000000	5.300000	4.110000	-1.562500	2.343750	0.710000	0	0	0	
738313	1858	0.000000	3.870000	3.130000	1.680000	0.540000	42.000000	43.000000	6	0.781250	-3.906250	0.790000	0.000000	4.020000	3.160000	-1.562500	2.343750	0.710000	0	0	0	
738563	1855	0.000000	4.150000	3.330000	1.660000	0.530000	42.000000	43.000000	6	0.781250	0.000000	0.705000	0.000000	3.670000	3.110000	-1.562500	-2.343750	0.690000	0	0	0	
738813	1858	0.000000	4.360000	3.440000	1.610000	0.530000	42.000000	43.000000	6	0.781250	0.000000	0.705000	0.000000	3.890000	3.150000	-1.562500	-2.343750	0.690000	0	0	0	
739219	1856	0.000000	4.300000	3.280000	1.530000	0.520000	42.000000	43.000000	6	0.781250	0.000000	0.705000	0.000000	4.160000	3.200000	-1.562500	-2.343750	0.690000	0	0	0	
739469	1851	0.000000	3.890000	3.030000	1.550000	0.470000	41.000000	43.000000	6	0.781250	0.000000	0.705000	0.000000	3.540000	2.820000	-1.562500	-2.343750	0.690000	0	0	0	
739703	1847	0.000000	3.630000	2.910000	1.530000	0.440000	41.000000	43.000000	6	0.781250	2.343750	0.665000	0.000000	3.460000	2.780000	-1.562500	-0.781250	0.675000	0	0	0	
739953	1845	0.000000	3.170000	2.550000	1.570000	0.390000	41.000000	43.000000	6	0.781250	2.343750	0.665000	0.000000	3.040000	2.430000	-1.562500	-0.781250	0.675000	0	0	0	
740203	1841	0.000000	2.620000	2.180000	1.650000	0.320000	41.000000	43.000000	6	0.781250	2.343750	0.665000	0.000000	2.470000	2.080000	-1.562500	-0.781250	0.675000	0	0	0	
740453	1816	0.000000	2.140000	1.870000	1.720000	0.270000	41.000000	43.000000	6	0.781250	2.343750	0.665000	0.000000	2.150000	1.870000	-1.562500	-0.781250	0.675000	0	0	0	
740688	1838	0.000000	2.130000	1.820000	1.730000	0.250000	42.000000	43.000000	6	0.781250	2.343750	0.685000	0.000000	2.220000	1.950000	-1.562500	-0.781250	0.675000	0	0	0	
740953	1818	0.000000	2.030000	1.760000	1.760000	0.240000	41.000000	43.000000	6	0.781250	3.906250	0.685000	0.000000	2.120000	1.870000	-1.562500	11.718750	0.190000	0	0	0	
741188	1846	0.000000	2.000000	1.690000	1.810000	0.230000	41.000000	43.000000	6	0.781250	3.906250	0.685000	0.000000	2.100000	1.850000	-1.562500	11.718750	0.190000	0	0	0	
741438	1801	0.000000	1.900000	1.620000	1.860000	0.230000	41.000000	43.000000	6	0.781250	3.906250	0.685000	0.000000	2.100000	1.850000	-1.562500	11.718750	0.190000	0	0	0	
741688	1799	0.000000	1.900000	1.600000	1.900000	0.230000	41.000000	43.000000	6	0.781250	3.906250	0.685000	0.000000	2.100000	1.850000	-1.562500	11.718750	0.190000	0	0	0	
741938	1803	0.000000	1.880000	1.600000	1.940000	0.230000	41.000000	43.000000	6	0.781250	0.000000	0.050000	0.000000	2.100000	1.850000	-1.562500	0.000000	0.000000	0	0	0	
742188	1796	0.000000	1.910000	1.630000	1.980000	0.230000	41.000000	43.000000	6	0.781250	0.000000	0.050000	0.000000	2.100000	1.850000	-1.562500	0.000000	0.000000	0	0	0	
742406	1789	0.000000	0.000000	0.000000	2.010000	0.230000	41.000000	43.000000	6	0.781250	0.000000	0.050000	0.000000	0.000000	0.000000	-1.562500	0.000000	0.000000	0	0	0	
742656	1784	0.000000	0.000000	0.000000	2.040000	0.230000	41.000000	43.000000	6	0.781250	0.000000	0.050000	0.000000	0.000000	0.000000	-1.562500	0.000000	0.000000	0	0	0	
742844	1779	0.000000	0.000000	0.000000	2.080000	0.230000	41.000000	43.000000	6	0.781250	0.000000	0.010000	0.000000	0.000000	0.000000	-1.562500	0.000000	0.000000	0	0	0	
743125	1772	0.000000	0.000000	0.000000	2.110000	0.230000	41.000000	43.000000	6	0.781250	0.000000	0.010000	0.000000	0.000000	0.000000	-1.562500	0.000000	0.000000	0	0	0	
743375	1764	0.000000	0.000000	0.000000	2.120000	0.230000	41.000000	43.000000	6	0.781250	0.000000	0.010000	0.000000	0.000000	0.000000	-1.562500	0.000000	0.000000	0	0	0	
743609	1761	0.000000	0.000000	0.000000	2.160000	0.230000	41.000000	43.000000	6	0.781250	0.000000	0.010000	0.000000	0.000000	0.000000	-1.562500	0.000000	0.000000	0	0	0	
743859	1753	0.000000	0.000000	0.000000	2.170000	0.230000	41.000000	43.000000	6	0.781250	0.000000	0.010000	0.000000	0.000000	0.000000	-1.562500	0.000000	0.000000	0	0	0	
744234	1743	0.000000	0.000000	0.000000	2.220000	0.230000	41.000000	43.000000	6	0.781250	0.000000	0.000000	0.000000	0.000000	0.000000	-1.562500	0.000000	0.000000	0	0	0	
744484	1749	0.000000	3.660000	3.110000	2.000000	0.370000	41.000000	43.000000	6	0.781250	0.000000	0.000000	0.000000	2.100000	1.850000	-1.562500	0.000000	0.000000	0	0	0	
744719	1727	0.000000	4.070000	3.360000	1.760000	0.420000	41.000000	43.000000	6	0.781250	0.000000	0.000000	0.000000	3.900000	3.260000	-1.562500	0.000000	0.000000	0	0	0	
744969	1735	0.000000	4.340000	3.420000	1.610000	0.440000	41.000000	43.000000	6	0.781250	0.000000	0.000000	0.000000	4.210000	3.330000	-1.562500	0.000000	0.000000	0	0	0	
745234	1735	0.000000	4.450000	3.430000	1.500000	0.460000	41.000000	43.000000	6	0.781250	0.000000	0.000000	0.000000	4.360000	3.340000	-1.562500	0.000000	0.000000	0	0	0	
745500	1734	0.000000	4.580000	3.510000	1.510000	0.470000	41.000000	43.000000	6	0.781250	0.000000	0.000000	0.000000	4.510000	3.420000	-1.562500	0.000000	0.000000	0	0	0	
745766	1732	0.000000	4.560000	3.470000	1.500000	0.470000	40.000000	43.000000	6	0.781250	0.000000	0.000000	0.000000	4.440000	3.360000	-1.562500	0.000000	0.000000	0	0	0	
746031	1731	0.000000	4.540000	3.420000	1.490000	0.470000	41.000000	43.000000	6	0.781250	0.000000	0.000000	0.000000	3.990000	3.110000	-1.562500	0.000000	0.000000	0	0	0	
746281	1732	0.000000	4.550000	3.440000	1.500000	0.480000	40.000000	43.000000	6	0.781250	-3.125000	0.000000	0.000000	3.890000	3.070000	-1.562500	-4.687500	0.000000	0	0	0	
746547	1727	0.000000	4.540000	3.430000	1.490000	0.480000	41.000000	43.000000	6	0.781250	-3.125000	0.000000	0.000000	3.920000	3.110000	-1.562500	-4.687500	0.000000	0	0	0	
746781	1729	0.000000	4.500000	3.400000	1.480000	0.480000	40.000000	43.000000	6	0.781250	-3.125000	0.000000	0.000000	3.870000	3.100000	-1.562500	-4.687500	0.000000	0	0	0	
747047	1725	0.000000	4.510000	3.390000	1.490000	0.480000	40.000000	43.000000	6	0.781250	-3.125000	0.000000	0.000000	3.870000	3.070000	-1.562500	-4.687500	0.000000	0	0	0	
747313	1726	0.000000	3.700000	2.970000	1.520000	0.430000	41.000000	43.000000	6	0.781250	-3.906250	0.010000	0.000000	3.580000	2.840000	-1.562500	-1.562500	0.000000	0	0	0	
747563	1662	0.000000	2.860000	2.290000	1.570000	0.330000	41.000000	43.000000	6	0.781250	-3.906250	0.010000	0.000000	2.800000	2.250000	-1.562500	-1.562500	0.000000	0	0	0	
747813	1699	0.000000	2.190000	1.800000	1.630000	0.260000	41.000000	43.000000	6	0.781250	-3.906250	0.010000	0.000000	2.200000	1.820000	-1.562500	-1.562500	0.000000	0	0	0	
748078	1725	0.000000	2.040000	1.690000	1.670000	0.250000	41.000000	43.000000	6	0.781250	-3.906250	0.010000	0.000000	2.080000	1.710000	-1.562500	-1.562500	0.000000	0	0	0	
748344	1683	0.000000	2.040000	1.690000	1.710000	0.240000	40.000000	43.000000	6	0.781250	0.000000	0.030000	0.000000	2.050000	1.710000	-1.562500	0.000000	0.015000	0	0	0	
748609	1691	0.000000	2.040000	1.690000	1.770000	0.230000	40.000000	43.000000	6	0.781250	0.000000	0.030000	0.000000	2.050000	1.710000	-1.562500	0.000000	0.015000	0	0	0	
748859	1692	0.000000	2.040000	1.690000	1.820000	0.230000	40.000000	43.000000	6	0.781250	0.000000	0.030000	0.000000	2.050000	1.710000	-1.562500	0.000000	0.015000	0	0	0	
749125	1686	0.000000	0.000000	0.000000	1.860000	0.230000	40.000000	43.000000	6	0.781250	0.000000	0.030000	0.000000	0.000000	0.000000	-1.562500	0.000000	0.015000	0	0	0	
749531	1675	0.000000	0.000000	0.000000	1.940000	0.230000	40.000000	43.000000	6	0.781250	0.000000	0.015000	0.000000	0.000000	0.000000	-1.562500	0.000000	0.000000	0	0	0	
749813	1668	0.000000	0.000000	0.000000	1.990000	0.230000	40.000000	43.000000	6	0.781250	0.000000	0.015000	0.000000	0.000000	0.000000	-1.562500	0.000000	0.000000	0	0	0	
750063	1662	0.000000	0.000000	0.000000	2.040000	0.230000	40.000000	43.000000	6	0.781250	0.000000	0.015000	0.000000	0.000000	0.000000	-1.562500	0.000000	0.000000	0	0	0	
750328	1656	0.000000	0.000000	0.000000	2.100000	0.230000	40.000000	43.000000	6	0.781250	0.000000	0.015000	0.000000	0.000000	0.000000	-1.562500	0.000000	0.000000	0	0	0	
750578	1645	0.000000	0.000000	0.000000	2.150000	0.230000	40.000000	43.000000	6	0.781250	0.000000	0.000000	0.000000	0.000000	0.000000	-1.562500	0.000000	0.000000	0	0	0	
750844	1615	0.000000	0.000000	0.000000	2.200000	0.230000	40.000000	43.000000	6	0.781250	0.000000	0.000000	0.000000	0.000000	0.000000	-1.562500	0.000000	0.000000	0	0	0	
751078	1591	0.000000	0.000000	0.000000	2.250000	0.230000	40.000000	43.000000	6	0.781250	0.000000	0.000000	0.000000	0.000000	0.000000	-1.562500	0.000000	0.000000	0	0	0	
751281	1564	0.000000	0.000000	0.000000	2.300000	0.240000	40.000000	43.000000	6	0.781250	0.000000	0.000000	0.000000	0.000000	0.000000	-1.562500	0.000000	0.000000	0	0	0	
751500	1549	0.000000	0.000000	0.000000	2.350000	0.230000	40.000000	43.000000	6	0.781250	0.000000	0.000000	0.000000	0.000000	0.000000	-1.562500	0.000000	0.000000	0	0	0	
751719	1525	0.000000	0.000000	0.000000	2.380000	0.240000	40.000000	43.000000	6	0.781250	0.000000	0.000000	0.000000	0.000000	0.000000	-1.562500	0.000000	0.000000	0	0	0	
751984	1506	0.000000	0.000000	0.000000	2.430000	0.230000	40.000000	43.000000	6	0.781250	0.000000	0.000000	0.000000	0.000000	0.000000	-1.562500	0.000000	0.000000	0	0	0	
752234	1483	0.000000	0.000000	0.000000	2.480000	0.230000	40.000000	43.000000	6	0.781250	0.000000	0.000000	0.000000	0.000000	0.000000	-1.562500	0.000000	0.000000	0	0	0	
752469	1460	0.000000	0.000000	0.000000	2.530000	0.230000	40.000000	43.000000	6	0.781250	0.000000	0.000000	0.000000	0.000000	0.000000	-1.562500	0.000000	0.000000	0	0	0	
752688	1428	0.000000	0.000000	0.000000	2.580000	0.230000	40.000000	43.000000	6	0.781250	0.000000	0.000000	0.000000	0.000000	0.000000	-1.562500	0.000000	0.000000	0	0	0	
752938	1395	0.000000	0.000000	0.000000	2.630000	0.230000	40.000000	43.000000	6	0.781250	0.000000	0.000000	0.000000	0.000000	0.000000	-1.562500	0.000000	0.000000	0	0	0	
753156	1370	0.000000	0.000000	0.000000	2.660000	0.240000	40.000000	43.000000	6	0.781250	0.000000	0.000000	0.000000	0.000000	0.000000	-1.562500	0.000000	0.000000	0	0	0	
753375	1336	0.000000	0.000000	0.000000	2.710000	0.230000	40.000000	43.000000	6	0.781250	0.000000	0.000000	0.000000	0.000000	0.000000	-1.562500	0.000000	0.000000	0	0	0	
753656	1338	0.000000	2.040000	1.690000	2.750000	0.230000	40.000000	43.000000	6	0.781250	0.000000	0.000000	0.000000	2.050000	1.710000	-1.562500	0.000000	0.000000	0	0	0	
753906	1281	0.000000	2.080000	1.630000	2.750000	0.230000	40.000000	43.000000	6	0.781250	0.000000	0.000000	0.000000	2.110000	1.650000	-1.562500	0.000000	0.000000	0	0	0	
754172	1257	0.000000	2.110000	1.670000	2.730000	0.230000	40.000000	43.000000	6	0.781250	0.000000	0.000000	0.000000	2.140000	1.700000	-1.562500	0.000000	0.000000	0	0	0	
754641	1059	0.000000	2.170000	1.810000	2.720000	0.230000	40.000000	43.000000	6	0.781250	0.000000	0.000000	0.000000	2.210000	1.850000	-1.562500	0.000000	0.000000	0	0	0	
754906	942	0.000000	2.280000	1.960000	2.710000	0.260000	40.000000	43.000000	6	0.781250	0.000000	0.000000	0.000000	2.320000	2.010000	-1.562500	0.000000	0.000000	0	0	0	
755156	868	0.000000	2.550000	2.270000	2.660000	0.280000	40.000000	43.000000	6	0.781250	0.000000	0.000000	0.000000	2.580000	2.290000	-1.562500	0.000000	0.000000	0	0	0	
755406	863	0.000000	2.600000	2.320000	2.630000	0.290000	40.000000	43.000000	6	0.781250	0.000000	0.000000	0.000000	2.640000	2.360000	-1.562500	0.000000	0.000000	0	0	0	
755656	830	0.000000	2.650000	2.410000	2.590000	0.300000	40.000000	43.000000	6	0.781250	0.000000	0.000000	0.000000	2.690000	2.460000	-1.562500	0.000000	0.000000	0	0	0	
755922	803	0.000000	2.760000	2.520000	2.560000	0.310000	40.000000	43.000000	6	0.781250	0.000000	0.000000	0.000000	2.750000	2.510000	-1.562500	0.000000	0.000000	0	0	0	
756203	776	0.000000	2.780000	2.550000	2.520000	0.320000	40.000000	43.000000	6	0.781250	0.000000	0.000000	0.000000	2.820000	2.600000	-1.562500	0.000000	0.000000	0	0	0	
756453	765	0.000000	2.860000	2.620000	2.460000	0.330000	40.000000	43.000000	6	0.781250	0.000000	0.000000	0.000000	3.030000	2.680000	-1.562500	0.000000	0.000000	0	0	0	
756688	759	0.000000	3.110000	2.750000	2.360000	0.340000	40.000000	43.000000	6	0.781250	0.000000	0.000000	0.000000	3.100000	2.730000	-1.562500	0.000000	0.000000	0	0	0	
756953	756	0.000000	3.170000	2.820000	2.260000	0.350000	40.000000	43.000000	6	0.781250	0.000000	0.000000	0.000000	3.210000	2.860000	-1.562500	0.000000	0.000000	0	0	0	
757219	765	0.000000	3.280000	2.920000	2.160000	0.350000	40.000000	43.000000	6	0.781250	0.000000	0.000000	0.000000	3.320000	2.930000	-1.562500	0.000000	0.000000	0	0	0	
757453	786	0.000000	3.300000	2.900000	2.060000	0.350000	40.000000	43.000000	6	0.781250	0.000000	0.000000	0.000000	3.320000	2.930000	-1.562500	0.000000	0.000000	0	0	0	
757766	824	0.000000	3.320000	2.790000	1.960000	0.350000	40.000000	43.000000	6	0.781250	0.000000	0.000000	0.000000	3.170000	2.740000	-1.562500	0.000000	0.000000	0	0	0	
758031	859	0.000000	3.220000	2.730000	1.860000	0.340000	40.000000	43.000000	6	0.781250	0.000000	0.000000	0.000000	2.760000	2.520000	-1.562500	0.000000	0.000000	0	0	0	
758281	878	0.000000	2.880000	2.520000	1.800000	0.330000	41.000000	43.000000	6	0.781250	-6.250000	0.005000	0.000000	2.620000	2.340000	-1.562500	-6.250000	0.000000	0	0	0	
758516	877	0.000000	2.610000	2.330000	1.740000	0.320000	40.000000	43.000000	6	0.781250	-6.250000	0.005000	0.000000	2.470000	2.160000	-1.562500	-6.250000	0.000000	0	0	0	
758750	853	0.000000	2.610000	2.280000	1.690000	0.320000	40.000000	43.000000	6	0.781250	-6.250000	0.005000	0.000000	2.490000	2.150000	-1.562500	-6.250000	0.000000	0	0	0	
759031	815	0.000000	2.650000	2.280000	1.620000	0.310000	41.000000	43.000000	6	0.781250	-6.250000	0.005000	0.000000	2.560000	2.180000	-1.562500	-6.250000	0.000000	0	0	0	
759297	811	0.000000	2.690000	2.290000	1.550000	0.320000	40.000000	43.000000	6	0.781250	-11.718750	0.010000	0.000000	2.630000	2.210000	-1.562500	-7.812500	0.000000	0	0	0	
759547	808	0.000000	2.780000	2.320000	1.490000	0.320000	40.000000	43.000000	6	0.781250	-11.718750	0.010000	0.000000	2.730000	2.250000	-1.562500	-7.812500	0.000000	0	0	0	
759953	803	0.000000	2.900000	2.440000	1.490000	0.330000	41.000000	43.000000	6	0.781250	-11.718750	0.010000	0.000000	2.790000	2.330000	-1.562500	-7.812500	0.000000	0	0	0	
760219	804	0.000000	2.960000	2.500000	1.490000	0.330000	41.000000	43.000000	6	0.781250	-11.718750	0.010000	0.000000	2.810000	2.350000	-1.562500	-7.812500	0.000000	0	0	0	
760500	810	0.000000	2.990000	2.510000	1.490000	0.330000	41.000000	43.000000	6	0.781250	-6.250000	0.015000	0.000000	2.820000	2.360000	-1.562500	-3.906250	0.000000	0	0	0	
760734	813	0.000000	2.980000	2.510000	1.490000	0.330000	41.000000	43.000000	6	0.781250	-6.250000	0.015000	0.000000	2.830000	2.360000	-1.562500	-3.906250	0.000000	0	0	0	
761031	814	0.000000	2.980000	2.500000	1.500000	0.330000	41.000000	43.000000	6	0.781250	-6.250000	0.015000	0.000000	2.800000	2.330000	-1.562500	-3.906250	0.000000	0	0	0	
761281	814	0.000000	2.970000	2.510000	1.500000	0.330000	41.000000	43.000000	6	0.781250	-6.250000	0.015000	0.000000	2.830000	2.360000	-1.562500	-3.906250	0.000000	0	0	0	
761547	819	0.000000	2.900000	2.360000	1.490000	0.330000	41.000000	43.000000	6	0.781250	-3.125000	0.020000	0.000000	2.810000	2.340000	-1.562500	-3.125000	0.000000	0	0	0	
761781	829	0.000000	2.760000	2.280000	1.500000	0.320000	41.000000	43.000000	6	0.781250	-3.125000	0.020000	0.000000	2.750000	2.270000	-1.562500	-3.125000	0.000000	0	0	0	
762063	833	0.000000	2.720000	2.230000	1.500000	0.320000	42.000000	43.000000	6	0.781250	-3.125000	0.020000	0.000000	2.730000	2.250000	-1.562500	-3.125000	0.000000	0	0	0	
762328	833	0.000000	2.700000	2.210000	1.500000	0.320000	41.000000	43.000000	6	0.781250	-3.125000	0.020000	0.000000	2.750000	2.270000	-1.562500	-3.125000	0.000000	0	0	0	
762594	834	0.000000	2.690000	2.180000	1.490000	0.320000	42.000000	43.000000	6	0.781250	-3.125000	0.030000	0.000000	2.690000	2.200000	-1.562500	-2.343750	0.000000	0	0	0	
762875	825	0.000000	2.670000	2.160000	1.500000	0.320000	41.000000	43.000000	6	0.781250	-3.125000	0.030000	0.000000	2.730000	2.240000	-1.562500	-2.343750	0.000000	0	0	0	
763141	820	0.000000	2.650000	2.140000	1.490000	0.320000	42.000000	43.000000	6	0.781250	-3.125000	0.030000	0.000000	2.730000	2.230000	-1.562500	-2.343750	0.000000	0	0	0	
763422	812	0.000000	2.650000	2.140000	1.500000	0.310000	42.000000	43.000000	6	0.781250	-3.125000	0.030000	0.000000	2.700000	2.200000	-1.562500	-2.343750	0.000000	0	0	0	
763672	802	0.000000	2.640000	2.140000	1.500000	0.320000	42.000000	43.000000	6	0.781250	-3.906250	0.035000	0.000000	2.700000	2.210000	-1.562500	-0.781250	0.000000	0	0	0	
763938	784	0.000000	2.660000	2.150000	1.490000	0.310000	42.000000	43.000000	6	0.781250	-3.906250	0.035000	0.000000	2.740000	2.260000	-1.562500	-0.781250	0.000000	0	0	0	
764188	770	0.000000	2.660000	2.160000	1.500000	0.320000	42.000000	43.000000	6	0.781250	-3.906250	0.035000	0.000000	2.710000	2.220000	-1.562500	-0.781250	0.000000	0	0	0	
764469	761	0.000000	2.680000	2.170000	1.490000	0.320000	42.000000	43.000000	6	0.781250	-3.906250	0.035000	0.000000	2.720000	2.240000	-1.562500	-0.781250	0.000000	0	0	0	
764734	754	0.000000	2.720000	2.230000	1.490000	0.340000	42.000000	43.000000	6	0.781250	-3.125000	0.040000	0.000000	2.800000	2.330000	-1.562500	-1.562500	0.000000	0	0	0	
765000	747	0.000000	2.810000	2.340000	1.490000	0.340000	43.000000	43.000000	6	0.781250	-3.125000	0.040000	0.000000	2.810000	2.340000	-1.562500	-1.562500	0.000000	0	0	0	
765406	749	0.000000	2.820000	2.340000	1.490000	0.340000	43.000000	43.000000	6	0.781250	-3.125000	0.040000	0.000000	2.910000	2.440000	-1.562500	-1.562500	0.000000	0	0	0	
765672	757	0.000000	2.850000	2.380000	1.490000	0.340000	42.000000	43.000000	6	0.781250	-3.125000	0.040000	0.000000	2.930000	2.470000	-1.562500	-1.562500	0.000000	0	0	0	
765938	763	0.000000	2.880000	2.420000	1.490000	0.340000	42.000000	43.000000	6	0.781250	-0.781250	0.040000	0.000000	2.930000	2.470000	-1.562500	0.000000	0.000000	0	0	0	
766219	770	0.000000	2.840000	2.370000	1.500000	0.340000	43.000000	43.000000	6	0.781250	-0.781250	0.040000	0.000000	2.920000	2.460000	-1.562500	0.000000	0.000000	0	0	0	
766469	770	0.000000	2.860000	2.390000	1.480000	0.340000	43.000000	43.000000	6	0.781250	-0.781250	0.040000	0.000000	2.940000	2.470000	-1.562500	0.000000	0.000000	0	0	0	
766703	769	0.000000	2.890000	2.420000	1.490000	0.340000	43.000000	43.000000	6	0.781250	-0.781250	0.040000	0.000000	2.890000	2.420000	-1.562500	0.000000	0.000000	0	0	0	
766938	768	0.000000	2.850000	2.390000	1.490000	0.340000	43.000000	43.000000	6	0.781250	2.343750	0.045000	0.000000	2.920000	2.460000	-1.562500	2.343750	0.000000	0	0	0	
767203	768	0.000000	2.860000	2.390000	1.490000	0.340000	43.000000	43.000000	6	0.781250	2.343750	0.045000	0.000000	2.920000	2.460000	-1.562500	2.343750	0.000000	0	0	0	
767453	773	0.000000	2.870000	2.420000	1.490000	0.340000	43.000000	43.000000	6	0.781250	2.343750	0.045000	0.000000	2.870000	2.410000	-1.562500	2.343750	0.000000	0	0	0	
767703	769	0.000000	2.820000	2.360000	1.480000	0.330000	43.000000	44.000000	6	0.781250	2.343750	0.045000	0.000000	2.850000	2.390000	-1.562500	2.343750	0.000000	0	0	0	
767969	760	0.000000	2.760000	2.270000	1.480000	0.330000	44.000000	44.000000	6	0.781250	5.468750	0.045000	0.000000	2.830000	2.360000	-1.562500	4.687500	0.000000	0	0	0	
768219	755	0.000000	2.790000	2.310000	1.480000	0.330000	43.000000	44.000000	6	0.781250	5.468750	0.045000	0.000000	2.790000	2.310000	-1.562500	4.687500	0.000000	0	0	0	
768500	728	0.000000	2.790000	2.320000	1.490000	0.330000	44.000000	44.000000	6	0.781250	5.468750	0.045000	0.000000	2.830000	2.360000	-1.562500	4.687500	0.000000	0	0	0	
768781	700	0.000000	2.780000	2.290000	1.490000	0.330000	44.000000	44.000000	6	0.781250	5.468750	0.045000	0.000000	2.840000	2.380000	-1.562500	4.687500	0.000000	0	0	0	
769031	689	0.000000	2.800000	2.340000	1.500000	0.330000	44.000000	44.000000	6	0.781250	3.906250	0.045000	0.000000	2.810000	2.350000	-1.562500	3.906250	0.000000	0	0	0	
769297	663	0.000000	2.780000	2.320000	1.500000	0.330000	44.000000	44.000000	6	0.781250	3.906250	0.045000	0.000000	2.800000	2.340000	-1.562500	3.906250	0.000000	0	0	0	
769563	649	0.000000	2.730000	2.240000	1.500000	0.330000	44.000000	44.000000	6	0.781250	3.906250	0.045000	0.000000	2.820000	2.360000	-1.562500	3.906250	0.000000	0	0	0	
769813	633	0.000000	2.780000	2.290000	1.490000	0.330000	44.000000	44.000000	6	0.781250	3.906250	0.045000	0.000000	2.800000	2.330000	-1.562500	3.906250	0.000000	0	0	0	
770063	595	0.000000	2.780000	2.300000	1.490000	0.340000	44.000000	44.000000	6	0.781250	2.343750	0.050000	0.000000	2.800000	2.340000	-1.562500	3.906250	0.000000	0	0	0	
770328	581	0.000000	2.820000	2.360000	1.490000	0.340000	44.000000	44.000000	6	0.781250	2.343750	0.050000	0.000000	2.900000	2.440000	-1.562500	3.125000	0.000000	0	0	0	
770766	566	0.000000	3.020000	2.530000	1.480000	0.360000	45.000000	44.000000	6	0.781250	2.343750	0.050000	0.000000	3.010000	2.520000	-1.562500	3.125000	0.000000	0	0	0	
771000	570	0.000000	3.000000	2.520000	1.500000	0.360000	44.000000	44.000000	6	0.781250	2.343750	0.050000	0.000000	3.110000	2.620000	-1.562500	3.125000	0.000000	0	0	0	
771281	583	0.000000	3.020000	2.540000	1.450000	0.430000	45.000000	44.000000	6	0.781250	0.000000	0.055000	0.000000	3.180000	2.680000	-1.562500	0.781250	0.000000	0	0	0	
771563	670	0.000000	6.690000	5.470000	1.420000	0.620000	45.000000	44.000000	6	0.781250	0.000000	0.055000	0.000000	6.660000	5.440000	-1.562500	0.781250	0.000000	0	0	0	
771844	998	0.000000	7.440000	5.640000	1.420000	0.640000	45.000000	44.000000	6	0.781250	0.000000	0.055000	0.000000	7.180000	5.490000	-1.562500	0.781250	0.000000	0	0	0	
772094	1282	0.000000	5.650000	4.550000	1.460000	0.590000	44.000000	44.000000	6	0.781250	0.000000	0.055000	0.000000	5.560000	4.310000	-1.562500	0.781250	0.000000	0	0	0	
772328	1256	0.000000	5.460000	4.070000	1.420000	0.630000	45.000000	44.000000	6	0.781250	-3.125000	0.090000	0.000000	5.580000	4.250000	-1.562500	0.000000	0.010000	0	0	0	
772609	1244	0.000000	6.430000	5.090000	1.440000	0.700000	45.000000	44.000000	6	0.781250	-3.125000	0.090000	0.000000	6.560000	5.140000	-1.562500	0.000000	0.010000	0	0	0	
772844	1290	0.000000	6.790000	5.270000	1.440000	0.690000	45.000000	44.000000	6	0.781250	-3.125000	0.090000	0.000000	6.040000	4.940000	-1.562500	0.000000	0.010000	0	0	0	
773094	1276	0.000000	5.950000	4.890000	1.460000	0.680000	45.000000	44.000000	6	0.781250	-3.125000	0.090000	0.000000	6.000000	4.920000	-1.562500	0.000000	0.010000	0	0	0	
773359	1232	0.000000	5.950000	4.910000	1.470000	0.690000	45.000000	44.000000	6	0.781250	-3.125000	0.135000	0.000000	6.060000	4.960000	-1.562500	0.000000	0.030000	0	0	0	
773609	1089	0.000000	7.040000	5.390000	1.440000	0.700000	45.000000	44.000000	6	0.781250	3.906250	0.135000	0.000000	6.160000	4.960000	-1.562500	3.125000	0.030000	0	0	0	
773906	1070	0.000000	6.490000	5.110000	1.460000	0.680000	45.000000	44.000000	6	0.781250	3.906250	0.135000	0.000000	6.380000	5.050000	-1.562500	3.125000	0.030000	0	0	0	
774125	1239	0.000000	5.720000	4.610000	1.450000	0.660000	45.000000	44.000000	6	0.781250	3.906250	0.135000	0.000000	5.710000	4.630000	-1.562500	3.125000	0.030000	0	0	0	
774375	1369	0.000000	5.570000	4.440000	1.450000	0.630000	45.000000	44.000000	6	0.781250	3.906250	0.135000	0.000000	5.470000	4.180000	-1.562500	3.125000	0.030000	0	0	0	
774641	1430	0.000000	5.540000	4.280000	1.440000	0.610000	46.000000	44.000000	6	0.781250	-3.125000	0.755000	0.000000	4.930000	3.950000	-1.562500	-4.687500	0.215000	0	0	0	
774875	1536	0.000000	4.960000	3.930000	1.460000	0.570000	46.000000	44.000000	6	0.781250	-3.125000	0.755000	0.000000	4.880000	3.800000	-1.562500	-4.687500	0.215000	0	0	0	
775141	1609	0.000000	4.860000	3.800000	1.450000	0.550000	46.000000	44.000000	6	0.781250	-3.125000	0.755000	0.000000	4.720000	3.560000	-1.562500	-4.687500	0.215000	0	0	0	
775375	1682	0.000000	4.820000	3.680000	1.450000	0.530000	46.000000	44.000000	6	0.781250	-3.125000	0.755000	0.000000	4.550000	3.390000	-1.562500	-4.687500	0.215000	0	0	0	
775625	1750	0.000000	4.650000	3.510000	1.470000	0.520000	46.000000	44.000000	6	0.781250	0.000000	0.625000	0.000000	4.470000	3.350000	-1.562500	-5.468750	0.055000	0	0	0	
776047	1841	0.000000	4.580000	3.410000	1.470000	0.520000	46.000000	44.000000	6	0.781250	0.000000	0.625000	0.000000	4.160000	3.160000	-1.562500	-5.468750	0.055000	0	0	0	
776281	1921	0.000000	4.550000	3.350000	1.460000	0.520000	46.000000	44.000000	6	0.781250	0.000000	0.625000	0.000000	4.480000	3.310000	-1.562500	-5.468750	0.055000	0	0	0	
776547	1962	0.000000	4.550000	3.340000	1.470000	0.520000	46.000000	44.000000	6	0.781250	0.000000	0.625000	0.000000	4.470000	3.300000	-1.562500	-5.468750	0.055000	0	0	0	
776797	2036	0.000000	4.760000	3.440000	1.450000	0.520000	46.000000	44.000000	6	0.781250	0.781250	0.615000	0.000000	4.450000	3.220000	-1.562500	-0.781250	0.060000	0	0	0	
777078	2099	0.000000	4.370000	3.170000	1.470000	0.480000	46.000000	44.000000	6	0.781250	0.781250	0.615000	0.000000	4.220000	3.120000	-1.562500	-0.781250	0.060000	0	0	0	
777313	2134	0.000000	3.630000	2.640000	1.500000	0.360000	46.000000	44.000000	6	0.781250	0.781250	0.615000	0.000000	3.720000	2.740000	-1.562500	-0.781250	0.060000	0	0	0	
777563	2145	0.000000	2.910000	2.070000	1.480000	0.300000	46.000000	44.000000	6	0.781250	0.781250	0.615000	0.000000	2.870000	2.030000	-1.562500	-0.781250	0.060000	0	0	0	
777828	2145	0.000000	2.730000	1.940000	1.500000	0.280000	46.000000	44.000000	6	0.781250	-10.156250	0.705000	0.000000	2.700000	1.910000	-1.562500	-8.593750	0.085000	0	0	0	
778063	2126	0.000000	2.640000	1.890000	1.510000	0.280000	46.000000	44.000000	6	0.781250	-10.156250	0.705000	0.000000	2.680000	1.920000	-1.562500	-8.593750	0.085000	0	0	0	
778313	2117	0.000000	2.740000	1.960000	1.510000	0.270000	46.000000	44.000000	6	0.781250	-10.156250	0.705000	0.000000	2.670000	1.910000	-1.562500	-8.593750	0.085000	0	0	0	
778563	2096	0.000000	2.540000	1.820000	1.490000	0.260000	46.000000	44.000000	6	0.781250	-10.156250	0.705000	0.000000	2.470000	1.750000	-1.562500	-8.593750	0.085000	0	0	0	
778828	2050	0.000000	2.370000	1.700000	1.500000	0.250000	46.000000	44.000000	6	0.781250	-10.156250	0.755000	0.000000	2.440000	1.760000	-1.562500	-6.250000	0.530000	0	0	0	
779094	2029	0.000000	2.440000	1.800000	1.510000	0.240000	47.000000	44.000000	6	0.781250	-10.156250	0.755000	0.000000	2.470000	1.810000	-1.562500	-6.250000	0.530000	0	0	0	
779359	1972	0.000000	2.400000	1.830000	1.500000	0.230000	46.000000	44.000000	6	0.781250	-10.156250	0.755000	0.000000	2.400000	1.830000	-1.562500	-6.250000	0.530000	0	0	0	
779609	1923	0.000000	2.420000	1.870000	1.490000	0.240000	46.000000	44.000000	6	0.781250	-10.156250	0.755000	0.000000	2.480000	1.920000	-1.562500	-6.250000	0.530000	0	0	0	
779891	1858	0.000000	2.360000	1.880000	1.490000	0.240000	47.000000	44.000000	6	0.781250	-10.156250	0.755000	0.000000	2.340000	1.870000	-1.562500	-6.250000	0.530000	0	0	0	
780156	1837	0.000000	2.360000	1.880000	1.530000	0.230000	47.000000	44.000000	6	0.781250	0.000000	0.145000	0.000000	2.320000	1.850000	-1.562500	0.000000	0.030000	0	0	0	
780438	1711	0.000000	2.360000	1.880000	1.530000	0.240000	46.000000	44.000000	6	0.781250	0.000000	0.145000	0.000000	2.320000	1.850000	-1.562500	0.000000	0.030000	0	0	0	
780672	1690	0.000000	2.360000	1.880000	1.550000	0.230000	47.000000	44.000000	6	0.781250	0.000000	0.145000	0.000000	2.320000	1.850000	-1.562500	0.000000	0.030000	0	0	0	
780922	1624	0.000000	2.360000	1.880000	1.510000	0.260000	47.000000	44.000000	6	0.781250	0.000000	0.145000	0.000000	2.320000	1.850000	-1.562500	0.000000	0.030000	0	0	0	
781359	1567	0.000000	2.950000	2.200000	1.470000	0.290000	47.000000	44.000000	6	0.781250	0.000000	0.035000	0.000000	2.950000	2.200000	-1.562500	0.000000	0.000000	0	0	0	
781625	1512	0.000000	3.380000	2.460000	1.450000	0.340000	47.000000	44.000000	6	0.781250	0.000000	0.035000	0.000000	3.400000	2.500000	-1.562500	0.000000	0.000000	0	0	0	
781875	1561	0.000000	3.810000	3.040000	1.490000	0.370000	47.000000	44.000000	6	0.781250	0.000000	0.035000	0.000000	3.740000	2.990000	-1.562500	0.000000	0.000000	0	0	0	
782125	1528	0.000000	3.830000	3.060000	1.510000	0.390000	47.000000	44.000000	6	0.781250	0.000000	0.025000	0.000000	3.750000	3.000000	-1.562500	0.000000	0.000000	0	0	0	
782406	1581	0.000000	3.840000	3.050000	1.490000	0.390000	47.000000	44.000000	6	0.781250	0.000000	0.025000	0.000000	3.730000	2.980000	-1.562500	0.000000	0.000000	0	0	0	
782656	1606	0.000000	3.810000	3.050000	1.470000	0.390000	47.000000	44.000000	6	0.781250	0.000000	0.025000	0.000000	3.800000	2.980000	-1.562500	0.000000	0.000000	0	0	0	
782922	1629	0.000000	3.810000	3.070000	1.500000	0.380000	47.000000	44.000000	6	0.781250	0.000000	0.025000	0.000000	3.740000	2.960000	-1.562500	0.000000	0.000000	0	0	0	
783172	1670	0.000000	4.000000	3.070000	1.500000	0.370000	47.000000	44.000000	6	0.781250	5.468750	0.035000	0.000000	3.670000	2.930000	-1.562500	2.343750	0.010000	0	0	0	
783453	1687	0.000000	3.860000	3.070000	1.470000	0.370000	47.000000	44.000000	6	0.781250	5.468750	0.035000	0.000000	3.670000	2.910000	-1.562500	2.343750	0.010000	0	0	0	
783750	1711	0.000000	3.820000	2.980000	1.480000	0.370000	47.000000	44.000000	6	0.781250	5.468750	0.035000	0.000000	3.470000	2.720000	-1.562500	2.343750	0.010000	0	0	0	
784016	1742	0.000000	3.740000	2.950000	1.480000	0.370000	47.000000	44.000000	6	0.781250	5.468750	0.035000	0.000000	3.320000	2.580000	-1.562500	2.343750	0.010000	0	0	0	
784281	1759	0.000000	4.030000	3.100000	1.480000	0.380000	47.000000	44.000000	6	0.781250	5.468750	0.035000	0.000000	3.310000	2.740000	-1.562500	2.343750	0.010000	0	0	0	
784547	1809	0.000000	4.890000	3.790000	1.460000	0.450000	47.000000	44.000000	6	0.781250	4.687500	0.055000	0.000000	4.400000	3.320000	-1.562500	2.343750	0.020000	0	0	0	
784797	1836	0.000000	4.810000	3.740000	1.470000	0.480000	47.000000	44.000000	6	0.781250	4.687500	0.055000	0.000000	4.290000	3.230000	-1.562500	2.343750	0.020000	0	0	0	
785047	1887	0.000000	4.770000	3.740000	1.490000	0.490000	47.000000	44.000000	6	0.781250	4.687500	0.055000	0.000000	4.190000	3.180000	-1.562500	2.343750	0.020000	0	0	0	
785297	1835	0.000000	3.780000	2.970000	1.540000	0.380000	47.000000	45.000000	6	0.781250	4.687500	0.055000	0.000000	3.210000	2.510000	-1.562500	2.343750	0.020000	0	0	0	
785547	1807	0.000000	2.940000	2.320000	1.510000	0.290000	47.000000	45.000000	6	0.781250	0.781250	0.360000	0.000000	2.680000	2.140000	-1.562500	-3.125000	0.025000	0	0	0	
785797	1680	0.000000	2.510000	2.050000	1.540000	0.250000	47.000000	45.000000	6	0.781250	0.781250	0.360000	0.000000	2.330000	1.910000	-1.562500	-3.125000	0.025000	0	0	0	
786031	1480	0.000000	2.510000	1.900000	1.500000	0.260000	47.000000	45.000000	6	0.781250	0.781250	0.360000	0.000000	2.610000	1.990000	-1.562500	-3.125000	0.025000	0	0	0	
786297	1270	0.000000	3.200000	2.310000	1.490000	0.330000	47.000000	45.000000	6	0.781250	0.781250	0.360000	0.000000	3.400000	2.450000	-1.562500	-3.125000	0.025000	0	0	0	
786703	1132	0.000000	3.440000	2.680000	1.500000	0.360000	47.000000	45.000000	6	0.781250	0.000000	0.740000	0.000000	3.840000	2.860000	-1.562500	0.000000	0.000000	0	0	0	
786984	1108	0.000000	3.410000	2.660000	1.500000	0.360000	47.000000	45.000000	6	0.781250	0.000000	0.740000	0.000000	3.800000	2.840000	-1.562500	0.000000	0.000000	0	0	0	
787234	1160	0.000000	3.450000	2.540000	1.500000	0.340000	47.000000	45.000000	6	0.781250	0.000000	0.740000	0.000000	3.390000	2.700000	-1.562500	0.000000	0.000000	0	0	0	
787484	1146	0.000000	2.870000	2.190000	1.520000	0.300000	47.000000	45.000000	6	0.781250	0.000000	0.060000	0.000000	3.030000	2.340000	-1.562500	0.000000	0.045000	0	0	0	
787750	1121	0.000000	2.600000	2.050000	1.510000	0.280000	47.000000	45.000000	6	0.781250	0.000000	0.060000	0.000000	2.830000	2.190000	-1.562500	0.000000	0.045000	0	0	0	
787984	1142	0.000000	2.430000	1.880000	1.520000	0.260000	47.000000	45.000000	6	0.781250	0.000000	0.060000	0.000000	2.590000	1.950000	-1.562500	0.000000	0.045000	0	0	0	
788234	1110	0.000000	2.340000	1.810000	1.510000	0.250000	47.000000	45.000000	6	0.781250	0.000000	0.060000	0.000000	2.370000	1.830000	-1.562500	0.000000	0.045000	0	0	0	
788500	1100	0.000000	2.310000	1.770000	1.510000	0.240000	47.000000	45.000000	6	0.781250	0.000000	0.060000	0.000000	2.340000	1.800000	-1.562500	0.000000	0.045000	0	0	0	
788781	1093	0.000000	2.320000	1.780000	1.510000	0.240000	47.000000	45.000000	6	0.781250	0.000000	0.680000	0.000000	2.350000	1.810000	-1.562500	0.000000	0.820000	0	0	0	
789031	1073	0.000000	2.320000	1.770000	1.500000	0.240000	47.000000	45.000000	6	0.781250	0.000000	0.680000	0.000000	2.310000	1.770000	-1.562500	0.000000	0.820000	0	0	0	
789281	1059	0.000000	2.290000	1.760000	1.500000	0.240000	47.000000	45.000000	6	0.781250	0.000000	0.680000	0.000000	2.290000	1.760000	-1.562500	0.000000	0.820000	0	0	0	
789531	1035	0.000000	2.320000	1.800000	1.510000	0.250000	47.000000	45.000000	6	0.781250	0.000000	0.680000	0.000000	2.280000	1.750000	-1.562500	0.000000	0.820000	0	0	0	
789797	998	0.000000	2.360000	1.840000	1.510000	0.240000	47.000000	45.000000	6	0.781250	6.250000	0.075000	0.000000	2.320000	1.810000	-1.562500	0.000000	0.740000	0	0	0	
790031	911	0.000000	2.450000	1.910000	1.500000	0.260000	47.000000	45.000000	6	0.781250	6.250000	0.075000	0.000000	2.350000	1.830000	-1.562500	0.000000	0.740000	0	0	0	
790266	849	0.000000	2.640000	2.090000	1.490000	0.290000	47.000000	45.000000	6	0.781250	6.250000	0.075000	0.000000	2.600000	2.050000	-1.562500	0.000000	0.740000	0	0	0	
790516	755	0.000000	2.980000	2.490000	1.480000	0.320000	47.000000	45.000000	6	0.781250	6.250000	0.075000	0.000000	2.830000	2.420000	-1.562500	0.000000	0.740000	0	0	0	
790813	737	0.000000	3.050000	2.550000	1.490000	0.340000	48.000000	45.000000	6	0.781250	6.250000	0.075000	0.000000	2.980000	2.500000	-1.562500	0.000000	0.715000	0	0	0	
791078	737	0.000000	3.340000	2.720000	1.480000	0.340000	48.000000	45.000000	6	0.781250	7.812500	0.075000	0.000000	3.260000	2.660000	-1.562500	3.125000	0.715000	0	0	0	
791359	751	0.000000	3.480000	2.800000	1.490000	0.340000	47.000000	45.000000	6	0.781250	7.812500	0.075000	0.000000	3.390000	2.740000	-1.562500	3.125000	0.715000	0	0	0	
791625	775	0.000000	3.130000	2.630000	1.500000	0.340000	47.000000	45.000000	6	0.781250	7.812500	0.075000	0.000000	3.160000	2.640000	-1.562500	3.125000	0.715000	0	0	0	
792031	796	0.000000	3.060000	2.570000	1.500000	0.340000	47.000000	45.000000	6	0.781250	3.906250	0.075000	0.000000	3.010000	2.520000	-1.562500	2.343750	0.705000	0	0	0	
792281	796	0.000000	2.960000	2.490000	1.500000	0.330000	47.000000	45.000000	6	0.781250	3.906250	0.075000	0.000000	3.020000	2.530000	-1.562500	2.343750	0.705000	0	0	0	
792547	786	0.000000	2.910000	2.440000	1.500000	0.330000	47.000000	45.000000	6	0.781250	3.906250	0.075000	0.000000	2.950000	2.480000	-1.562500	2.343750	0.705000	0	0	0	
792797	769	0.000000	2.910000	2.440000	1.500000	0.330000	48.000000	45.000000	6	0.781250	3.906250	0.075000	0.000000	2.910000	2.430000	-1.562500	2.343750	0.705000	0	0	0	
793016	763	0.000000	2.870000	2.400000	1.490000	0.330000	48.000000	45.000000	6	0.781250	3.906250	0.095000	0.000000	2.950000	2.480000	-1.562500	2.343750	0.700000	0	0	0	
793266	761	0.000000	2.840000	2.360000	1.500000	0.330000	48.000000	45.000000	6	0.781250	0.781250	0.095000	0.000000	2.910000	2.440000	-1.562500	0.781250	0.700000	0	0	0	
793500	757	0.000000	2.880000	2.390000	1.490000	0.330000	48.000000	45.000000	6	0.781250	0.781250	0.095000	0.000000	2.890000	2.410000	-1.562500	0.781250	0.700000	0	0	0	
793766	749	0.000000	2.910000	2.430000	1.490000	0.340000	47.000000	45.000000	6	0.781250	0.781250	0.095000	0.000000	2.920000	2.440000	-1.562500	0.781250	0.700000	0	0	0	
794000	746	0.000000	2.910000	2.430000	1.490000	0.340000	47.000000	45.000000	6	0.781250	0.781250	0.095000	0.000000	2.970000	2.490000	-1.562500	0.781250	0.700000	0	0	0	
794250	748	0.000000	2.950000	2.470000	1.500000	0.340000	47.000000	45.000000	6	0.781250	0.781250	0.150000	0.000000	2.940000	2.450000	-1.562500	0.000000	0.700000	0	0	0	
794500	747	0.000000	2.950000	2.470000	1.500000	0.340000	48.000000	45.000000	6	0.781250	0.781250	0.150000	0.000000	2.940000	2.460000	-1.562500	0.000000	0.700000	0	0	0	
794750	754	0.000000	2.910000	2.430000	1.500000	0.340000	47.000000	45.000000	6	0.781250	0.781250	0.150000	0.000000	2.970000	2.490000	-1.562500	0.000000	0.700000	0	0	0	
795016	756	0.000000	2.970000	2.480000	1.490000	0.340000	47.000000	45.000000	6	0.781250	0.781250	0.150000	0.000000	2.950000	2.460000	-1.562500	0.000000	0.700000	0	0	0	
795281	757	0.000000	2.930000	2.440000	1.500000	0.340000	48.000000	45.000000	6	0.781250	0.000000	0.650000	0.000000	2.910000	2.420000	-1.562500	0.000000	0.700000	0	0	0	
795563	802	0.000000	3.100000	2.590000	1.490000	0.360000	48.000000	45.000000	6	0.781250	0.000000	0.650000	0.000000	3.170000	2.640000	-1.562500	0.000000	0.700000	0	0	0	
795797	1003	0.000000	3.980000	2.820000	1.500000	0.370000	48.000000	45.000000	6	0.781250	0.000000	0.650000	0.000000	3.620000	2.710000	-1.562500	0.000000	0.700000	0	0	0	
796063	1101	0.000000	3.560000	2.740000	1.490000	0.390000	47.000000	45.000000	6	0.781250	0.000000	0.650000	0.000000	3.420000	2.680000	-1.562500	0.000000	0.700000	0	0	0	
796328	1064	0.000000	3.790000	2.800000	1.490000	0.400000	48.000000	45.000000	6	0.781250	0.000000	0.650000	0.000000	3.800000	2.820000	-1.562500	-0.781250	0.635000	0	0	0	
796563	1107	0.000000	4.000000	2.870000	1.480000	0.410000	47.000000	45.000000	6	0.781250	0.000000	0.650000	0.000000	3.650000	2.760000	-1.562500	-0.781250	0.635000	0	0	0	
796844	1135	0.000000	3.770000	2.830000	1.500000	0.410000	48.000000	45.000000	6	0.781250	0.000000	0.650000	0.000000	3.460000	2.710000	-1.562500	-0.781250	0.635000	0	0	0	
797250	1183	0.000000	3.570000	2.770000	1.500000	0.410000	48.000000	45.000000	6	0.781250	0.000000	0.650000	0.000000	3.500000	2.750000	-1.562500	-0.781250	0.635000	0	0	0	
797500	1218	0.000000	3.740000	2.690000	1.490000	0.380000	47.000000	45.000000	6	0.781250	-1.562500	0.720000	0.000000	3.290000	2.590000	-1.562500	-2.343750	0.645000	0	0	0	
797766	1237	0.000000	3.310000	2.570000	1.480000	0.370000	47.000000	45.000000	6	0.781250	-1.562500	0.720000	0.000000	3.330000	2.620000	-1.562500	-2.343750	0.645000	0	0	0	
798016	1257	0.000000	3.290000	2.480000	1.480000	0.350000	47.000000	45.000000	6	0.781250	-1.562500	0.720000	0.000000	3.330000	2.550000	-1.562500	-2.343750	0.645000	0	0	0	
798266	1267	0.000000	3.210000	2.350000	1.490000	0.330000	47.000000	45.000000	6	0.781250	-1.562500	0.720000	0.000000	3.220000	2.370000	-1.562500	-2.343750	0.645000	0	0	0	
798531	1273	0.000000	2.690000	2.010000	1.510000	0.300000	48.000000	45.000000	6	0.781250	0.781250	0.080000	0.000000	2.790000	2.080000	-1.562500	3.125000	0.025000	0	0	0	
798781	1254	0.000000	2.490000	1.830000	1.510000	0.270000	48.000000	45.000000	6	0.781250	0.781250	0.080000	0.000000	2.550000	1.930000	-1.562500	3.125000	0.025000	0	0	0	
799031	1217	0.000000	2.390000	1.790000	1.510000	0.260000	47.000000	45.000000	6	0.781250	0.781250	0.080000	0.000000	2.390000	1.790000	-1.562500	3.125000	0.025000	0	0	0	
799281	1215	0.000000	2.430000	1.820000	1.500000	0.250000	48.000000	45.000000	6	0.781250	0.781250	0.080000	0.000000	2.460000	1.850000	-1.562500	3.125000	0.025000	0	0	0	
799547	1160	0.000000	2.380000	1.800000	1.500000	0.250000	47.000000	45.000000	6	0.781250	2.343750	0.100000	0.000000	2.440000	1.860000	-1.562500	3.906250	0.025000	0	0	0	
799797	1159	0.000000	2.980000	2.230000	1.460000	0.310000	48.000000	45.000000	6	0.781250	2.343750	0.100000	0.000000	2.570000	2.000000	-1.562500	3.906250	0.025000	0	0	0	
800078	1180	0.000000	3.620000	2.770000	1.470000	0.360000	47.000000	45.000000	6	0.781250	2.343750	0.100000	0.000000	3.570000	2.750000	-1.562500	3.906250	0.025000	0	0	0	
800313	1138	0.000000	4.010000	3.110000	1.500000	0.410000	48.000000	45.000000	6	0.781250	2.343750	0.100000	0.000000	4.000000	3.040000	-1.562500	3.906250	0.025000	0	0	0	
800563	1196	0.000000	4.000000	3.110000	1.500000	0.420000	48.000000	45.000000	6	0.781250	2.343750	0.065000	0.000000	4.010000	3.020000	-1.562500	3.906250	0.030000	0	0	0	
800859	1215	0.000000	4.210000	3.110000	1.480000	0.430000	47.000000	45.000000	6	0.781250	5.468750	0.065000	0.000000	4.040000	2.980000	-1.562500	4.687500	0.030000	0	0	0	
801125	1259	0.000000	4.100000	3.060000	1.470000	0.430000	48.000000	45.000000	6	0.781250	5.468750	0.065000	0.000000	3.800000	2.980000	-1.562500	4.687500	0.030000	0	0	0	
801375	1306	0.000000	4.000000	3.070000	1.500000	0.420000	48.000000	45.000000	6	0.781250	5.468750	0.065000	0.000000	3.670000	2.840000	-1.562500	4.687500	0.030000	0	0	0	
801641	1341	0.000000	4.030000	3.050000	1.490000	0.420000	47.000000	45.000000	6	0.781250	5.468750	0.065000	0.000000	3.640000	2.810000	-1.562500	4.687500	0.030000	0	0	0	
801906	1379	0.000000	3.690000	2.860000	1.480000	0.410000	48.000000	45.000000	6	0.781250	3.125000	0.715000	0.000000	3.610000	2.800000	-1.562500	-3.125000	0.755000	0	0	0	
802172	1407	0.000000	3.450000	2.420000	1.500000	0.350000	47.000000	45.000000	6	0.781250	3.125000	0.715000	0.000000	3.360000	2.340000	-1.562500	-3.125000	0.755000	0	0	0	
802609	1400	0.000000	2.480000	1.820000	1.500000	0.290000	48.000000	45.000000	6	0.781250	3.125000	0.715000	0.000000	2.430000	1.770000	-1.562500	-3.125000	0.755000	0	0	0	
802859	1368	0.000000	2.360000	1.680000	1.510000	0.280000	48.000000	45.000000	6	0.781250	-9.375000	0.790000	0.000000	2.380000	1.720000	-1.562500	-8.593750	0.785000	0	0	0	
803125	1379	0.000000	2.370000	1.710000	1.520000	0.270000	47.000000	45.000000	6	0.781250	-9.375000	0.790000	0.000000	2.390000	1.720000	-1.562500	-8.593750	0.785000	0	0	0	
803375	1320	0.000000	2.360000	1.710000	1.500000	0.280000	48.000000	45.000000	6	0.781250	-9.375000	0.790000	0.000000	2.410000	1.760000	-1.562500	-8.593750	0.785000	0	0	0	
803625	1304	0.000000	2.390000	1.730000	1.490000	0.280000	47.000000	45.000000	6	0.781250	-9.375000	0.790000	0.000000	2.450000	1.800000	-1.562500	-8.593750	0.785000	0	0	0	
803891	1284	0.000000	2.420000	1.780000	1.500000	0.280000	48.000000	45.000000	6	0.781250	-1.562500	0.675000	0.000000	2.410000	1.770000	-1.562500	-0.781250	0.020000	0	0	0	
804188	1259	0.000000	2.410000	1.790000	1.500000	0.270000	48.000000	46.000000	6	0.781250	-1.562500	0.675000	0.000000	2.400000	1.780000	-1.562500	-0.781250	0.020000	0	0	0	
804422	1235	0.000000	2.420000	1.810000	1.500000	0.270000	47.000000	46.000000	6	0.781250	-1.562500	0.675000	0.000000	2.390000	1.780000	-1.562500	-0.781250	0.020000	0	0	0	
804734	1203	0.000000	2.330000	1.730000	1.500000	0.250000	47.000000	46.000000	6	0.781250	-1.562500	0.675000	0.000000	2.280000	1.680000	-1.562500	-0.781250	0.020000	0	0	0	
804984	1181	0.000000	2.270000	1.690000	1.510000	0.240000	48.000000	46.000000	6	0.781250	8.593750	0.060000	0.000000	2.240000	1.670000	-1.562500	3.125000	0.030000	0	0	0	
805234	1148	0.000000	2.150000	1.600000	1.520000	0.240000	48.000000	46.000000	6	0.781250	8.593750	0.060000	0.000000	2.140000	1.580000	-1.562500	3.125000	0.030000	0	0	0	
805484	1089	0.000000	2.160000	1.610000	1.510000	0.240000	47.000000	46.000000	6	0.781250	8.593750	0.060000	0.000000	2.110000	1.570000	-1.562500	3.125000	0.030000	0	0	0	
805734	991	0.000000	2.170000	1.650000	1.500000	0.250000	48.000000	46.000000	6	0.781250	8.593750	0.060000	0.000000	2.160000	1.640000	-1.562500	3.125000	0.030000	0	0	0	
806016	857	0.000000	2.490000	1.960000	1.480000	0.300000	48.000000	46.000000	6	0.781250	8.593750	0.060000	0.000000	2.550000	2.010000	-1.562500	3.125000	0.030000	0	0	0	
806297	742	0.000000	3.220000	2.650000	1.520000	0.340000	48.000000	46.000000	6	0.781250	5.468750	0.375000	0.000000	3.040000	2.540000	-1.562500	3.906250	0.060000	0	0	0	
806531	778	0.000000	3.030000	2.570000	1.530000	0.350000	48.000000	46.000000	6	0.781250	5.468750	0.375000	0.000000	2.990000	2.530000	-1.562500	3.906250	0.060000	0	0	0	
806797	789	0.000000	2.860000	2.410000	1.520000	0.340000	48.000000	46.000000	6	0.781250	5.468750	0.375000	0.000000	2.920000	2.480000	-1.562500	3.906250	0.060000	0	0	0	
807047	799	0.000000	2.700000	2.210000	1.520000	0.330000	48.000000	46.000000	6	0.781250	5.468750	0.375000	0.000000	2.780000	2.320000	-1.562500	3.906250	0.060000	0	0	0	
807266	795	0.000000	2.660000	2.150000	1.510000	0.330000	48.000000	46.000000	6	0.781250	0.781250	0.755000	0.000000	2.690000	2.180000	-1.562500	2.343750	0.070000	0	0	0	
807547	745	0.000000	2.610000	2.050000	1.510000	0.330000	48.000000	46.000000	6	0.781250	0.781250	0.755000	0.000000	2.700000	2.180000	-1.562500	2.343750	0.070000	0	0	0	
807984	701	0.000000	2.650000	2.090000	1.510000	0.330000	47.000000	46.000000	6	0.781250	0.781250	0.755000	0.000000	2.670000	2.150000	-1.562500	2.343750	0.070000	0	0	0	
808234	691	0.000000	2.610000	2.050000	1.500000	0.340000	47.000000	46.000000	6	0.781250	-3.906250	0.795000	0.000000	2.710000	2.200000	-1.562500	2.343750	0.080000	0	0	0	
808500	671	0.000000	2.590000	2.030000	1.500000	0.340000	48.000000	46.000000	6	0.781250	-3.906250	0.795000	0.000000	2.680000	2.170000	-1.562500	-1.562500	0.080000	0	0	0	
808781	664	0.000000	2.570000	2.010000	1.500000	0.340000	47.000000	46.000000	6	0.781250	-3.906250	0.795000	0.000000	2.640000	2.080000	-1.562500	-1.562500	0.080000	0	0	0	
809031	656	0.000000	2.560000	1.990000	1.500000	0.340000	47.000000	46.000000	6	0.781250	-3.906250	0.795000	0.000000	2.640000	2.100000	-1.562500	-1.562500	0.080000	0	0	0	
809313	638	0.000000	2.550000	1.970000	1.510000	0.340000	47.000000	46.000000	6	0.781250	-7.812500	0.815000	0.000000	2.650000	2.090000	-1.562500	-1.562500	0.085000	0	0	0	
809578	626	0.000000	2.570000	2.020000	1.500000	0.340000	48.000000	46.000000	6	0.781250	-7.812500	0.815000	0.000000	2.630000	2.070000	-1.562500	-5.468750	0.085000	0	0	0	
809844	606	0.000000	2.600000	2.040000	1.500000	0.340000	48.000000	46.000000	6	0.781250	-7.812500	0.815000	0.000000	2.640000	2.100000	-1.562500	-5.468750	0.085000	0	0	0	
810109	594	0.000000	2.620000	2.060000	1.500000	0.340000	48.000000	46.000000	6	0.781250	-7.812500	0.815000	0.000000	2.710000	2.200000	-1.562500	-5.468750	0.085000	0	0	0	
810359	590	0.000000	2.670000	2.130000	1.500000	0.340000	48.000000	46.000000	6	0.781250	-7.812500	0.815000	0.000000	2.710000	2.210000	-1.562500	-5.468750	0.085000	0	0	0	
810609	586	0.000000	2.680000	2.150000	1.500000	0.350000	47.000000	46.000000	6	0.781250	-11.718750	0.820000	0.000000	2.750000	2.250000	-1.562500	-9.375000	0.090000	0	0	0	
810875	583	0.000000	2.700000	2.180000	1.500000	0.350000	48.000000	46.000000	6	0.781250	-11.718750	0.820000	0.000000	2.820000	2.330000	-1.562500	-9.375000	0.090000	0	0	0	
811141	583	0.000000	2.800000	2.320000	1.500000	0.350000	47.000000	46.000000	6	0.781250	-11.718750	0.820000	0.000000	2.860000	2.380000	-1.562500	-9.375000	0.090000	0	0	0	
811406	583	0.000000	2.850000	2.370000	1.500000	0.360000	47.000000	46.000000	6	0.781250	-11.718750	0.820000	0.000000	2.940000	2.470000	-1.562500	-9.375000	0.090000	0	0	0	
811656	581	0.000000	2.860000	2.380000	1.480000	0.360000	48.000000	46.000000	6	0.781250	-13.281250	0.820000	0.000000	3.020000	2.540000	-1.562500	-10.156250	0.100000	0	0	0	
811906	580	0.000000	2.910000	2.430000	1.500000	0.360000	48.000000	46.000000	6	0.781250	-13.281250	0.820000	0.000000	3.020000	2.540000	-1.562500	-10.156250	0.100000	0	0	0	
812188	568	0.000000	3.080000	2.600000	1.500000	0.370000	48.000000	46.000000	6	0.781250	-13.281250	0.820000	0.000000	3.250000	2.700000	-1.562500	-10.156250	0.100000	0	0	0	
812422	574	0.000000	3.020000	2.530000	1.500000	0.370000	48.000000	46.000000	6	0.781250	-13.281250	0.820000	0.000000	3.200000	2.680000	-1.562500	-10.156250	0.100000	0	0	0	
812672	578	0.000000	3.060000	2.570000	1.510000	0.370000	48.000000	46.000000	6	0.781250	-12.500000	0.810000	0.000000	3.100000	2.610000	-1.562500	-9.375000	0.120000	0	0	0	
812938	592	0.000000	3.030000	2.540000	1.500000	0.370000	48.000000	46.000000	6	0.781250	-12.500000	0.810000	0.000000	3.070000	2.600000	-1.562500	-9.375000	0.120000	0	0	0	
813344	594	0.000000	3.010000	2.510000	1.510000	0.360000	48.000000	46.000000	6	0.781250	-12.500000	0.810000	0.000000	3.170000	2.650000	-1.562500	-9.375000	0.120000	0	0	0	
813594	596	0.000000	3.050000	2.560000	1.500000	0.360000	48.000000	46.000000	6	0.781250	-12.500000	0.810000	0.000000	3.100000	2.610000	-1.562500	-9.375000	0.120000	0	0	0	
813859	596	0.000000	3.010000	2.520000	1.510000	0.360000	48.000000	46.000000	6	0.781250	-10.156250	0.790000	0.000000	3.180000	2.670000	-1.562500	-7.812500	0.175000	0	0	0	
814109	592	0.000000	3.050000	2.550000	1.500000	0.360000	48.000000	46.000000	6	0.781250	-10.156250	0.790000	0.000000	3.210000	2.690000	-1.562500	-7.812500	0.175000	0	0	0	
814391	600	0.000000	3.060000	2.580000	1.500000	0.360000	48.000000	46.000000	6	0.781250	-10.156250	0.790000	0.000000	3.130000	2.620000	-1.562500	-7.812500	0.175000	0	0	0	
814656	600	0.000000	3.020000	2.540000	1.510000	0.360000	48.000000	46.000000	6	0.781250	-10.156250	0.790000	0.000000	3.180000	2.660000	-1.562500	-7.812500	0.175000	0	0	0	
814922	599	0.000000	3.030000	2.550000	1.510000	0.360000	48.000000	46.000000	6	0.781250	-7.031250	0.750000	0.000000	3.190000	2.670000	-1.562500	-7.031250	0.385000	0	0	0	
815172	596	0.000000	3.130000	2.610000	1.500000	0.360000	48.000000	46.000000	6	0.781250	-7.031250	0.750000	0.000000	3.140000	2.620000	-1.562500	-7.031250	0.385000	0	0	0	
815438	599	0.000000	3.070000	2.570000	1.500000	0.360000	48.000000	46.000000	6	0.781250	-7.031250	0.750000	0.000000	3.200000	2.680000	-1.562500	-7.031250	0.385000	0	0	0	
815734	603	0.000000	3.070000	2.590000	1.510000	0.360000	48.000000	46.000000	6	0.781250	-7.031250	0.750000	0.000000	3.200000	2.690000	-1.562500	-7.031250	0.385000	0	0	0	
815984	622	0.000000	3.310000	2.750000	1.490000	0.390000	48.000000	46.000000	6	0.781250	-4.687500	0.670000	0.000000	3.390000	2.810000	-1.562500	-6.250000	0.620000	0	0	0	
816250	643	0.000000	4.890000	3.860000	1.450000	0.540000	48.000000	46.000000	6	0.781250	-4.687500	0.670000	0.000000	5.470000	4.020000	-1.562500	-6.250000	0.620000	0	0	0	
816500	840	0.000000	6.340000	5.160000	1.460000	0.600000	48.000000	46.000000	6	0.781250	-4.687500	0.670000	0.000000	6.150000	5.010000	-1.562500	-6.250000	0.620000	0	0	0	
816781	1198	0.000000	5.810000	4.540000	1.470000	0.560000	48.000000	46.000000	6	0.781250	-4.687500	0.670000	0.000000	5.860000	4.450000	-1.562500	-6.250000	0.620000	0	0	0	
817078	1164	0.000000	5.630000	4.650000	1.440000	0.630000	48.000000	46.000000	6	0.781250	-0.781250	0.430000	0.000000	5.610000	4.190000	-1.562500	0.781250	0.505000	0	0	0	
817344	1102	0.000000	7.170000	5.430000	1.460000	0.720000	48.000000	46.000000	6	0.781250	-0.781250	0.430000	0.000000	6.410000	5.080000	-1.562500	0.781250	0.505000	0	0	0	
817578	1055	0.000000	7.240000	5.460000	1.450000	0.730000	48.000000	46.000000	6	0.781250	-0.781250	0.430000	0.000000	7.170000	5.420000	-1.562500	0.781250	0.505000	0	0	0	
817859	921	0.000000	6.750000	5.230000	1.460000	0.730000	48.000000	46.000000	6	0.781250	-0.781250	0.430000	0.000000	6.480000	5.060000	-1.562500	0.781250	0.505000	0	0	0	
818094	832	0.000000	8.390000	6.330000	1.460000	0.720000	48.000000	46.000000	6	0.781250	0.000000	0.710000	0.000000	7.670000	5.960000	-1.562500	0.000000	0.175000	0	0	0	
818391	1060	0.000000	6.910000	5.050000	1.500000	0.660000	48.000000	46.000000	6	0.781250	0.000000	0.710000	0.000000	6.540000	5.140000	-1.562500	0.000000	0.175000	0	0	0	
818781	1260	0.000000	5.590000	4.320000	1.480000	0.630000	48.000000	46.000000	6	0.781250	0.000000	0.710000	0.000000	5.700000	4.450000	-1.562500	0.000000	0.175000	0	0	0	
819063	1302	0.000000	5.540000	4.240000	1.470000	0.600000	48.000000	46.000000	6	0.781250	0.000000	0.710000	0.000000	5.450000	4.120000	-1.562500	0.000000	0.175000	0	0	0	
819313	1436	0.000000	4.660000	3.510000	1.520000	0.540000	48.000000	46.000000	6	0.781250	-1.562500	0.810000	0.000000	4.770000	3.690000	-1.562500	-2.343750	0.695000	0	0	0	
819547	1496	0.000000	3.500000	2.830000	1.550000	0.410000	48.000000	46.000000	6	0.781250	-1.562500	0.810000	0.000000	4.150000	3.210000	-1.562500	-2.343750	0.695000	0	0	0	
819844	1523	0.000000	3.090000	2.270000	1.530000	0.320000	48.000000	46.000000	6	0.781250	-1.562500	0.810000	0.000000	2.960000	2.200000	-1.562500	-2.343750	0.695000	0	0	0	
820094	1514	0.000000	2.470000	1.890000	1.530000	0.270000	48.000000	46.000000	6	0.781250	-1.562500	0.810000	0.000000	2.430000	1.860000	-1.562500	-2.343750	0.695000	0	0	0	
820313	1491	0.000000	2.330000	1.710000	1.510000	0.250000	48.000000	46.000000	6	0.781250	-4.687500	0.760000	0.000000	2.430000	1.800000	-1.562500	0.781250	0.655000	0	0	0	
820609	1469	0.000000	2.390000	1.750000	1.510000	0.240000	48.000000	46.000000	6	0.781250	-4.687500	0.760000	0.000000	2.400000	1.800000	-1.562500	0.781250	0.655000	0	0	0	
820844	1434	0.000000	2.450000	1.800000	1.510000	0.240000	48.000000	46.000000	6	0.781250	-4.687500	0.760000	0.000000	2.460000	1.800000	-1.562500	0.781250	0.655000	0	0	0	
821125	1375	0.000000	2.370000	1.710000	1.500000	0.240000	48.000000	46.000000	6	0.781250	-4.687500	0.760000	0.000000	2.400000	1.750000	-1.562500	0.781250	0.655000	0	0	0	
821359	1358	0.000000	2.340000	1.690000	1.500000	0.240000	48.000000	46.000000	6	0.781250	7.031250	0.065000	0.000000	2.410000	1.740000	-1.562500	7.812500	0.020000	0	0	0	
821641	1288	0.000000	2.280000	1.650000	1.520000	0.230000	48.000000	46.000000	6	0.781250	7.031250	0.065000	0.000000	2.300000	1.670000	-1.562500	7.812500	0.020000	0	0	0	
821922	1195	0.000000	2.270000	1.650000	1.510000	0.240000	48.000000	46.000000	6	0.781250	7.031250	0.065000	0.000000	2.330000	1.710000	-1.562500	7.812500	0.020000	0	0	0	
822172	1140	0.000000	2.350000	1.790000	1.500000	0.250000	48.000000	46.000000	6	0.781250	7.031250	0.065000	0.000000	2.380000	1.820000	-1.562500	7.812500	0.020000	0	0	0	
822438	1064	0.000000	2.360000	1.830000	1.510000	0.250000	48.000000	46.000000	6	0.781250	7.812500	0.090000	0.000000	2.390000	1.870000	-1.562500	9.375000	0.025000	0	0	0	
822703	924	0.000000	2.410000	1.900000	1.500000	0.260000	48.000000	46.000000	6	0.781250	7.812500	0.090000	0.000000	2.510000	1.990000	-1.562500	9.375000	0.025000	0	0	0	
822922	884	0.000000	2.590000	2.060000	1.500000	0.270000	48.000000	46.000000	6	0.781250	7.812500	0.090000	0.000000	2.690000	2.170000	-1.562500	9.375000	0.025000	0	0	0	
823203	804	0.000000	2.750000	2.260000	1.510000	0.280000	48.000000	46.000000	6	0.781250	7.812500	0.090000	0.000000	2.720000	2.310000	-1.562500	9.375000	0.025000	0	0	0	
823453	737	0.000000	2.830000	2.340000	1.500000	0.300000	48.000000	46.000000	6	0.781250	7.812500	0.090000	0.000000	2.900000	2.420000	-1.562500	9.375000	0.025000	0	0	0	
823734	713	0.000000	3.070000	2.580000	1.510000	0.330000	48.000000	46.000000	6	0.781250	10.156250	0.085000	0.000000	3.250000	2.690000	-1.562500	10.156250	0.035000	0	0	0	
824141	711	0.000000	3.310000	2.790000	1.520000	0.340000	48.000000	46.000000	6	0.781250	10.156250	0.085000	0.000000	3.290000	2.770000	-1.562500	10.156250	0.035000	0	0	0	
824406	693	0.000000	3.280000	2.760000	1.520000	0.340000	48.000000	46.000000	6	0.781250	10.156250	0.085000	0.000000	3.360000	2.810000	-1.562500	10.156250	0.035000	0	0	0	
824656	708	0.000000	3.150000	2.650000	1.520000	0.340000	48.000000	46.000000	6	0.781250	6.250000	0.110000	0.000000	3.130000	2.640000	-1.562500	4.687500	0.040000	0	0	0	
824906	705	0.000000	3.060000	2.580000	1.510000	0.340000	48.000000	46.000000	6	0.781250	6.250000	0.110000	0.000000	3.030000	2.550000	-1.562500	4.687500	0.040000	0	0	0	
825156	689	0.000000	3.020000	2.540000	1.500000	0.340000	48.000000	46.000000	6	0.781250	6.250000	0.110000	0.000000	3.040000	2.560000	-1.562500	4.687500	0.040000	0	0	0	
825422	675	0.000000	3.030000	2.550000	1.510000	0.340000	48.000000	46.000000	6	0.781250	6.250000	0.110000	0.000000	3.020000	2.540000	-1.562500	4.687500	0.040000	0	0	0	
825656	664	0.000000	3.020000	2.530000	1.500000	0.340000	48.000000	46.000000	6	0.781250	6.250000	0.725000	0.000000	3.010000	2.510000	-1.562500	4.687500	0.040000	0	0	0	
825922	628	0.000000	2.950000	2.470000	1.500000	0.340000	48.000000	46.000000	6	0.781250	0.781250	0.725000	0.000000	3.010000	2.520000	-1.562500	-0.781250	0.040000	0	0	0	
826172	616	0.000000	2.950000	2.490000	1.510000	0.340000	48.000000	46.000000	6	0.781250	0.781250	0.725000	0.000000	3.010000	2.530000	-1.562500	-0.781250	0.040000	0	0	0	
826422	608	0.000000	3.010000	2.540000	1.520000	0.340000	48.000000	46.000000	6	0.781250	0.781250	0.725000	0.000000	3.010000	2.540000	-1.562500	-0.781250	0.040000	0	0	0	
826672	596	0.000000	3.020000	2.550000	1.520000	0.340000	48.000000	46.000000	6	0.781250	0.781250	0.725000	0.000000	3.090000	2.600000	-1.562500	-0.781250	0.040000	0	0	0	
826953	597	0.000000	3.010000	2.530000	1.510000	0.340000	48.000000	46.000000	6	0.781250	-3.125000	0.790000	0.000000	3.060000	2.590000	-1.562500	-3.125000	0.045000	0	0	0	
827234	597	0.000000	3.050000	2.570000	1.510000	0.350000	48.000000	46.000000	6	0.781250	-3.125000	0.790000	0.000000	3.060000	2.580000	-1.562500	-3.125000	0.045000	0	0	0	
827484	600	0.000000	3.040000	2.570000	1.480000	0.380000	48.000000	46.000000	6	0.781250	-3.125000	0.790000	0.000000	3.210000	2.700000	-1.562500	-3.125000	0.045000	0	0	0	
827703	658	0.000000	3.690000	3.480000	1.480000	0.450000	48.000000	46.000000	6	0.781250	-3.125000	0.790000	0.000000	4.090000	3.220000	-1.562500	-3.125000	0.045000	0	0	0	
827969	850	0.000000	4.970000	3.990000	1.490000	0.500000	48.000000	46.000000	6	0.781250	-5.468750	0.810000	0.000000	4.940000	3.960000	-1.562500	-3.125000	0.050000	0	0	0	
828219	1051	0.000000	5.170000	4.000000	1.470000	0.490000	48.000000	46.000000	6	0.781250	-5.468750	0.810000	0.000000	5.620000	4.040000	-1.562500	-3.125000	0.050000	0	0	0	
828469	1190	0.000000	4.550000	3.270000	1.480000	0.470000	48.000000	46.000000	6	0.781250	-5.468750	0.810000	0.000000	4.750000	3.440000	-1.562500	-3.125000	0.050000	0	0	0	
828750	1257	0.000000	4.030000	3.040000	1.480000	0.470000	48.000000	46.000000	6	0.781250	-5.468750	0.810000	0.000000	4.030000	3.050000	-1.562500	-3.125000	0.050000	0	0	0	
829000	1155	0.000000	4.430000	3.290000	1.480000	0.530000	48.000000	46.000000	6	0.781250	-5.468750	0.785000	0.000000	4.690000	3.400000	-1.562500	-1.562500	0.705000	0	0	0	
829422	1107	0.000000	5.640000	4.180000	1.500000	0.570000	48.000000	46.000000	6	0.781250	-5.468750	0.785000	0.000000	4.990000	3.920000	-1.562500	-1.562500	0.705000	0	0	0	
829688	1083	0.000000	5.610000	4.090000	1.480000	0.580000	48.000000	46.000000	6	0.781250	-5.468750	0.785000	0.000000	4.960000	3.810000	-1.562500	-1.562500	0.705000	0	0	0	
829938	1036	0.000000	5.050000	3.810000	1.480000	0.580000	48.000000	47.000000	6	0.781250	-5.468750	0.785000	0.000000	5.030000	3.820000	-1.562500	-1.562500	0.705000	0	0	0	
830156	961	0.000000	4.760000	3.570000	1.520000	0.530000	48.000000	47.000000	6	0.781250	-6.250000	0.135000	0.000000	4.980000	3.250000	-1.562500	-6.250000	0.105000	0	0	0	
830453	721	0.000000	4.550000	3.460000	1.510000	0.510000	48.000000	47.000000	6	0.781250	-6.250000	0.135000	0.000000	4.520000	3.430000	-1.562500	-6.250000	0.105000	0	0	0	
830672	778	0.000000	4.430000	3.400000	1.540000	0.460000	48.000000	47.000000	6	0.781250	-6.250000	0.135000	0.000000	4.320000	3.340000	-1.562500	-6.250000	0.105000	0	0	0	
830906	900	0.000000	3.470000	2.730000	1.520000	0.400000	48.000000	47.000000	6	0.781250	-6.250000	0.135000	0.000000	3.800000	3.020000	-1.562500	-6.250000	0.105000	0	0	0	
831156	947	0.000000	2.910000	2.410000	1.520000	0.360000	48.000000	47.000000	6	0.781250	-7.031250	0.705000	0.000000	3.190000	2.540000	-1.562500	-5.468750	0.605000	0	0	0	
831438	935	0.000000	2.710000	2.200000	1.520000	0.330000	48.000000	47.000000	6	0.781250	-7.031250	0.705000	0.000000	2.800000	2.290000	-1.562500	-5.468750	0.605000	0	0	0	
831688	890	0.000000	2.680000	2.170000	1.510000	0.320000	48.000000	47.000000	6	0.781250	-7.031250	0.705000	0.000000	2.770000	2.250000	-1.562500	-5.468750	0.605000	0	0	0	
831938	857	0.000000	2.720000	2.200000	1.500000	0.320000	48.000000	47.000000	6	0.781250	-7.031250	0.705000	0.000000	2.760000	2.240000	-1.562500	-5.468750	0.605000	0	0	0	
832172	844	0.000000	2.740000	2.240000	1.500000	0.320000	48.000000	47.000000	6	0.781250	-7.031250	0.705000	0.000000	2.790000	2.290000	-1.562500	-5.468750	0.605000	0	0	0	
832422	826	0.000000	2.750000	2.260000	1.510000	0.320000	48.000000	47.000000	6	0.781250	-3.125000	0.705000	0.000000	2.850000	2.380000	-1.562500	0.000000	0.645000	0	0	0	
832672	806	0.000000	2.790000	2.290000	1.500000	0.320000	48.000000	47.000000	6	0.781250	-3.125000	0.705000	0.000000	2.890000	2.410000	-1.562500	0.000000	0.645000	0	0	0	
832953	797	0.000000	2.850000	2.370000	1.500000	0.320000	48.000000	47.000000	6	0.781250	-3.125000	0.705000	0.000000	2.890000	2.410000	-1.562500	0.000000	0.645000	0	0	0	
833203	792	0.000000	2.870000	2.390000	1.500000	0.330000	48.000000	47.000000	6	0.781250	-3.125000	0.705000	0.000000	3.020000	2.520000	-1.562500	0.000000	0.645000	0	0	0	
833453	779	0.000000	2.910000	2.440000	1.490000	0.330000	48.000000	47.000000	6	0.781250	0.781250	0.590000	0.000000	2.980000	2.500000	-1.562500	1.562500	0.635000	0	0	0	
833672	772	0.000000	2.970000	2.490000	1.500000	0.320000	48.000000	47.000000	6	0.781250	0.781250	0.590000	0.000000	3.020000	2.520000	-1.562500	1.562500	0.635000	0	0	0	
833922	760	0.000000	2.860000	2.380000	1.500000	0.320000	48.000000	47.000000	6	0.781250	0.781250	0.590000	0.000000	2.960000	2.480000	-1.562500	1.562500	0.635000	0	0	0	
834156	754	0.000000	2.880000	2.410000	1.490000	0.330000	48.000000	47.000000	6	0.781250	0.781250	0.590000	0.000000	3.020000	2.520000	-1.562500	1.562500	0.635000	0	0	0	
834563	736	0.000000	3.000000	2.510000	1.490000	0.330000	48.000000	47.000000	6	0.781250	1.562500	0.105000	0.000000	2.970000	2.480000	-1.562500	0.781250	0.625000	0	0	0	
834828	732	0.000000	2.980000	2.490000	1.480000	0.340000	48.000000	47.000000	6	0.781250	1.562500	0.105000	0.000000	3.040000	2.530000	-1.562500	0.781250	0.625000	0	0	0	
835078	729	0.000000	3.070000	2.560000	1.500000	0.340000	48.000000	47.000000	6	0.781250	1.562500	0.105000	0.000000	3.040000	2.520000	-1.562500	0.781250	0.625000	0	0	0	
835344	727	0.000000	3.040000	2.550000	1.500000	0.330000	48.000000	47.000000	6	0.781250	1.562500	0.105000	0.000000	3.000000	2.500000	-1.562500	0.781250	0.625000	0	0	0	
835609	729	0.000000	3.010000	2.510000	1.500000	0.340000	48.000000	47.000000	6	0.781250	2.343750	0.100000	0.000000	3.030000	2.530000	-1.562500	0.000000	0.610000	0	0	0	
835891	725	0.000000	2.950000	2.480000	1.500000	0.330000	48.000000	47.000000	6	0.781250	2.343750	0.100000	0.000000	2.970000	2.500000	-1.562500	0.000000	0.610000	0	0	0	
836172	718	0.000000	2.920000	2.450000	1.490000	0.330000	48.000000	47.000000	6	0.781250	2.343750	0.100000	0.000000	2.880000	2.400000	-1.562500	0.000000	0.610000	0	0	0	
836422	712	0.000000	2.940000	2.460000	1.500000	0.330000	48.000000	47.000000	6	0.781250	2.343750	0.100000	0.000000	2.960000	2.480000	-1.562500	0.000000	0.610000	0	0	0	
836672	704	0.000000	2.910000	2.440000	1.500000	0.330000	48.000000	47.000000	6	0.781250	0.000000	0.130000	0.000000	2.910000	2.430000	-1.562500	-2.343750	0.600000	0	0	0	
836938	700	0.000000	2.940000	2.470000	1.490000	0.340000	48.000000	47.000000	6	0.781250	0.000000	0.130000	0.000000	2.900000	2.420000	-1.562500	-2.343750	0.600000	0	0	0	
837203	695	0.000000	2.950000	2.460000	1.500000	0.340000	48.000000	47.000000	6	0.781250	0.000000	0.130000	0.000000	2.940000	2.470000	-1.562500	-2.343750	0.600000	0	0	0	
837438	695	0.000000	3.010000	2.520000	1.500000	0.340000	48.000000	47.000000	6	0.781250	0.000000	0.130000	0.000000	2.930000	2.470000	-1.562500	-2.343750	0.600000	0	0	0	
837703	683	0.000000	3.010000	2.520000	1.500000	0.340000	48.000000	47.000000	6	0.781250	-1.562500	0.710000	0.000000	2.930000	2.470000	-1.562500	-2.343750	0.600000	0	0	0	
837969	681	0.000000	2.970000	2.500000	1.500000	0.340000	48.000000	47.000000	6	0.781250	-1.562500	0.710000	0.000000	3.010000	2.530000	-1.562500	-3.906250	0.600000	0	0	0	
838250	681	0.000000	2.960000	2.490000	1.510000	0.340000	48.000000	47.000000	6	0.781250	-1.562500	0.710000	0.000000	3.020000	2.530000	-1.562500	-3.906250	0.600000	0	0	0	
838531	681	0.000000	3.030000	2.540000	1.500000	0.340000	48.000000	47.000000	6	0.781250	-1.562500	0.710000	0.000000	3.000000	2.510000	-1.562500	-3.906250	0.600000	0	0	0	
838797	686	0.000000	2.940000	2.480000	1.500000	0.340000	48.000000	47.000000	6	0.781250	-3.125000	0.750000	0.000000	3.010000	2.530000	-1.562500	-3.125000	0.605000	0	0	0	
839078	685	0.000000	3.010000	2.530000	1.510000	0.340000	48.000000	47.000000	6	0.781250	-3.125000	0.750000	0.000000	2.980000	2.500000	-1.562500	-3.125000	0.605000	0	0	0	
839313	686	0.000000	3.000000	2.510000	1.510000	0.340000	48.000000	47.000000	6	0.781250	-3.125000	0.750000	0.000000	3.000000	2.510000	-1.562500	-3.125000	0.605000	0	0	0	
839578	684	0.000000	2.940000	2.470000	1.500000	0.340000	48.000000	47.000000	6	0.781250	-3.125000	0.750000	0.000000	3.030000	2.540000	-1.562500	-3.125000	0.605000	0	0	0	
840016	684	0.000000	3.000000	2.510000	1.510000	0.340000	48.000000	47.000000	6	0.781250	-3.906250	0.755000	0.000000	3.010000	2.520000	-1.562500	-3.125000	0.605000	0	0	0	
840266	685	0.000000	2.930000	2.460000	1.500000	0.340000	48.000000	47.000000	6	0.781250	-3.906250	0.755000	0.000000	3.020000	2.540000	-1.562500	-3.125000	0.605000	0	0	0	
840531	673	0.000000	2.920000	2.460000	1.520000	0.340000	48.000000	47.000000	6	0.781250	-3.906250	0.755000	0.000000	3.030000	2.550000	-1.562500	-3.125000	0.605000	0	0	0	
840813	653	0.000000	3.000000	2.510000	1.510000	0.350000	48.000000	47.000000	6	0.781250	-3.906250	0.755000	0.000000	3.050000	2.570000	-1.562500	-3.125000	0.605000	0	0	0	
841094	602	0.000000	3.400000	2.820000	1.470000	0.440000	48.000000	47.000000	6	0.781250	-3.906250	0.740000	0.000000	3.650000	2.990000	-1.562500	-2.343750	0.605000	0	0	0	
841344	540	0.000000	5.500000	4.120000	1.420000	0.700000	48.000000	47.000000	6	0.781250	-3.906250	0.740000	0.000000	5.600000	4.560000	-1.562500	-2.343750	0.605000	0	0	0	
841609	589	0.000000	11.000000	8.290000	1.490000	0.740000	48.000000	47.000000	6	0.781250	-3.906250	0.740000	0.000000	10.640000	8.050000	-1.562500	-2.343750	0.605000	0	0	0	
841859	801	0.000000	6.380000	5.260000	1.500000	0.590000	48.000000	47.000000	6	0.781250	-3.906250	0.740000	0.000000	5.940000	4.950000	-1.562500	-2.343750	0.605000	0	0	0	
842125	890	0.000000	4.900000	3.740000	1.500000	0.490000	48.000000	47.000000	6	0.781250	-2.343750	0.755000	0.000000	4.840000	3.670000	-1.562500	-2.343750	0.625000	0	0	0	
842375	846	0.000000	3.660000	2.890000	1.500000	0.430000	48.000000	47.000000	6	0.781250	-2.343750	0.755000	0.000000	3.660000	2.860000	-1.562500	-2.343750	0.625000	0	0	0	
842641	762	0.000000	3.390000	2.730000	1.500000	0.420000	48.000000	47.000000	6	0.781250	-2.343750	0.755000	0.000000	3.560000	2.810000	-1.562500	-2.343750	0.625000	0	0	0	
842891	731	0.000000	3.350000	2.750000	1.500000	0.420000	48.000000	47.000000	6	0.781250	-2.343750	0.755000	0.000000	3.540000	2.910000	-1.562500	-2.343750	0.625000	0	0	0	
843141	669	0.000000	3.440000	2.870000	1.510000	0.440000	48.000000	47.000000	6	0.781250	-7.031250	0.840000	0.000000	3.600000	2.990000	-1.562500	-3.125000	0.690000	0	0	0	
843391	718	0.000000	3.670000	3.040000	1.500000	0.430000	48.000000	47.000000	6	0.781250	-7.031250	0.840000	0.000000	3.860000	3.160000	-1.562500	-3.125000	0.690000	0	0	0	
843656	738	0.000000	3.860000	3.100000	1.500000	0.430000	48.000000	47.000000	6	0.781250	-7.031250	0.840000	0.000000	4.060000	3.220000	-1.562500	-3.125000	0.690000	0	0	0	
843906	768	0.000000	3.990000	3.150000	1.500000	0.410000	48.000000	47.000000	6	0.781250	-7.031250	0.840000	0.000000	4.030000	3.150000	-1.562500	-3.125000	0.690000	0	0	0	
844172	788	0.000000	3.860000	3.000000	1.510000	0.400000	48.000000	47.000000	6	0.781250	-7.031250	0.845000	0.000000	3.870000	3.060000	-1.562500	-3.125000	0.695000	0	0	0	
844422	838	0.000000	3.680000	2.890000	1.510000	0.390000	48.000000	47.000000	6	0.781250	0.781250	0.845000	0.000000	3.900000	2.990000	-1.562500	3.125000	0.695000	0	0	0	
844672	844	0.000000	3.920000	2.970000	1.500000	0.400000	48.000000	47.000000	6	0.781250	0.781250	0.845000	0.000000	3.930000	2.980000	-1.562500	3.125000	0.695000	0	0	0	
844922	892	0.000000	4.000000	3.100000	1.500000	0.390000	48.000000	47.000000	6	0.781250	0.781250	0.845000	0.000000	4.000000	3.070000	-1.562500	3.125000	0.695000	0	0	0	
845344	925	0.000000	3.740000	2.830000	1.510000	0.370000	48.000000	47.000000	6	0.781250	0.781250	0.830000	0.000000	3.800000	2.900000	-1.562500	3.125000	0.695000	0	0	0	
845594	932	0.000000	3.350000	2.610000	1.510000	0.350000	48.000000	47.000000	6	0.781250	-2.343750	0.830000	0.000000	3.290000	2.590000	-1.562500	-0.781250	0.695000	0	0	0	
845859	960	0.000000	2.860000	2.350000	1.520000	0.330000	48.000000	47.000000	6	0.781250	-2.343750	0.830000	0.000000	2.910000	2.410000	-1.562500	-0.781250	0.695000	0	0	0	
846125	942	0.000000	2.680000	2.160000	1.510000	0.320000	48.000000	47.000000	6	0.781250	-2.343750	0.830000	0.000000	2.800000	2.290000	-1.562500	-0.781250	0.695000	0	0	0	
846375	948	0.000000	2.680000	2.160000	1.510000	0.310000	48.000000	47.000000	6	0.781250	-2.343750	0.830000	0.000000	2.680000	2.170000	-1.562500	-0.781250	0.695000	0	0	0	
846609	937	0.000000	2.620000	2.110000	1.510000	0.310000	48.000000	47.000000	6	0.781250	-7.812500	0.825000	0.000000	2.660000	2.140000	-1.562500	-4.687500	0.710000	0	0	0	
846875	928	0.000000	2.530000	2.020000	1.500000	0.300000	48.000000	47.000000	6	0.781250	-7.812500	0.825000	0.000000	2.630000	2.120000	-1.562500	-4.687500	0.710000	0	0	0	
847125	914	0.000000	2.570000	2.040000	1.510000	0.290000	48.000000	47.000000	6	0.781250	-7.812500	0.825000	0.000000	2.600000	2.080000	-1.562500	-4.687500	0.710000	0	0	0	
847375	905	0.000000	2.550000	2.020000	1.510000	0.300000	48.000000	47.000000	6	0.781250	-7.812500	0.825000	0.000000	2.610000	2.090000	-1.562500	-4.687500	0.710000	0	0	0	
847594	909	0.000000	2.530000	2.000000	1.510000	0.290000	48.000000	47.000000	6	0.781250	-6.250000	0.805000	0.000000	2.640000	2.110000	-1.562500	-2.343750	0.660000	0	0	0	
847844	895	0.000000	2.550000	2.030000	1.510000	0.290000	48.000000	47.000000	6	0.781250	-6.250000	0.805000	0.000000	2.610000	2.090000	-1.562500	-2.343750	0.660000	0	0	0	
848094	880	0.000000	2.520000	2.000000	1.500000	0.290000	48.000000	47.000000	6	0.781250	-6.250000	0.805000	0.000000	2.590000	2.060000	-1.562500	-2.343750	0.660000	0	0	0	
848344	877	0.000000	2.470000	1.940000	1.510000	0.280000	48.000000	47.000000	6	0.781250	-6.250000	0.805000	0.000000	2.560000	2.040000	-1.562500	-2.343750	0.660000	0	0	0	
848609	847	0.000000	2.450000	1.920000	1.500000	0.290000	47.000000	47.000000	6	0.781250	-5.468750	0.720000	0.000000	2.550000	2.030000	-1.562500	-2.343750	0.640000	0	0	0	
848875	852	0.000000	2.620000	2.090000	1.500000	0.300000	48.000000	47.000000	6	0.781250	-5.468750	0.720000	0.000000	2.650000	2.130000	-1.562500	-2.343750	0.640000	0	0	0	
849141	835	0.000000	2.680000	2.160000	1.500000	0.300000	48.000000	47.000000	6	0.781250	-5.468750	0.720000	0.000000	2.750000	2.260000	-1.562500	-2.343750	0.640000	0	0	0	
849359	809	0.000000	2.850000	2.380000	1.490000	0.330000	48.000000	47.000000	6	0.781250	-5.468750	0.720000	0.000000	2.780000	2.280000	-1.562500	-2.343750	0.640000	0	0	0	
849625	845	0.000000	3.150000	2.630000	1.490000	0.350000	48.000000	47.000000	6	0.781250	-5.468750	0.720000	0.000000	3.160000	2.640000	-1.562500	-2.343750	0.640000	0	0	0	
849891	806	0.000000	3.620000	2.830000	1.500000	0.370000	48.000000	47.000000	6	0.781250	-1.562500	0.630000	0.000000	3.660000	2.830000	-1.562500	-1.562500	0.655000	0	0	0	
850141	813	0.000000	4.010000	3.020000	1.480000	0.410000	48.000000	47.000000	6	0.781250	-1.562500	0.630000	0.000000	4.040000	3.050000	-1.562500	-1.562500	0.655000	0	0	0	
850516	874	0.000000	4.500000	3.310000	1.480000	0.450000	48.000000	47.000000	6	0.781250	-1.562500	0.630000	0.000000	4.370000	3.180000	-1.562500	-1.562500	0.655000	0	0	0	
850797	939	0.000000	4.640000	3.370000	1.470000	0.480000	48.000000	47.000000	6	0.781250	-1.562500	0.105000	0.000000	4.630000	3.370000	-1.562500	-1.562500	0.670000	0	0	0	
851031	980	0.000000	4.850000	3.550000	1.490000	0.490000	48.000000	47.000000	6	0.781250	-1.562500	0.105000	0.000000	4.710000	3.390000	-1.562500	-2.343750	0.670000	0	0	0	
851266	1036	0.000000	4.750000	3.420000	1.490000	0.500000	48.000000	47.000000	6	0.781250	-1.562500	0.105000	0.000000	4.530000	3.240000	-1.562500	-2.343750	0.670000	0	0	0	
851516	1085	0.000000	4.520000	3.250000	1.490000	0.500000	48.000000	47.000000	6	0.781250	-1.562500	0.105000	0.000000	4.460000	3.190000	-1.562500	-2.343750	0.670000	0	0	0	
851766	1151	0.000000	4.540000	3.280000	1.480000	0.490000	47.000000	47.000000	6	0.781250	-1.562500	0.105000	0.000000	4.190000	3.110000	-1.562500	-2.343750	0.670000	0	0	0	
852000	1205	0.000000	4.230000	3.190000	1.480000	0.460000	48.000000	47.000000	6	0.781250	-3.125000	0.375000	0.000000	4.000000	2.940000	-1.562500	-7.031250	0.710000	0	0	0	
852250	1252	0.000000	3.750000	2.860000	1.500000	0.400000	48.000000	47.000000	6	0.781250	-3.125000	0.375000	0.000000	3.740000	2.840000	-1.562500	-7.031250	0.710000	0	0	0	
852516	1274	0.000000	3.090000	2.290000	1.520000	0.320000	48.000000	47.000000	6	0.781250	-3.125000	0.375000	0.000000	3.220000	2.370000	-1.562500	-7.031250	0.710000	0	0	0	
852766	1274	0.000000	2.440000	1.840000	1.520000	0.270000	48.000000	47.000000	6	0.781250	-3.125000	0.375000	0.000000	2.420000	1.820000	-1.562500	-7.031250	0.710000	0	0	0	
853031	1209	0.000000	2.270000	1.670000	1.500000	0.250000	48.000000	47.000000	6	0.781250	-3.125000	0.655000	0.000000	2.350000	1.750000	-1.562500	-0.781250	0.035000	0	0	0	
853297	1218	0.000000	2.260000	1.660000	1.520000	0.240000	48.000000	47.000000	6	0.781250	-3.125000	0.655000	0.000000	2.350000	1.740000	-1.562500	-0.781250	0.035000	0	0	0	
853547	1160	0.000000	2.270000	1.710000	1.520000	0.240000	48.000000	47.000000	6	0.781250	-3.125000	0.655000	0.000000	2.320000	1.750000	-1.562500	-0.781250	0.035000	0	0	0	
853813	1120	0.000000	2.270000	1.660000	1.520000	0.230000	48.000000	47.000000	6	0.781250	-3.125000	0.655000	0.000000	2.280000	1.710000	-1.562500	-0.781250	0.035000	0	0	0	
854094	1107	0.000000	2.280000	1.740000	1.520000	0.230000	48.000000	47.000000	6	0.781250	11.718750	0.055000	0.000000	2.330000	1.790000	-1.562500	-0.781250	0.015000	0	0	0	
854328	1057	0.000000	2.320000	1.800000	1.510000	0.240000	48.000000	47.000000	6	0.781250	11.718750	0.055000	0.000000	2.320000	1.800000	-1.562500	10.156250	0.015000	0	0	0	
854594	1015	0.000000	2.400000	1.880000	1.510000	0.240000	48.000000	47.000000	6	0.781250	11.718750	0.055000	0.000000	2.380000	1.870000	-1.562500	10.156250	0.015000	0	0	0	
854828	971	0.000000	2.350000	1.840000	1.510000	0.240000	47.000000	47.000000	6	0.781250	11.718750	0.055000	0.000000	2.360000	1.850000	-1.562500	10.156250	0.015000	0	0	0	
855094	949	0.000000	2.430000	1.930000	1.510000	0.250000	48.000000	47.000000	6	0.781250	11.718750	0.055000	0.000000	2.410000	1.900000	-1.562500	10.156250	0.015000	0	0	0	
855328	908	0.000000	2.480000	1.950000	1.510000	0.250000	48.000000	47.000000	6	0.781250	16.406250	0.055000	0.000000	2.430000	1.910000	-1.562500	10.937500	0.025000	0	0	0	
855766	856	0.000000	2.540000	2.020000	1.510000	0.260000	48.000000	47.000000	6	0.781250	16.406250	0.055000	0.000000	2.550000	2.030000	-1.562500	10.937500	0.025000	0	0	0	
856016	851	0.000000	2.640000	2.130000	1.500000	0.260000	47.000000	47.000000	6	0.781250	16.406250	0.055000	0.000000	2.610000	2.090000	-1.562500	10.937500	0.025000	0	0	0	
856281	812	0.000000	2.690000	2.170000	1.520000	0.270000	48.000000	47.000000	6	0.781250	13.281250	0.065000	0.000000	2.670000	2.150000	-1.562500	9.375000	0.035000	0	0	0	
856531	790	0.000000	2.710000	2.200000	1.510000	0.280000	48.000000	47.000000	6	0.781250	13.281250	0.065000	0.000000	2.700000	2.190000	-1.562500	9.375000	0.035000	0	0	0	
856781	772	0.000000	2.720000	2.230000	1.510000	0.290000	47.000000	47.000000	6	0.781250	13.281250	0.065000	0.000000	2.710000	2.200000	-1.562500	9.375000	0.035000	0	0	0	
857063	758	0.000000	2.690000	2.210000	1.510000	0.300000	47.000000	47.000000	6	0.781250	13.281250	0.065000	0.000000	2.720000	2.230000	-1.562500	9.375000	0.035000	0	0	0	
857297	759	0.000000	2.930000	2.460000	1.490000	0.340000	47.000000	47.000000	6	0.781250	5.468750	0.295000	0.000000	3.070000	2.570000	-1.562500	2.343750	0.040000	0	0	0	
857547	780	0.000000	3.780000	3.050000	1.500000	0.370000	47.000000	47.000000	6	0.781250	5.468750	0.295000	0.000000	3.730000	2.970000	-1.562500	2.343750	0.040000	0	0	0	
857797	747	0.000000	3.780000	3.070000	1.530000	0.390000	48.000000	48.000000	6	0.781250	5.468750	0.295000	0.000000	3.780000	3.030000	-1.562500	2.343750	0.040000	0	0	0	
858047	803	0.000000	4.040000	3.100000	1.510000	0.400000	48.000000	47.000000	6	0.781250	5.468750	0.295000	0.000000	4.000000	3.130000	-1.562500	2.343750	0.040000	0	0	0	
858297	797	0.000000	4.390000	3.340000	1.500000	0.430000	48.000000	48.000000	6	0.781250	5.468750	0.295000	0.000000	4.310000	3.290000	-1.562500	2.343750	0.040000	0	0	0	
858531	862	0.000000	4.390000	3.220000	1.500000	0.440000	48.000000	48.000000	6	0.781250	-4.687500	0.820000	0.000000	4.290000	3.180000	-1.562500	-3.125000	0.045000	0	0	0	
858766	903	0.000000	4.350000	3.290000	1.500000	0.480000	48.000000	48.000000	6	0.781250	-4.687500	0.820000	0.000000	4.540000	3.340000	-1.562500	-3.125000	0.045000	0	0	0	
859031	947	0.000000	4.570000	3.340000	1.500000	0.510000	48.000000	48.000000	6	0.781250	-4.687500	0.820000	0.000000	4.760000	3.520000	-1.562500	-3.125000	0.045000	0	0	0	
859266	1024	0.000000	4.930000	3.640000	1.480000	0.540000	48.000000	48.000000	6	0.781250	-4.687500	0.820000	0.000000	4.900000	3.630000	-1.562500	-3.125000	0.045000	0	0	0	
859500	1075	0.000000	5.000000	3.800000	1.480000	0.580000	48.000000	48.000000	6	0.781250	-6.250000	0.830000	0.000000	5.120000	3.900000	-1.562500	-3.125000	0.060000	0	0	0	
859781	1180	0.000000	4.910000	3.760000	1.480000	0.580000	48.000000	48.000000	6	0.781250	-6.250000	0.830000	0.000000	4.980000	3.830000	-1.562500	-3.906250	0.060000	0	0	0	
860016	1249	0.000000	4.830000	3.730000	1.510000	0.560000	48.000000	48.000000	6	0.781250	-6.250000	0.830000	0.000000	4.760000	3.640000	-1.562500	-3.906250	0.060000	0	0	0	
860281	1317	0.000000	4.000000	3.080000	1.540000	0.450000	48.000000	48.000000	6	0.781250	-6.250000	0.830000	0.000000	4.010000	3.100000	-1.562500	-3.906250	0.060000	0	0	0	
860531	1367	0.000000	3.450000	2.540000	1.520000	0.370000	48.000000	48.000000	6	0.781250	-6.250000	0.665000	0.000000	3.430000	2.500000	-1.562500	-3.906250	0.060000	0	0	0	
860938	1401	0.000000	3.120000	2.220000	1.520000	0.340000	47.000000	48.000000	6	0.781250	-0.781250	0.665000	0.000000	2.990000	2.160000	-1.562500	-2.343750	0.050000	0	0	0	
861188	1398	0.000000	2.650000	1.960000	1.510000	0.310000	47.000000	48.000000	6	0.781250	-0.781250	0.665000	0.000000	2.670000	1.970000	-1.562500	-2.343750	0.050000	0	0	0	
861453	1383	0.000000	2.530000	1.870000	1.510000	0.290000	47.000000	48.000000	6	0.781250	-0.781250	0.665000	0.000000	2.480000	1.830000	-1.562500	-2.343750	0.050000	0	0	0	
861703	1359	0.000000	2.470000	1.820000	1.500000	0.290000	47.000000	48.000000	6	0.781250	-7.031250	0.725000	0.000000	2.460000	1.810000	-1.562500	-5.468750	0.730000	0	0	0	
861953	1349	0.000000	2.450000	1.800000	1.500000	0.280000	47.000000	48.000000	6	0.781250	-7.031250	0.725000	0.000000	2.530000	1.880000	-1.562500	-5.468750	0.730000	0	0	0	
862188	1313	0.000000	2.480000	1.840000	1.510000	0.280000	48.000000	48.000000	6	0.781250	-7.031250	0.725000	0.000000	2.570000	1.930000	-1.562500	-5.468750	0.730000	0	0	0	
862422	1295	0.000000	2.530000	1.910000	1.510000	0.280000	48.000000	48.000000	6	0.781250	-7.031250	0.725000	0.000000	2.590000	1.940000	-1.562500	-5.468750	0.730000	0	0	0	
862656	1278	0.000000	2.620000	2.010000	1.510000	0.290000	48.000000	48.000000	6	0.781250	-7.031250	0.725000	0.000000	2.730000	2.040000	-1.562500	-5.468750	0.730000	0	0	0	
862938	1267	0.000000	2.880000	2.110000	1.490000	0.300000	48.000000	48.000000	6	0.781250	8.593750	0.055000	0.000000	2.850000	2.150000	-1.562500	9.375000	0.020000	0	0	0	
863188	1267	0.000000	3.040000	2.260000	1.490000	0.320000	48.000000	48.000000	6	0.781250	8.593750	0.055000	0.000000	2.950000	2.210000	-1.562500	9.375000	0.020000	0	0	0	
863438	1279	0.000000	3.230000	2.350000	1.490000	0.330000	47.000000	48.000000	6	0.781250	8.593750	0.055000	0.000000	3.060000	2.260000	-1.562500	9.375000	0.020000	0	0	0	
863719	1265	0.000000	3.700000	2.670000	1.490000	0.380000	47.000000	48.000000	6	0.781250	8.593750	0.055000	0.000000	3.710000	2.700000	-1.562500	9.375000	0.020000	0	0	0	
863969	1286	0.000000	3.710000	2.870000	1.480000	0.390000	48.000000	48.000000	6	0.781250	4.687500	0.670000	0.000000	3.680000	2.760000	-1.562500	3.125000	0.725000	0	0	0	
864250	1328	0.000000	3.660000	2.760000	1.480000	0.410000	47.000000	48.000000	6	0.781250	4.687500	0.670000	0.000000	3.650000	2.730000	-1.562500	3.125000	0.725000	0	0	0	
864484	1335	0.000000	3.480000	2.640000	1.480000	0.400000	48.000000	48.000000	6	0.781250	4.687500	0.670000	0.000000	3.450000	2.560000	-1.562500	3.125000	0.725000	0	0	0	
864734	1372	0.000000	3.530000	2.580000	1.470000	0.400000	48.000000	48.000000	6	0.781250	4.687500	0.670000	0.000000	3.470000	2.420000	-1.562500	3.125000	0.725000	0	0	0	
865000	1395	0.000000	3.520000	2.470000	1.480000	0.400000	47.000000	48.000000	6	0.781250	-4.687500	0.790000	0.000000	3.510000	2.440000	-1.562500	-7.812500	0.805000	0	0	0	
865250	1426	0.000000	3.450000	2.390000	1.470000	0.400000	48.000000	48.000000	6	0.781250	-4.687500	0.790000	0.000000	3.340000	2.330000	-1.562500	-7.812500	0.805000	0	0	0	
865500	1459	0.000000	3.250000	2.310000	1.500000	0.380000	48.000000	48.000000	6	0.781250	-4.687500	0.790000	0.000000	3.020000	2.180000	-1.562500	-7.812500	0.805000	0	0	0	
865766	1480	0.000000	3.140000	2.250000	1.490000	0.380000	48.000000	48.000000	6	0.781250	-4.687500	0.790000	0.000000	2.990000	2.160000	-1.562500	-7.812500	0.805000	0	0	0	
866125	1514	0.000000	2.810000	2.090000	1.510000	0.350000	47.000000	48.000000	6	0.781250	-10.156250	0.805000	0.000000	2.860000	2.130000	-1.562500	-10.156250	0.775000	0	0	0	
866391	1519	0.000000	2.680000	2.050000	1.540000	0.340000	48.000000	48.000000	6	0.781250	-10.156250	0.805000	0.000000	2.610000	1.990000	-1.562500	-10.156250	0.775000	0	0	0	
866641	1539	0.000000	2.590000	1.970000	1.520000	0.330000	48.000000	48.000000	6	0.781250	-10.156250	0.805000	0.000000	2.680000	2.030000	-1.562500	-10.156250	0.775000	0	0	0	
866891	1474	0.000000	2.360000	1.780000	1.550000	0.290000	48.000000	48.000000	6	0.781250	-10.156250	0.805000	0.000000	2.440000	1.870000	-1.562500	-10.156250	0.775000	0	0	0	
867172	1430	0.000000	2.380000	1.750000	1.520000	0.260000	47.000000	48.000000	6	0.781250	6.250000	0.365000	0.000000	2.350000	1.720000	-1.562500	-10.156250	0.025000	0	0	0	
867422	1490	0.000000	2.380000	1.770000	1.530000	0.240000	48.000000	48.000000	6	0.781250	6.250000	0.365000	0.000000	2.370000	1.760000	-1.562500	8.593750	0.025000	0	0	0	
867719	1424	0.000000	2.280000	1.640000	1.520000	0.230000	47.000000	48.000000	6	0.781250	6.250000	0.365000	0.000000	2.220000	1.580000	-1.562500	8.593750	0.025000	0	0	0	
867953	1375	0.000000	2.260000	1.610000	1.520000	0.230000	47.000000	48.000000	6	0.781250	6.250000	0.365000	0.000000	2.110000	1.470000	-1.562500	8.593750	0.025000	0	0	0	
868219	1358	0.000000	2.230000	1.600000	1.500000	0.240000	47.000000	48.000000	6	0.781250	6.250000	0.065000	0.000000	2.090000	1.460000	-1.562500	8.593750	0.640000	0	0	0	
868453	1293	0.000000	2.130000	1.500000	1.510000	0.230000	48.000000	48.000000	6	0.781250	10.156250	0.065000	0.000000	2.090000	1.460000	-1.562500	0.781250	0.640000	0	0	0	
868688	1260	0.000000	2.110000	1.480000	1.510000	0.220000	48.000000	48.000000	6	0.781250	10.156250	0.065000	0.000000	2.050000	1.430000	-1.562500	0.781250	0.640000	0	0	0	
868938	1219	0.000000	2.030000	1.430000	1.510000	0.230000	48.000000	48.000000	6	0.781250	10.156250	0.065000	0.000000	2.060000	1.470000	-1.562500	0.781250	0.640000	0	0	0	
869203	1161	0.000000	1.960000	1.380000	1.530000	0.230000	47.000000	48.000000	6	0.781250	10.156250	0.065000	0.000000	2.100000	1.530000	-1.562500	0.781250	0.640000	0	0	0	
869453	1112	0.000000	1.910000	1.380000	1.530000	0.230000	48.000000	48.000000	6	0.781250	-3.125000	0.845000	0.000000	2.070000	1.540000	-1.562500	8.593750	0.010000	0	0	0	
869734	1045	0.000000	1.910000	1.370000	1.530000	0.230000	47.000000	48.000000	6	0.781250	-3.125000	0.845000	0.000000	2.090000	1.560000	-1.562500	8.593750	0.010000	0	0	0	
870000	1018	0.000000	1.930000	1.410000	1.520000	0.240000	47.000000	48.000000	6	0.781250	-3.125000	0.845000	0.000000	2.170000	1.660000	-1.562500	8.593750	0.010000	0	0	0	
870250	948	0.000000	1.910000	1.380000	1.510000	0.240000	48.000000	48.000000	6	0.781250	-3.125000	0.845000	0.000000	2.180000	1.660000	-1.562500	8.593750	0.010000	0	0	0	
870484	875	0.000000	2.140000	1.610000	1.490000	0.290000	48.000000	48.000000	6	0.781250	-1.562500	0.770000	0.000000	2.390000	1.850000	-1.562500	12.500000	0.015000	0	0	0	
870750	734	0.000000	2.880000	2.400000	1.510000	0.340000	48.000000	48.000000	6	0.781250	-1.562500	0.770000	0.000000	3.230000	2.670000	-1.562500	12.500000	0.015000	0	0	0	
870984	751	0.000000	2.970000	2.500000	1.520000	0.340000	48.000000	48.000000	6	0.781250	-1.562500	0.770000	0.000000	3.300000	2.740000	-1.562500	12.500000	0.015000	0	0	0	
871406	768	0.000000	3.000000	2.520000	1.530000	0.340000	48.000000	48.000000	6	0.781250	-1.562500	0.770000	0.000000	2.990000	2.530000	-1.562500	12.500000	0.015000	0	0	0	
871656	760	0.000000	2.890000	2.440000	1.510000	0.340000	47.000000	48.000000	6	0.781250	8.593750	0.665000	0.000000	2.990000	2.510000	-1.562500	9.375000	0.025000	0	0	0	
871891	743	0.000000	2.840000	2.360000	1.500000	0.340000	47.000000	48.000000	6	0.781250	8.593750	0.665000	0.000000	2.830000	2.360000	-1.562500	9.375000	0.025000	0	0	0	
872156	717	0.000000	2.800000	2.320000	1.500000	0.340000	47.000000	48.000000	6	0.781250	8.593750	0.665000	0.000000	2.820000	2.330000	-1.562500	9.375000	0.025000	0	0	0	
872406	703	0.000000	2.740000	2.250000	1.500000	0.340000	47.000000	48.000000	6	0.781250	8.593750	0.665000	0.000000	2.830000	2.350000	-1.562500	9.375000	0.025000	0	0	0	
872641	681	0.000000	2.710000	2.220000	1.510000	0.340000	47.000000	48.000000	6	0.781250	4.687500	0.535000	0.000000	2.790000	2.300000	-1.562500	4.687500	0.025000	0	0	0	
872906	668	0.000000	2.700000	2.200000	1.500000	0.340000	47.000000	48.000000	6	0.781250	4.687500	0.535000	0.000000	2.710000	2.220000	-1.562500	4.687500	0.025000	0	0	0	
873125	655	0.000000	2.700000	2.180000	1.510000	0.340000	47.000000	48.000000	6	0.781250	4.687500	0.535000	0.000000	2.770000	2.270000	-1.562500	4.687500	0.025000	0	0	0	
873375	630	0.000000	2.700000	2.180000	1.510000	0.340000	47.000000	48.000000	6	0.781250	4.687500	0.535000	0.000000	2.770000	2.270000	-1.562500	4.687500	0.025000	0	0	0	
873625	618	0.000000	2.740000	2.240000	1.500000	0.340000	47.000000	48.000000	6	0.781250	4.687500	0.615000	0.000000	2.740000	2.250000	-1.562500	4.687500	0.030000	0	0	0	
873891	606	0.000000	2.710000	2.190000	1.500000	0.340000	47.000000	48.000000	6	0.781250	0.781250	0.615000	0.000000	2.780000	2.300000	-1.562500	1.562500	0.030000	0	0	0	
874172	593	0.000000	2.690000	2.200000	1.520000	0.340000	47.000000	48.000000	6	0.781250	0.781250	0.615000	0.000000	2.780000	2.320000	-1.562500	1.562500	0.030000	0	0	0	
874453	590	0.000000	2.720000	2.260000	1.530000	0.350000	47.000000	48.000000	6	0.781250	0.781250	0.615000	0.000000	2.770000	2.290000	-1.562500	1.562500	0.030000	0	0	0	
874719	591	0.000000	2.690000	2.210000	1.520000	0.350000	47.000000	48.000000	6	0.781250	-3.125000	0.725000	0.000000	2.800000	2.340000	-1.562500	1.562500	0.030000	0	0	0	
874969	591	0.000000	2.690000	2.180000	1.530000	0.350000	47.000000	48.000000	6	0.781250	-3.125000	0.725000	0.000000	2.780000	2.320000	-1.562500	-1.562500	0.030000	0	0	0	
875188	581	0.000000	2.700000	2.210000	1.520000	0.350000	47.000000	48.000000	6	0.781250	-3.125000	0.725000	0.000000	2.750000	2.260000	-1.562500	-1.562500	0.030000	0	0	0	
875438	584	0.000000	2.680000	2.120000	1.520000	0.350000	47.000000	48.000000	6	0.781250	-3.125000	0.725000	0.000000	2.720000	2.230000	-1.562500	-1.562500	0.030000	0	0	0	
875719	586	0.000000	2.640000	2.110000	1.520000	0.360000	47.000000	48.000000	6	0.781250	-3.125000	0.725000	0.000000	2.740000	2.250000	-1.562500	-1.562500	0.030000	0	0	0	
875984	586	0.000000	2.670000	2.140000	1.510000	0.360000	47.000000	48.000000	6	0.781250	-6.250000	0.775000	0.000000	2.700000	2.190000	-1.562500	-3.906250	0.035000	0	0	0	
876250	587	0.000000	2.670000	2.150000	1.500000	0.360000	47.000000	48.000000	6	0.781250	-6.250000	0.775000	0.000000	2.710000	2.210000	-1.562500	-3.906250	0.035000	0	0	0	
876641	586	0.000000	2.630000	2.100000	1.510000	0.360000	47.000000	48.000000	6	0.781250	-6.250000	0.775000	0.000000	2.750000	2.250000	-1.562500	-3.906250	0.035000	0	0	0	
876875	586	0.000000	2.650000	2.120000	1.500000	0.360000	47.000000	48.000000	6	0.781250	-6.250000	0.775000	0.000000	2.700000	2.180000	-1.562500	-3.906250	0.035000	0	0	0	
877094	588	0.000000	2.620000	2.070000	1.510000	0.360000	47.000000	48.000000	6	0.781250	-7.812500	0.790000	0.000000	2.700000	2.190000	-1.562500	-4.687500	0.035000	0	0	0	
877359	587	0.000000	2.600000	2.050000	1.520000	0.360000	47.000000	48.000000	6	0.781250	-7.812500	0.790000	0.000000	2.750000	2.260000	-1.562500	-4.687500	0.035000	0	0	0	
877625	587	0.000000	2.670000	2.150000	1.510000	0.360000	47.000000	48.000000	6	0.781250	-7.812500	0.790000	0.000000	2.740000	2.240000	-1.562500	-4.687500	0.035000	0	0	0	
877859	590	0.000000	2.660000	2.120000	1.510000	0.360000	47.000000	48.000000	6	0.781250	-7.812500	0.790000	0.000000	2.700000	2.210000	-1.562500	-4.687500	0.035000	0	0	0	
878109	589	0.000000	2.660000	2.110000	1.510000	0.360000	47.000000	48.000000	6	0.781250	-6.250000	0.780000	0.000000	2.750000	2.260000	-1.562500	-3.125000	0.040000	0	0	0	
878359	591	0.000000	2.700000	2.190000	1.490000	0.370000	47.000000	48.000000	6	0.781250	-6.250000	0.780000	0.000000	2.760000	2.270000	-1.562500	-3.125000	0.040000	0	0	0	
878625	592	0.000000	2.710000	2.190000	1.490000	0.370000	47.000000	48.000000	6	0.781250	-6.250000	0.780000	0.000000	2.770000	2.270000	-1.562500	-3.125000	0.040000	0	0	0	
878875	592	0.000000	2.710000	2.190000	1.510000	0.370000	47.000000	48.000000	6	0.781250	-6.250000	0.780000	0.000000	2.830000	2.360000	-1.562500	-3.125000	0.040000	0	0	0	
879109	596	0.000000	2.790000	2.290000	1.510000	0.370000	47.000000	48.000000	6	0.781250	-3.906250	0.750000	0.000000	2.870000	2.390000	-1.562500	-0.781250	0.045000	0	0	0	
879375	601	0.000000	2.790000	2.290000	1.500000	0.370000	47.000000	48.000000	6	0.781250	-3.906250	0.750000	0.000000	2.840000	2.360000	-1.562500	-0.781250	0.045000	0	0	0	
879625	606	0.000000	2.720000	2.220000	1.500000	0.370000	47.000000	48.000000	6	0.781250	-3.906250	0.750000	0.000000	2.860000	2.380000	-1.562500	-0.781250	0.045000	0	0	0	
879891	641	0.000000	2.700000	2.180000	1.470000	0.420000	47.000000	48.000000	6	0.781250	-3.906250	0.750000	0.000000	2.820000	2.350000	-1.562500	-0.781250	0.045000	0	0	0	
880125	684	0.000000	4.770000	3.720000	1.460000	0.520000	47.000000	48.000000	6	0.781250	-3.906250	0.750000	0.000000	4.910000	3.880000	-1.562500	-0.781250	0.045000	0	0	0	
880359	915	0.000000	5.810000	4.340000	1.460000	0.570000	47.000000	48.000000	6	0.781250	0.000000	0.695000	0.000000	5.840000	4.540000	-1.562500	3.906250	0.050000	0	0	0	
880656	1201	0.000000	5.620000	3.870000	1.490000	0.560000	47.000000	48.000000	6	0.781250	0.000000	0.695000	0.000000	5.690000	4.220000	-1.562500	3.906250	0.050000	0	0	0	
880891	1176	0.000000	5.040000	3.890000	1.460000	0.620000	47.000000	48.000000	6	0.781250	0.000000	0.695000	0.000000	5.050000	3.900000	-1.562500	3.906250	0.050000	0	0	0	
881141	1046	0.000000	5.930000	4.620000	1.460000	0.720000	47.000000	48.000000	6	0.781250	0.000000	0.695000	0.000000	6.030000	4.780000	-1.562500	3.906250	0.050000	0	0	0	
881422	955	0.000000	6.460000	5.060000	1.470000	0.720000	47.000000	48.000000	6	0.781250	0.000000	0.695000	0.000000	6.420000	5.040000	-1.562500	0.000000	0.695000	0	0	0	
881859	750	0.000000	6.540000	5.310000	1.500000	0.750000	47.000000	48.000000	6	0.781250	0.000000	0.695000	0.000000	6.350000	5.200000	-1.562500	0.000000	0.695000	0	0	0	
882094	865	0.000000	6.230000	5.080000	1.500000	0.690000	47.000000	48.000000	6	0.781250	0.000000	0.695000	0.000000	6.070000	4.960000	-1.562500	0.000000	0.695000	0	0	0	
882359	1028	0.000000	5.710000	4.240000	1.500000	0.640000	47.000000	48.000000	6	0.781250	-4.687500	0.700000	0.000000	5.620000	4.130000	-1.562500	0.000000	0.700000	0	0	0	
882625	1115	0.000000	4.400000	3.180000	1.510000	0.550000	47.000000	48.000000	6	0.781250	-4.687500	0.700000	0.000000	4.010000	3.050000	-1.562500	-0.781250	0.700000	0	0	0	
882875	1220	0.000000	3.200000	2.440000	1.520000	0.420000	47.000000	48.000000	6	0.781250	-4.687500	0.700000	0.000000	3.370000	2.520000	-1.562500	-0.781250	0.700000	0	0	0	
883125	1205	0.000000	2.500000	1.920000	1.540000	0.340000	47.000000	48.000000	6	0.781250	-4.687500	0.700000	0.000000	2.470000	1.890000	-1.562500	-0.781250	0.700000	0	0	0	
883391	1228	0.000000	2.380000	1.790000	1.520000	0.300000	47.000000	48.000000	6	0.781250	-4.687500	0.080000	0.000000	2.430000	1.800000	-1.562500	-0.781250	0.020000	0	0	0	
883641	1195	0.000000	2.330000	1.760000	1.520000	0.280000	47.000000	48.000000	6	0.781250	6.250000	0.080000	0.000000	2.380000	1.810000	-1.562500	8.593750	0.020000	0	0	0	
883906	1220	0.000000	2.440000	1.840000	1.510000	0.270000	47.000000	48.000000	6	0.781250	6.250000	0.080000	0.000000	2.420000	1.820000	-1.562500	8.593750	0.020000	0	0	0	
884188	1165	0.000000	2.480000	1.910000	1.510000	0.260000	47.000000	48.000000	6	0.781250	6.250000	0.080000	0.000000	2.460000	1.890000	-1.562500	8.593750	0.020000	0	0	0	
884469	1176	0.000000	2.470000	1.900000	1.510000	0.250000	47.000000	48.000000	6	0.781250	6.250000	0.080000	0.000000	2.520000	1.950000	-1.562500	8.593750	0.020000	0	0	0	
884719	1128	0.000000	2.430000	1.880000	1.520000	0.240000	47.000000	48.000000	6	0.781250	25.000000	0.040000	0.000000	2.440000	1.900000	-1.562500	25.000000	0.015000	0	0	0	
884969	1119	0.000000	2.370000	1.840000	1.520000	0.240000	47.000000	48.000000	6	0.781250	25.000000	0.040000	0.000000	2.410000	1.880000	-1.562500	25.000000	0.015000	0	0	0	
885219	1081	0.000000	2.370000	1.830000	1.520000	0.250000	47.000000	48.000000	6	0.781250	25.000000	0.040000	0.000000	2.460000	1.930000	-1.562500	25.000000	0.015000	0	0	0	
885453	1051	0.000000	2.350000	1.840000	1.520000	0.250000	47.000000	48.000000	6	0.781250	25.000000	0.040000	0.000000	2.450000	1.940000	-1.562500	25.000000	0.015000	0	0	0	
885703	1025	0.000000	2.370000	1.860000	1.520000	0.250000	47.000000	48.000000	6	0.781250	18.750000	0.105000	0.000000	2.440000	1.940000	-1.562500	23.437500	0.035000	0	0	0	
885984	1003	0.000000	2.400000	1.890000	1.510000	0.250000	47.000000	48.000000	6	0.781250	18.750000	0.105000	0.000000	2.500000	2.000000	-1.562500	23.437500	0.035000	0	0	0	
886250	969	0.000000	2.380000	1.860000	1.510000	0.250000	47.000000	48.000000	6	0.781250	18.750000	0.105000	0.000000	2.470000	1.970000	-1.562500	23.437500	0.035000	0	0	0	
886484	954	0.000000	2.410000	1.890000	1.500000	0.260000	47.000000	48.000000	6	0.781250	18.750000	0.105000	0.000000	2.460000	1.950000	-1.562500	23.437500	0.035000	0	0	0	
886766	919	0.000000	2.380000	1.850000	1.510000	0.260000	47.000000	48.000000	6	0.781250	14.062500	0.760000	0.000000	2.470000	1.950000	-1.562500	16.406250	0.075000	0	0	0	
887203	860	0.000000	2.440000	1.930000	1.510000	0.270000	47.000000	48.000000	6	0.781250	14.062500	0.760000	0.000000	2.510000	1.990000	-1.562500	16.406250	0.075000	0	0	0	
887469	824	0.000000	2.530000	1.970000	1.510000	0.280000	47.000000	48.000000	6	0.781250	14.062500	0.760000	0.000000	2.590000	2.060000	-1.562500	16.406250	0.075000	0	0	0	
887719	756	0.000000	2.550000	2.050000	1.500000	0.300000	47.000000	48.000000	6	0.781250	14.062500	0.760000	0.000000	2.640000	2.110000	-1.562500	16.406250	0.075000	0	0	0	
887969	725	0.000000	2.710000	2.200000	1.500000	0.320000	47.000000	48.000000	6	0.781250	7.812500	0.810000	0.000000	2.780000	2.270000	-1.562500	10.156250	0.675000	0	0	0	
888219	687	0.000000	2.860000	2.390000	1.530000	0.340000	47.000000	48.000000	6	0.781250	7.812500	0.810000	0.000000	2.900000	2.450000	-1.562500	10.156250	0.675000	0	0	0	
888484	692	0.000000	3.000000	2.530000	1.530000	0.350000	47.000000	48.000000	6	0.781250	7.812500	0.810000	0.000000	3.080000	2.610000	-1.562500	10.156250	0.675000	0	0	0	
888750	711	0.000000	2.920000	2.470000	1.530000	0.340000	47.000000	48.000000	6	0.781250	7.812500	0.810000	0.000000	3.100000	2.620000	-1.562500	10.156250	0.675000	0	0	0	
889000	717	0.000000	2.870000	2.420000	1.530000	0.340000	47.000000	48.000000	6	0.781250	1.562500	0.835000	0.000000	2.870000	2.420000	-1.562500	2.343750	0.680000	0	0	0	
889234	719	0.000000	2.800000	2.310000	1.520000	0.340000	47.000000	48.000000	6	0.781250	1.562500	0.835000	0.000000	2.870000	2.420000	-1.562500	2.343750	0.680000	0	0	0	
889484	713	0.000000	2.770000	2.280000	1.530000	0.340000	47.000000	48.000000	6	0.781250	1.562500	0.835000	0.000000	2.800000	2.330000	-1.562500	2.343750	0.680000	0	0	0	
889734	687	0.000000	2.760000	2.300000	1.510000	0.340000	47.000000	48.000000	6	0.781250	1.562500	0.835000	0.000000	2.780000	2.300000	-1.562500	2.343750	0.680000	0	0	0	
889984	671	0.000000	2.700000	2.220000	1.520000	0.340000	47.000000	48.000000	6	0.781250	1.562500	0.835000	0.000000	2.770000	2.300000	-1.562500	2.343750	0.680000	0	0	0	
890250	660	0.000000	2.700000	2.210000	1.510000	0.340000	47.000000	48.000000	6	0.781250	-1.562500	0.840000	0.000000	2.790000	2.300000	-1.562500	-1.562500	0.675000	0	0	0	
890500	625	0.000000	2.740000	2.250000	1.500000	0.340000	47.000000	48.000000	6	0.781250	-1.562500	0.840000	0.000000	2.770000	2.270000	-1.562500	-1.562500	0.675000	0	0	0	
890734	589	0.000000	2.720000	2.220000	1.510000	0.340000	47.000000	48.000000	6	0.781250	-1.562500	0.840000	0.000000	2.860000	2.380000	-1.562500	-1.562500	0.675000	0	0	0	
890984	594	0.000000	2.770000	2.280000	1.520000	0.350000	47.000000	48.000000	6	0.781250	-1.562500	0.840000	0.000000	2.860000	2.410000	-1.562500	-1.562500	0.675000	0	0	0	
891250	594	0.000000	2.750000	2.300000	1.540000	0.350000	47.000000	48.000000	6	0.781250	-3.906250	0.845000	0.000000	2.790000	2.350000	-1.562500	-2.343750	0.665000	0	0	0	
891500	588	0.000000	2.750000	2.300000	1.530000	0.350000	47.000000	48.000000	6	0.781250	-3.906250	0.845000	0.000000	2.800000	2.360000	-1.562500	-2.343750	0.665000	0	0	0	
891750	586	0.000000	2.730000	2.260000	1.530000	0.350000	47.000000	48.000000	6	0.781250	-3.906250	0.845000	0.000000	2.840000	2.390000	-1.562500	-2.343750	0.665000	0	0	0	
892016	584	0.000000	2.760000	2.280000	1.530000	0.350000	47.000000	48.000000	6	0.781250	-3.906250	0.845000	0.000000	2.780000	2.320000	-1.562500	-2.343750	0.665000	0	0	0	
892438	584	0.000000	2.740000	2.250000	1.530000	0.350000	47.000000	48.000000	6	0.781250	-5.468750	0.840000	0.000000	2.840000	2.380000	-1.562500	-3.906250	0.660000	0	0	0	
892750	587	0.000000	2.740000	2.240000	1.520000	0.360000	47.000000	48.000000	6	0.781250	-5.468750	0.840000	0.000000	2.840000	2.380000	-1.562500	-3.906250	0.660000	0	0	0	
893016	590	0.000000	2.770000	2.280000	1.510000	0.360000	47.000000	49.000000	6	0.781250	-5.468750	0.840000	0.000000	2.800000	2.330000	-1.562500	-3.906250	0.660000	0	0	0	
893266	592	0.000000	2.760000	2.270000	1.510000	0.360000	47.000000	48.000000	6	0.781250	-5.468750	0.840000	0.000000	2.880000	2.420000	-1.562500	-3.906250	0.660000	0	0	0	
893500	589	0.000000	2.780000	2.290000	1.500000	0.360000	47.000000	49.000000	6	0.781250	-5.468750	0.830000	0.000000	2.910000	2.440000	-1.562500	-3.125000	0.660000	0	0	0	
893766	594	0.000000	2.810000	2.340000	1.510000	0.360000	47.000000	49.000000	6	0.781250	-5.468750	0.830000	0.000000	2.860000	2.400000	-1.562500	-3.125000	0.660000	0	0	0	
894016	594	0.000000	2.770000	2.300000	1.520000	0.360000	47.000000	49.000000	6	0.781250	-5.468750	0.830000	0.000000	2.920000	2.450000	-1.562500	-3.125000	0.660000	0	0	0	
894266	598	0.000000	2.780000	2.300000	1.520000	0.360000	46.000000	49.000000	6	0.781250	-5.468750	0.830000	0.000000	2.920000	2.460000	-1.562500	-3.125000	0.660000	0	0	0	
894547	604	0.000000	2.800000	2.330000	1.520000	0.360000	47.000000	49.000000	6	0.781250	-4.687500	0.820000	0.000000	2.850000	2.390000	-1.562500	-1.562500	0.660000	0	0	0	
894797	603	0.000000	2.770000	2.280000	1.520000	0.350000	46.000000	49.000000	6	0.781250	-4.687500	0.820000	0.000000	2.880000	2.420000	-1.562500	-1.562500	0.660000	0	0	0	
895047	605	0.000000	2.760000	2.260000	1.500000	0.360000	47.000000	49.000000	6	0.781250	-4.687500	0.820000	0.000000	2.870000	2.400000	-1.562500	-1.562500	0.660000	0	0	0	
895313	606	0.000000	2.790000	2.290000	1.510000	0.350000	47.000000	49.000000	6	0.781250	-4.687500	0.820000	0.000000	2.830000	2.350000	-1.562500	-1.562500	0.660000	0	0	0	
895594	605	0.000000	2.730000	2.230000	1.510000	0.350000	47.000000	49.000000	6	0.781250	-4.687500	0.805000	0.000000	2.820000	2.380000	-1.562500	-1.562500	0.660000	0	0	0	
895844	605	0.000000	2.720000	2.230000	1.510000	0.350000	47.000000	49.000000	6	0.781250	-4.687500	0.805000	0.000000	2.840000	2.380000	-1.562500	-1.562500	0.660000	0	0	0	
896094	603	0.000000	2.770000	2.270000	1.500000	0.350000	47.000000	49.000000	6	0.781250	-4.687500	0.805000	0.000000	2.810000	2.330000	-1.562500	-1.562500	0.660000	0	0	0	
896328	600	0.000000	2.750000	2.260000	1.510000	0.350000	47.000000	49.000000	6	0.781250	-4.687500	0.805000	0.000000	2.830000	2.350000	-1.562500	-1.562500	0.660000	0	0	0	
896609	602	0.000000	2.720000	2.220000	1.500000	0.350000	47.000000	49.000000	6	0.781250	-4.687500	0.790000	0.000000	2.860000	2.390000	-1.562500	-1.562500	0.660000	0	0	0	
896859	601	0.000000	2.750000	2.260000	1.510000	0.350000	46.000000	49.000000	6	0.781250	-4.687500	0.790000	0.000000	2.810000	2.340000	-1.562500	-1.562500	0.660000	0	0	0	
897109	602	0.000000	2.760000	2.270000	1.510000	0.350000	46.000000	49.000000	6	0.781250	-4.687500	0.790000	0.000000	2.810000	2.340000	-1.562500	-1.562500	0.660000	0	0	0	
897344	599	0.000000	2.710000	2.220000	1.510000	0.350000	47.000000	49.000000	6	0.781250	-4.687500	0.790000	0.000000	2.870000	2.410000	-1.562500	-1.562500	0.660000	0	0	0	
897781	603	0.000000	2.760000	2.270000	1.500000	0.350000	46.000000	49.000000	6	0.781250	-3.906250	0.770000	0.000000	2.800000	2.330000	-1.562500	-1.562500	0.660000	0	0	0	
898016	600	0.000000	2.730000	2.230000	1.510000	0.350000	47.000000	49.000000	6	0.781250	-3.906250	0.770000	0.000000	2.870000	2.390000	-1.562500	-1.562500	0.660000	0	0	0	
898266	600	0.000000	2.740000	2.230000	1.500000	0.350000	47.000000	49.000000	6	0.781250	-3.906250	0.770000	0.000000	2.840000	2.370000	-1.562500	-1.562500	0.660000	0	0	0	
898516	605	0.000000	2.720000	2.220000	1.510000	0.340000	47.000000	49.000000	6	0.781250	-3.906250	0.770000	0.000000	2.790000	2.300000	-1.562500	-1.562500	0.660000	0	0	0	
898750	605	0.000000	2.710000	2.180000	1.500000	0.340000	47.000000	49.000000	6	0.781250	-3.906250	0.750000	0.000000	2.770000	2.260000	-1.562500	-1.562500	0.665000	0	0	0	
899016	604	0.000000	2.710000	2.200000	1.500000	0.340000	46.000000	49.000000	6	0.781250	-3.906250	0.750000	0.000000	2.820000	2.330000	-1.562500	-1.562500	0.665000	0	0	0	
899266	605	0.000000	2.730000	2.220000	1.490000	0.340000	47.000000	49.000000	6	0.781250	-3.906250	0.750000	0.000000	2.770000	2.270000	-1.562500	-1.562500	0.665000	0	0	0	
899516	605	0.000000	2.720000	2.200000	1.500000	0.340000	47.000000	49.000000	6	0.781250	-3.906250	0.750000	0.000000	2.770000	2.260000	-1.562500	-1.562500	0.665000	0	0	0	
899766	604	0.000000	2.690000	2.160000	1.500000	0.340000	46.000000	49.000000	6	0.781250	-3.906250	0.750000	0.000000	2.800000	2.310000	-1.562500	-1.562500	0.665000	0	0	0	
900000	605	0.000000	2.720000	2.210000	1.500000	0.340000	46.000000	49.000000	6	0.781250	-3.906250	0.730000	0.000000	2.770000	2.260000	-1.562500	-1.562500	0.665000	0	0	0	
900250	604	0.000000	2.720000	2.190000	1.500000	0.340000	47.000000	49.000000	6	0.781250	-3.906250	0.730000	0.000000	2.750000	2.250000	-1.562500	-1.562500	0.665000	0	0	0	
900500	602	0.000000	2.690000	2.160000	1.500000	0.340000	47.000000	49.000000	6	0.781250	-3.906250	0.730000	0.000000	2.800000	2.310000	-1.562500	-1.562500	0.665000	0	0	0	
900766	601	0.000000	2.750000	2.240000	1.490000	0.350000	47.000000	49.000000	6	0.781250	-3.906250	0.730000	0.000000	2.800000	2.300000	-1.562500	-1.562500	0.665000	0	0	0	
901031	598	0.000000	2.760000	2.260000	1.510000	0.350000	47.000000	49.000000	6	0.781250	-3.125000	0.705000	0.000000	2.810000	2.300000	-1.562500	-0.781250	0.665000	0	0	0	
901266	602	0.000000	2.720000	2.200000	1.490000	0.350000	46.000000	49.000000	6	0.781250	-3.125000	0.705000	0.000000	2.820000	2.330000	-1.562500	-0.781250	0.665000	0	0	0	
901531	606	0.000000	2.730000	2.260000	1.510000	0.350000	47.000000	49.000000	6	0.781250	-3.125000	0.705000	0.000000	2.820000	2.330000	-1.562500	-0.781250	0.665000	0	0	0	
901766	610	0.000000	2.770000	2.260000	1.490000	0.350000	47.000000	49.000000	6	0.781250	-3.125000	0.705000	0.000000	2.800000	2.310000	-1.562500	-0.781250	0.665000	0	0	0	
902000	626	0.000000	3.180000	2.640000	1.470000	0.450000	47.000000	49.000000	6	0.781250	-3.125000	0.705000	0.000000	3.580000	2.950000	-1.562500	-0.781250	0.665000	0	0	0	
902281	684	0.000000	5.880000	4.960000	1.490000	0.590000	47.000000	49.000000	6	0.781250	-0.781250	0.665000	0.000000	5.520000	4.220000	-1.562500	0.781250	0.665000	0	0	0	
902531	940	0.000000	5.820000	4.860000	1.490000	0.590000	47.000000	49.000000	6	0.781250	-0.781250	0.665000	0.000000	5.790000	4.830000	-1.562500	0.781250	0.665000	0	0	0	
902953	1115	0.000000	5.670000	4.190000	1.480000	0.570000	47.000000	49.000000	6	0.781250	-0.781250	0.665000	0.000000	5.620000	4.080000	-1.562500	0.781250	0.665000	0	0	0	
903188	1055	0.000000	5.020000	3.850000	1.470000	0.640000	47.000000	49.000000	6	0.781250	-3.906250	0.625000	0.000000	5.610000	4.030000	-1.562500	-3.125000	0.675000	0	0	0	
903438	950	0.000000	5.910000	4.550000	1.470000	0.680000	47.000000	49.000000	6	0.781250	-3.906250	0.625000	0.000000	5.910000	4.620000	-1.562500	-3.125000	0.675000	0	0	0	
903703	795	0.000000	6.410000	5.130000	1.480000	0.690000	47.000000	49.000000	6	0.781250	-3.906250	0.625000	0.000000	5.950000	4.830000	-1.562500	-3.125000	0.675000	0	0	0	
903938	693	0.000000	7.930000	6.270000	1.490000	0.760000	47.000000	49.000000	6	0.781250	-3.906250	0.625000	0.000000	6.640000	5.350000	-1.562500	-3.125000	0.675000	0	0	0	
904203	879	0.000000	7.490000	6.000000	1.510000	0.670000	46.000000	49.000000	6	0.781250	0.000000	0.680000	0.000000	7.180000	5.840000	-1.562500	0.781250	0.660000	0	0	0	
904453	928	0.000000	6.020000	4.910000	1.520000	0.620000	47.000000	49.000000	6	0.781250	0.000000	0.680000	0.000000	5.730000	4.570000	-1.562500	0.781250	0.660000	0	0	0	
904734	995	0.000000	4.420000	3.210000	1.530000	0.500000	47.000000	49.000000	6	0.781250	0.000000	0.680000	0.000000	4.540000	3.320000	-1.562500	0.781250	0.660000	0	0	0	
904984	1039	0.000000	3.400000	2.630000	1.540000	0.420000	47.000000	49.000000	6	0.781250	0.000000	0.680000	0.000000	3.410000	2.660000	-1.562500	0.781250	0.660000	0	0	0	
905234	1056	0.000000	2.880000	2.330000	1.520000	0.370000	47.000000	49.000000	6	0.781250	-7.812500	0.810000	0.000000	2.980000	2.420000	-1.562500	0.781250	0.665000	0	0	0	
905500	1083	0.000000	2.830000	2.230000	1.520000	0.350000	47.000000	49.000000	6	0.781250	-7.812500	0.810000	0.000000	2.870000	2.310000	-1.562500	-4.687500	0.665000	0	0	0	
905750	1068	0.000000	2.850000	2.270000	1.510000	0.340000	47.000000	49.000000	6	0.781250	-7.812500	0.810000	0.000000	2.870000	2.260000	-1.562500	-4.687500	0.665000	0	0	0	
906031	1077	0.000000	2.840000	2.230000	1.510000	0.330000	46.000000	49.000000	6	0.781250	-7.812500	0.810000	0.000000	2.900000	2.290000	-1.562500	-4.687500	0.665000	0	0	0	
906297	1077	0.000000	2.830000	2.240000	1.520000	0.320000	46.000000	49.000000	6	0.781250	-7.812500	0.810000	0.000000	2.900000	2.300000	-1.562500	-4.687500	0.665000	0	0	0	
906547	1077	0.000000	2.870000	2.290000	1.520000	0.310000	47.000000	49.000000	6	0.781250	2.343750	0.260000	0.000000	2.870000	2.280000	-1.562500	3.125000	0.030000	0	0	0	
906813	1073	0.000000	2.830000	2.240000	1.520000	0.310000	47.000000	49.000000	6	0.781250	2.343750	0.260000	0.000000	2.830000	2.240000	-1.562500	3.125000	0.030000	0	0	0	
907063	1073	0.000000	2.780000	2.180000	1.510000	0.310000	47.000000	49.000000	6	0.781250	2.343750	0.260000	0.000000	2.840000	2.260000	-1.562500	3.125000	0.030000	0	0	0	
907297	1069	0.000000	2.760000	2.180000	1.510000	0.300000	47.000000	49.000000	6	0.781250	2.343750	0.260000	0.000000	2.780000	2.200000	-1.562500	3.125000	0.030000	0	0	0	
907547	1063	0.000000	2.790000	2.200000	1.510000	0.300000	47.000000	49.000000	6	0.781250	2.343750	0.070000	0.000000	2.800000	2.220000	-1.562500	4.687500	0.030000	0	0	0	
907797	1056	0.000000	2.740000	2.170000	1.500000	0.300000	47.000000	49.000000	6	0.781250	2.343750	0.070000	0.000000	2.800000	2.230000	-1.562500	4.687500	0.030000	0	0	0	
908219	1040	0.000000	2.740000	2.180000	1.500000	0.300000	47.000000	49.000000	6	0.781250	2.343750	0.070000	0.000000	2.760000	2.220000	-1.562500	4.687500	0.030000	0	0	0	
908469	1046	0.000000	2.730000	2.170000	1.500000	0.300000	46.000000	49.000000	6	0.781250	2.343750	0.070000	0.000000	2.790000	2.220000	-1.562500	4.687500	0.030000	0	0	0	
908734	1036	0.000000	2.740000	2.190000	1.510000	0.290000	47.000000	49.000000	6	0.781250	3.125000	0.080000	0.000000	2.730000	2.190000	-1.562500	3.125000	0.060000	0	0	0	
908969	1024	0.000000	2.590000	2.090000	1.510000	0.280000	47.000000	49.000000	6	0.781250	3.125000	0.080000	0.000000	2.560000	2.070000	-1.562500	3.125000	0.060000	0	0	0	
909219	1012	0.000000	2.560000	2.060000	1.510000	0.280000	47.000000	49.000000	6	0.781250	3.125000	0.080000	0.000000	2.530000	2.030000	-1.562500	3.125000	0.060000	0	0	0	
909453	988	0.000000	2.480000	1.980000	1.510000	0.270000	47.000000	49.000000	6	0.781250	3.125000	0.080000	0.000000	2.520000	2.020000	-1.562500	3.125000	0.060000	0	0	0	
909688	966	0.000000	2.480000	1.970000	1.510000	0.270000	47.000000	49.000000	6	0.781250	3.125000	0.090000	0.000000	2.460000	1.960000	-1.562500	2.343750	0.095000	0	0	0	
909938	953	0.000000	2.480000	1.970000	1.500000	0.270000	47.000000	49.000000	6	0.781250	3.125000	0.090000	0.000000	2.480000	1.970000	-1.562500	2.343750	0.095000	0	0	0	
910203	924	0.000000	2.560000	2.030000	1.500000	0.280000	47.000000	49.000000	6	0.781250	3.125000	0.090000	0.000000	2.640000	2.110000	-1.562500	2.343750	0.095000	0	0	0	
910453	915	0.000000	2.810000	2.280000	1.500000	0.290000	47.000000	49.000000	6	0.781250	3.125000	0.090000	0.000000	2.820000	2.300000	-1.562500	2.343750	0.095000	0	0	0	
910703	885	0.000000	2.830000	2.320000	1.510000	0.300000	46.000000	49.000000	6	0.781250	3.125000	0.090000	0.000000	2.870000	2.350000	-1.562500	2.343750	0.095000	0	0	0	
910938	891	0.000000	2.840000	2.320000	1.500000	0.300000	46.000000	49.000000	6	0.781250	4.687500	0.090000	0.000000	2.960000	2.420000	-1.562500	6.250000	0.055000	0	0	0	
911172	879	0.000000	2.840000	2.310000	1.500000	0.310000	46.000000	49.000000	6	0.781250	4.687500	0.090000	0.000000	2.950000	2.420000	-1.562500	6.250000	0.055000	0	0	0	
911406	872	0.000000	2.890000	2.370000	1.500000	0.310000	46.000000	49.000000	6	0.781250	4.687500	0.090000	0.000000	2.920000	2.400000	-1.562500	6.250000	0.055000	0	0	0	
911656	828	0.000000	2.820000	2.340000	1.490000	0.310000	47.000000	49.000000	6	0.781250	4.687500	0.090000	0.000000	2.940000	2.460000	-1.562500	6.250000	0.055000	0	0	0	
911938	832	0.000000	2.780000	2.280000	1.500000	0.310000	46.000000	49.000000	6	0.781250	-0.781250	0.165000	0.000000	2.930000	2.460000	-1.562500	1.562500	0.070000	0	0	0	
912156	833	0.000000	2.790000	2.300000	1.500000	0.310000	47.000000	49.000000	6	0.781250	-0.781250	0.165000	0.000000	2.810000	2.340000	-1.562500	1.562500	0.070000	0	0	0	
912422	825	0.000000	2.790000	2.290000	1.500000	0.320000	47.000000	49.000000	6	0.781250	-0.781250	0.165000	0.000000	2.840000	2.360000	-1.562500	1.562500	0.070000	0	0	0	
912672	785	0.000000	2.770000	2.270000	1.500000	0.320000	47.000000	49.000000	6	0.781250	-0.781250	0.165000	0.000000	2.870000	2.380000	-1.562500	1.562500	0.070000	0	0	0	
912922	801	0.000000	2.810000	2.330000	1.500000	0.320000	47.000000	49.000000	6	0.781250	-3.906250	0.770000	0.000000	2.850000	2.370000	-1.562500	-1.562500	0.095000	0	0	0	
913359	805	0.000000	2.790000	2.290000	1.500000	0.320000	46.000000	49.000000	6	0.781250	-3.906250	0.770000	0.000000	2.880000	2.410000	-1.562500	-1.562500	0.095000	0	0	0	
913641	799	0.000000	2.760000	2.300000	1.540000	0.320000	46.000000	49.000000	6	0.781250	-3.906250	0.770000	0.000000	2.840000	2.390000	-1.562500	-1.562500	0.095000	0	0	0	
913891	787	0.000000	2.820000	2.370000	1.520000	0.330000	46.000000	49.000000	6	0.781250	-3.906250	0.770000	0.000000	2.850000	2.410000	-1.562500	-1.562500	0.095000	0	0	0	
914125	812	0.000000	2.780000	2.320000	1.520000	0.320000	46.000000	49.000000	6	0.781250	-3.125000	0.795000	0.000000	2.890000	2.440000	-1.562500	-0.781250	0.180000	0	0	0	
914344	822	0.000000	2.790000	2.320000	1.520000	0.320000	46.000000	49.000000	6	0.781250	-3.125000	0.795000	0.000000	2.890000	2.430000	-1.562500	-0.781250	0.180000	0	0	0	
914625	807	0.000000	2.830000	2.370000	1.520000	0.320000	47.000000	49.000000	6	0.781250	-3.125000	0.795000	0.000000	2.840000	2.390000	-1.562500	-0.781250	0.180000	0	0	0	
914891	800	0.000000	2.830000	2.370000	1.500000	0.330000	47.000000	49.000000	6	0.781250	-3.125000	0.795000	0.000000	2.880000	2.420000	-1.562500	-0.781250	0.180000	0	0	0	
915141	800	0.000000	2.970000	2.500000	1.490000	0.340000	47.000000	49.000000	6	0.781250	-0.781250	0.765000	0.000000	3.140000	2.630000	-1.562500	-0.781250	0.620000	0	0	0	
915375	799	0.000000	4.000000	3.100000	1.490000	0.400000	46.000000	49.000000	6	0.781250	-0.781250	0.765000	0.000000	3.580000	3.140000	-1.562500	1.562500	0.620000	0	0	0	
915625	816	0.000000	4.290000	3.290000	1.520000	0.440000	46.000000	49.000000	6	0.781250	-0.781250	0.765000	0.000000	4.280000	3.290000	-1.562500	1.562500	0.620000	0	0	0	
915891	881	0.000000	4.840000	3.820000	1.490000	0.500000	47.000000	49.000000	6	0.781250	-0.781250	0.765000	0.000000	4.920000	3.920000	-1.562500	1.562500	0.620000	0	0	0	
916172	928	0.000000	5.580000	4.070000	1.500000	0.520000	46.000000	49.000000	6	0.781250	-0.781250	0.690000	0.000000	5.070000	3.960000	-1.562500	1.562500	0.650000	0	0	0	
916453	1000	0.000000	4.980000	3.700000	1.490000	0.530000	47.000000	49.000000	6	0.781250	1.562500	0.690000	0.000000	5.000000	3.800000	-1.562500	2.343750	0.650000	0	0	0	
916750	1099	0.000000	4.840000	3.540000	1.490000	0.540000	46.000000	49.000000	6	0.781250	1.562500	0.690000	0.000000	4.920000	3.670000	-1.562500	2.343750	0.650000	0	0	0	
917000	1151	0.000000	4.850000	3.570000	1.480000	0.540000	47.000000	49.000000	6	0.781250	1.562500	0.690000	0.000000	4.740000	3.450000	-1.562500	2.343750	0.650000	0	0	0	
917250	1235	0.000000	4.710000	3.380000	1.480000	0.530000	47.000000	49.000000	6	0.781250	-4.687500	0.755000	0.000000	4.670000	3.410000	-1.562500	2.343750	0.745000	0	0	0	
917531	1310	0.000000	4.460000	3.310000	1.470000	0.520000	47.000000	49.000000	6	0.781250	-4.687500	0.755000	0.000000	4.270000	3.230000	-1.562500	-6.250000	0.745000	0	0	0	
917781	1343	0.000000	4.640000	3.380000	1.480000	0.500000	47.000000	49.000000	6	0.781250	-4.687500	0.755000	0.000000	4.110000	3.130000	-1.562500	-6.250000	0.745000	0	0	0	
918031	1399	0.000000	3.800000	3.040000	1.510000	0.420000	47.000000	49.000000	6	0.781250	-4.687500	0.755000	0.000000	3.730000	2.980000	-1.562500	-6.250000	0.745000	0	0	0	
918281	1453	0.000000	3.460000	2.550000	1.510000	0.380000	46.000000	49.000000	6	0.781250	-4.687500	0.620000	0.000000	3.470000	2.560000	-1.562500	-6.250000	0.050000	0	0	0	
918672	1468	0.000000	2.910000	2.140000	1.500000	0.320000	46.000000	49.000000	6	0.781250	-0.781250	0.620000	0.000000	2.850000	2.090000	-1.562500	-0.781250	0.050000	0	0	0	
918922	1478	0.000000	2.620000	1.970000	1.500000	0.310000	46.000000	49.000000	6	0.781250	-0.781250	0.620000	0.000000	2.650000	1.980000	-1.562500	-0.781250	0.050000	0	0	0	
919172	1462	0.000000	2.530000	1.890000	1.510000	0.300000	47.000000	49.000000	6	0.781250	-0.781250	0.620000	0.000000	2.550000	1.920000	-1.562500	-0.781250	0.050000	0	0	0	
919406	1446	0.000000	2.560000	1.900000	1.500000	0.300000	47.000000	49.000000	6	0.781250	-0.781250	0.620000	0.000000	2.550000	1.900000	-1.562500	-0.781250	0.050000	0	0	0	
919641	1449	0.000000	2.500000	1.870000	1.500000	0.300000	46.000000	49.000000	6	0.781250	-7.812500	0.765000	0.000000	2.660000	1.980000	-1.562500	-4.687500	0.710000	0	0	0	
919906	1405	0.000000	2.570000	1.900000	1.500000	0.300000	46.000000	49.000000	6	0.781250	-7.812500	0.765000	0.000000	2.710000	1.990000	-1.562500	-4.687500	0.710000	0	0	0	
920172	1421	0.000000	2.680000	1.970000	1.490000	0.300000	47.000000	49.000000	6	0.781250	-7.812500	0.765000	0.000000	2.630000	1.940000	-1.562500	-4.687500	0.710000	0	0	0	
920422	1382	0.000000	2.570000	1.890000	1.500000	0.300000	46.000000	49.000000	6	0.781250	-7.812500	0.765000	0.000000	2.590000	1.920000	-1.562500	-4.687500	0.710000	0	0	0	
920672	1381	0.000000	2.430000	1.770000	1.510000	0.290000	47.000000	49.000000	6	0.781250	-3.906250	0.700000	0.000000	2.450000	1.790000	-1.562500	-4.687500	0.415000	0	0	0	
920906	1327	0.000000	2.290000	1.670000	1.550000	0.260000	46.000000	49.000000	6	0.781250	-3.906250	0.700000	0.000000	2.270000	1.650000	-1.562500	-4.687500	0.415000	0	0	0	
921156	1339	0.000000	2.140000	1.510000	1.530000	0.250000	46.000000	49.000000	6	0.781250	-3.906250	0.700000	0.000000	2.180000	1.550000	-1.562500	-4.687500	0.415000	0	0	0	
921422	1277	0.000000	2.060000	1.470000	1.550000	0.240000	46.000000	49.000000	6	0.781250	-3.906250	0.700000	0.000000	2.130000	1.530000	-1.562500	-4.687500	0.415000	0	0	0	
921672	1224	0.000000	1.980000	1.400000	1.550000	0.240000	47.000000	49.000000	6	0.781250	-5.468750	0.700000	0.000000	2.080000	1.480000	-1.562500	-2.343750	0.050000	0	0	0	
921922	1190	0.000000	2.020000	1.470000	1.550000	0.230000	47.000000	49.000000	6	0.781250	-5.468750	0.700000	0.000000	2.050000	1.510000	-1.562500	-2.343750	0.050000	0	0	0	
922172	1130	0.000000	2.050000	1.500000	1.540000	0.230000	47.000000	49.000000	6	0.781250	-5.468750	0.700000	0.000000	2.110000	1.570000	-1.562500	-2.343750	0.050000	0	0	0	
922438	1090	0.000000	2.120000	1.570000	1.520000	0.230000	47.000000	49.000000	6	0.781250	-5.468750	0.700000	0.000000	2.150000	1.620000	-1.562500	-2.343750	0.050000	0	0	0	
922688	1061	0.000000	2.140000	1.610000	1.530000	0.240000	47.000000	49.000000	6	0.781250	7.031250	0.050000	0.000000	2.190000	1.660000	-1.562500	8.593750	0.010000	0	0	0	
922969	1029	0.000000	2.150000	1.620000	1.520000	0.230000	46.000000	49.000000	6	0.781250	7.031250	0.050000	0.000000	2.200000	1.680000	-1.562500	8.593750	0.010000	0	0	0	
923219	973	0.000000	2.070000	1.550000	1.510000	0.240000	47.000000	49.000000	6	0.781250	7.031250	0.050000	0.000000	2.160000	1.650000	-1.562500	8.593750	0.010000	0	0	0	
923469	952	0.000000	2.140000	1.610000	1.510000	0.240000	46.000000	49.000000	6	0.781250	7.031250	0.050000	0.000000	2.190000	1.670000	-1.562500	8.593750	0.010000	0	0	0	
923875	907	0.000000	2.130000	1.600000	1.510000	0.240000	47.000000	49.000000	6	0.781250	0.781250	0.070000	0.000000	2.250000	1.720000	-1.562500	3.906250	0.030000	0	0	0	
924125	868	0.000000	2.160000	1.630000	1.530000	0.250000	47.000000	49.000000	6	0.781250	0.781250	0.070000	0.000000	2.220000	1.710000	-1.562500	3.906250	0.030000	0	0	0	
924375	862	0.000000	2.170000	1.650000	1.540000	0.260000	47.000000	49.000000	6	0.781250	0.781250	0.070000	0.000000	2.230000	1.720000	-1.562500	3.906250	0.030000	0	0	0	
924625	816	0.000000	2.240000	1.690000	1.500000	0.290000	46.000000	49.000000	6	0.781250	0.781250	0.070000	0.000000	2.390000	1.850000	-1.562500	3.906250	0.030000	0	0	0	
924891	799	0.000000	3.740000	2.970000	1.490000	0.390000	47.000000	49.000000	6	0.781250	0.781250	0.740000	0.000000	3.160000	2.640000	-1.562500	3.906250	0.030000	0	0	0	
925125	855	0.000000	4.000000	3.080000	1.510000	0.430000	47.000000	49.000000	6	0.781250	-5.468750	0.740000	0.000000	4.030000	3.150000	-1.562500	-2.343750	0.050000	0	0	0	
925375	800	0.000000	4.130000	3.220000	1.500000	0.490000	46.000000	49.000000	6	0.781250	-5.468750	0.740000	0.000000	4.540000	3.460000	-1.562500	-2.343750	0.050000	0	0	0	
925609	897	0.000000	5.050000	3.910000	1.490000	0.540000	46.000000	49.000000	6	0.781250	-5.468750	0.740000	0.000000	5.570000	4.020000	-1.562500	-2.343750	0.050000	0	0	0	
925859	930	0.000000	5.730000	4.180000	1.480000	0.580000	46.000000	49.000000	6	0.781250	-5.468750	0.740000	0.000000	5.590000	4.020000	-1.562500	-2.343750	0.050000	0	0	0	
926156	1055	0.000000	5.680000	4.080000	1.460000	0.630000	47.000000	49.000000	6	0.781250	-2.343750	0.805000	0.000000	5.700000	4.140000	-1.562500	0.000000	0.075000	0	0	0	
926391	1160	0.000000	5.680000	4.180000	1.470000	0.640000	46.000000	49.000000	6	0.781250	-2.343750	0.805000	0.000000	5.720000	4.210000	-1.562500	0.000000	0.075000	0	0	0	
926656	1228	0.000000	5.680000	4.360000	1.460000	0.650000	47.000000	49.000000	6	0.781250	-2.343750	0.805000	0.000000	5.530000	4.070000	-1.562500	0.000000	0.075000	0	0	0	
926922	1369	0.000000	5.530000	4.260000	1.470000	0.650000	46.000000	49.000000	6	0.781250	-2.343750	0.805000	0.000000	5.420000	4.030000	-1.562500	0.000000	0.075000	0	0	0	
927172	1537	0.000000	5.600000	4.320000	1.440000	0.670000	47.000000	49.000000	6	0.781250	-2.343750	0.770000	0.000000	5.460000	4.090000	-1.562500	-8.593750	0.695000	0	0	0	
927422	1646	0.000000	5.890000	4.490000	1.440000	0.660000	47.000000	49.000000	6	0.781250	-2.343750	0.770000	0.000000	5.580000	4.050000	-1.562500	-8.593750	0.695000	0	0	0	
927672	1812	0.000000	6.180000	4.600000	1.460000	0.690000	47.000000	49.000000	6	0.781250	-2.343750	0.770000	0.000000	5.880000	4.330000	-1.562500	-8.593750	0.695000	0	0	0	
927906	1926	0.000000	5.960000	4.450000	1.480000	0.690000	47.000000	49.000000	6	0.781250	-2.343750	0.770000	0.000000	5.750000	4.210000	-1.562500	-8.593750	0.695000	0	0	0	
928141	2108	0.000000	6.260000	4.810000	1.460000	0.700000	47.000000	49.000000	6	0.781250	-2.343750	0.770000	0.000000	5.880000	4.380000	-1.562500	-8.593750	0.695000	0	0	0	
928406	2240	0.000000	6.430000	4.940000	1.460000	0.680000	46.000000	49.000000	6	0.781250	0.000000	0.655000	0.000000	6.090000	4.640000	-1.562500	-3.125000	0.060000	0	0	0	
928641	2412	0.000000	6.470000	4.770000	1.450000	0.660000	46.000000	49.000000	6	0.781250	0.000000	0.655000	0.000000	6.420000	4.720000	-1.562500	-3.125000	0.060000	0	0	0	
929047	2675	0.000000	6.760000	4.710000	1.440000	0.640000	46.000000	50.000000	6	0.781250	0.000000	0.655000	0.000000	6.520000	4.480000	-1.562500	-3.125000	0.060000	0	0	0	
929313	2693	0.000000	3.580000	2.810000	1.600000	0.420000	47.000000	50.000000	6	0.781250	0.000000	0.760000	0.000000	3.420000	2.710000	-1.562500	0.000000	0.710000	0	0	0	
929563	2478	0.000000	0.000000	0.000000	1.870000	0.270000	46.000000	50.000000	6	0.781250	0.000000	0.760000	0.000000	0.000000	0.000000	-1.562500	0.000000	0.710000	0	0	0	
929813	2126	0.000000	0.000000	0.000000	1.990000	0.250000	46.000000	50.000000	6	0.781250	0.000000	0.760000	0.000000	0.000000	0.000000	-1.562500	0.000000	0.710000	0	0	0	
930063	1886	0.000000	0.000000	0.000000	2.060000	0.250000	47.000000	50.000000	6	0.781250	0.000000	0.760000	0.000000	0.000000	0.000000	-1.562500	0.000000	0.710000	0	0	0	
930313	1633	0.000000	2.430000	2.050000	1.970000	0.290000	47.000000	50.000000	6	0.781250	0.000000	0.020000	0.000000	2.640000	2.170000	-1.562500	0.000000	0.000000	0	0	0	
930563	1730	0.000000	2.990000	2.550000	1.780000	0.340000	47.000000	50.000000	6	0.781250	0.000000	0.020000	0.000000	2.910000	2.480000	-1.562500	0.000000	0.000000	0	0	0	
930813	1733	0.000000	3.250000	2.690000	1.610000	0.370000	46.000000	50.000000	6	0.781250	0.000000	0.020000	0.000000	3.250000	2.630000	-1.562500	0.000000	0.000000	0	0	0	
931047	1715	0.000000	3.450000	2.760000	1.500000	0.380000	46.000000	50.000000	6	0.781250	0.000000	0.020000	0.000000	3.380000	2.670000	-1.562500	0.000000	0.000000	0	0	0	
931328	1770	0.000000	3.500000	2.770000	1.510000	0.390000	46.000000	50.000000	6	0.781250	0.000000	0.020000	0.000000	3.440000	2.710000	-1.562500	0.000000	0.000000	0	0	0	
931594	1795	0.000000	3.540000	2.790000	1.490000	0.380000	47.000000	50.000000	6	0.781250	0.000000	0.015000	0.000000	3.480000	2.730000	-1.562500	0.000000	0.000000	0	0	0	
931844	1816	0.000000	3.540000	2.770000	1.500000	0.380000	47.000000	50.000000	6	0.781250	0.000000	0.015000	0.000000	3.490000	2.720000	-1.562500	0.000000	0.000000	0	0	0	
932125	1835	0.000000	3.620000	2.850000	1.490000	0.400000	46.000000	50.000000	6	0.781250	0.000000	0.015000	0.000000	3.510000	2.760000	-1.562500	0.000000	0.000000	0	0	0	
932375	1863	0.000000	4.710000	3.480000	1.490000	0.440000	47.000000	50.000000	6	0.781250	0.000000	0.015000	0.000000	4.420000	3.280000	-1.562500	0.000000	0.000000	0	0	0	
932672	1896	0.000000	4.420000	3.290000	1.480000	0.450000	46.000000	50.000000	6	0.781250	0.000000	0.020000	0.000000	3.900000	3.050000	-1.562500	-1.562500	0.005000	0	0	0	
932891	1917	0.000000	3.630000	2.800000	1.500000	0.410000	46.000000	50.000000	6	0.781250	0.000000	0.020000	0.000000	3.450000	2.640000	-1.562500	-1.562500	0.005000	0	0	0	
933141	1939	0.000000	3.190000	2.310000	1.520000	0.320000	46.000000	50.000000	6	0.781250	0.000000	0.020000	0.000000	2.830000	2.190000	-1.562500	-1.562500	0.005000	0	0	0	
933422	1922	0.000000	2.370000	1.860000	1.510000	0.260000	46.000000	50.000000	6	0.781250	0.000000	0.020000	0.000000	2.250000	1.730000	-1.562500	-1.562500	0.005000	0	0	0	
933703	1944	0.000000	2.320000	1.760000	1.500000	0.240000	46.000000	50.000000	6	0.781250	-6.250000	0.035000	0.000000	2.280000	1.690000	-1.562500	0.781250	0.015000	0	0	0	
933953	1957	0.000000	2.380000	1.800000	1.500000	0.230000	46.000000	50.000000	6	0.781250	-6.250000	0.035000	0.000000	2.310000	1.720000	-1.562500	0.781250	0.015000	0	0	0	
934391	1938	0.000000	2.190000	1.620000	1.490000	0.230000	46.000000	50.000000	6	0.781250	-6.250000	0.035000	0.000000	2.340000	1.770000	-1.562500	0.781250	0.015000	0	0	0	
934656	1904	0.000000	2.160000	1.640000	1.520000	0.230000	46.000000	50.000000	6	0.781250	-6.250000	0.070000	0.000000	2.160000	1.650000	-1.562500	0.781250	0.015000	0	0	0	
934922	1933	0.000000	2.160000	1.650000	1.530000	0.240000	46.000000	50.000000	6	0.781250	0.000000	0.070000	0.000000	2.190000	1.670000	-1.562500	0.000000	0.020000	0	0	0	
935188	1814	0.000000	2.160000	1.650000	1.550000	0.240000	46.000000	50.000000	6	0.781250	0.000000	0.070000	0.000000	2.070000	1.640000	-1.562500	0.000000	0.020000	0	0	0	
935453	1757	0.000000	2.160000	1.650000	1.550000	0.240000	46.000000	50.000000	6	0.781250	0.000000	0.070000	0.000000	2.080000	1.670000	-1.562500	0.000000	0.020000	0	0	0	
935703	1683	0.000000	0.000000	0.000000	1.560000	0.240000	46.000000	50.000000	6	0.781250	0.000000	0.070000	0.000000	0.000000	0.000000	-1.562500	0.000000	0.020000	0	0	0	
935922	1611	0.000000	0.000000	0.000000	1.570000	0.240000	46.000000	50.000000	6	0.781250	0.000000	0.030000	0.000000	0.000000	0.000000	-1.562500	0.000000	0.000000	0	0	0	
936172	1588	0.000000	0.000000	0.000000	1.570000	0.230000	46.000000	50.000000	6	0.781250	0.000000	0.030000	0.000000	0.000000	0.000000	-1.562500	0.000000	0.000000	0	0	0	
936391	1578	0.000000	0.000000	0.000000	1.570000	0.240000	46.000000	50.000000	6	0.781250	0.000000	0.030000	0.000000	0.000000	0.000000	-1.562500	0.000000	0.000000	0	0	0	
936625	1591	0.000000	0.000000	0.000000	1.530000	0.280000	46.000000	50.000000	6	0.781250	0.000000	0.030000	0.000000	0.000000	0.000000	-1.562500	0.000000	0.000000	0	0	0	
936875	1612	0.000000	4.280000	3.220000	1.470000	0.390000	46.000000	50.000000	6	0.781250	0.000000	0.030000	0.000000	4.260000	3.200000	-1.562500	0.000000	0.000000	0	0	0	
937125	1662	0.000000	4.840000	3.660000	1.480000	0.440000	46.000000	50.000000	6	0.781250	0.000000	0.000000	0.000000	4.730000	3.600000	-1.562500	0.000000	0.000000	0	0	0	
937422	1734	0.000000	5.960000	4.440000	1.460000	0.560000	46.000000	50.000000	6	0.781250	0.000000	0.000000	0.000000	5.880000	4.310000	-1.562500	0.000000	0.000000	0	0	0	
937672	1778	0.000000	6.780000	5.030000	1.420000	0.660000	46.000000	50.000000	6	0.781250	0.000000	0.000000	0.000000	6.270000	4.670000	-1.562500	0.000000	0.000000	0	0	0	
937922	1858	0.000000	7.050000	5.280000	1.420000	0.710000	46.000000	50.000000	6	0.781250	0.000000	0.000000	0.000000	6.790000	5.040000	-1.562500	0.000000	0.000000	0	0	0	
938188	1945	0.000000	6.890000	5.320000	1.460000	0.720000	46.000000	50.000000	6	0.781250	-1.562500	0.010000	0.000000	6.500000	4.900000	-1.562500	-3.906250	0.000000	0	0	0	
938422	2023	0.000000	7.220000	5.720000	1.440000	0.730000	46.000000	50.000000	6	0.781250	-1.562500	0.010000	0.000000	6.480000	4.930000	-1.562500	-3.906250	0.000000	0	0	0	
938688	2111	0.000000	7.500000	6.000000	1.460000	0.730000	46.000000	50.000000	6	0.781250	-1.562500	0.010000	0.000000	6.570000	5.080000	-1.562500	-3.906250	0.000000	0	0	0	
938938	2214	0.000000	7.380000	5.960000	1.450000	0.700000	46.000000	50.000000	6	0.781250	-1.562500	0.010000	0.000000	6.580000	5.090000	-1.562500	-3.906250	0.000000	0	0	0	
939188	2314	0.000000	7.310000	5.660000	1.430000	0.680000	46.000000	50.000000	6	0.781250	3.906250	0.075000	0.000000	6.530000	4.920000	-1.562500	1.562500	0.025000	0	0	0	
939594	2455	0.000000	6.960000	5.050000	1.450000	0.660000	46.000000	50.000000	6	0.781250	3.906250	0.075000	0.000000	6.720000	4.850000	-1.562500	1.562500	0.025000	0	0	0	
939844	2442	0.000000	3.280000	2.710000	1.670000	0.350000	46.000000	50.000000	6	0.781250	3.906250	0.075000	0.000000	3.220000	2.570000	-1.562500	1.562500	0.025000	0	0	0	
940125	2296	0.000000	0.000000	0.000000	1.840000	0.250000	45.000000	50.000000	6	0.781250	0.000000	0.825000	0.000000	0.000000	0.000000	-1.562500	1.562500	0.080000	0	0	0	
940328	2008	0.000000	0.000000	0.000000	1.950000	0.250000	46.000000	50.000000	6	0.781250	0.000000	0.825000	0.000000	0.000000	0.000000	-1.562500	0.000000	0.080000	0	0	0	
940594	1801	0.000000	2.140000	1.900000	1.990000	0.250000	46.000000	50.000000	6	0.781250	0.000000	0.825000	0.000000	2.140000	1.880000	-1.562500	0.000000	0.080000	0	0	0	
940859	1765	0.000000	3.210000	2.730000	1.790000	0.340000	46.000000	50.000000	6	0.781250	0.000000	0.825000	0.000000	3.140000	2.690000	-1.562500	0.000000	0.080000	0	0	0	
941125	1761	0.000000	4.520000	3.470000	1.530000	0.430000	46.000000	50.000000	6	0.781250	0.000000	0.825000	0.000000	4.490000	3.400000	-1.562500	0.000000	0.080000	0	0	0	
941375	1751	0.000000	5.570000	4.350000	1.460000	0.550000	46.000000	50.000000	6	0.781250	0.000000	0.035000	0.000000	5.030000	3.940000	-1.562500	0.000000	0.000000	0	0	0	
941641	1815	0.000000	6.620000	4.940000	1.460000	0.660000	45.000000	50.000000	6	0.781250	0.000000	0.035000	0.000000	6.550000	4.900000	-1.562500	0.000000	0.000000	0	0	0	
941875	1854	0.000000	6.660000	5.000000	1.450000	0.690000	45.000000	50.000000	6	0.781250	0.000000	0.035000	0.000000	6.480000	4.840000	-1.562500	0.000000	0.000000	0	0	0	
942141	1885	0.000000	6.550000	4.900000	1.450000	0.700000	46.000000	50.000000	6	0.781250	0.000000	0.035000	0.000000	6.120000	4.530000	-1.562500	0.000000	0.000000	0	0	0	
942375	1922	0.000000	6.570000	4.940000	1.460000	0.700000	45.000000	50.000000	6	0.781250	-4.687500	0.205000	0.000000	5.840000	4.260000	-1.562500	-7.812500	0.030000	0	0	0	
942641	1970	0.000000	6.530000	4.980000	1.470000	0.690000	46.000000	50.000000	6	0.781250	-4.687500	0.205000	0.000000	5.770000	4.220000	-1.562500	-7.812500	0.030000	0	0	0	
942922	2008	0.000000	6.390000	4.910000	1.470000	0.680000	46.000000	50.000000	6	0.781250	-4.687500	0.205000	0.000000	5.690000	4.200000	-1.562500	-7.812500	0.030000	0	0	0	
943172	1972	0.000000	3.690000	3.010000	1.660000	0.400000	45.000000	50.000000	6	0.781250	-4.687500	0.205000	0.000000	3.440000	2.780000	-1.562500	-7.812500	0.030000	0	0	0	
943422	2016	0.000000	2.450000	1.970000	1.740000	0.290000	46.000000	50.000000	6	0.781250	-3.125000	0.820000	0.000000	2.390000	1.920000	-1.562500	-1.562500	0.040000	0	0	0	
943656	1785	0.000000	0.000000	0.000000	1.870000	0.260000	46.000000	50.000000	6	0.781250	-3.125000	0.820000	0.000000	0.000000	0.000000	-1.562500	-1.562500	0.040000	0	0	0	
943938	1520	0.000000	0.000000	0.000000	1.960000	0.250000	46.000000	50.000000	6	0.781250	-3.125000	0.820000	0.000000	0.000000	0.000000	-1.562500	-1.562500	0.040000	0	0	0	
944188	1215	0.000000	2.320000	1.890000	1.940000	0.270000	45.000000	50.000000	6	0.781250	-3.125000	0.820000	0.000000	2.250000	1.760000	-1.562500	-1.562500	0.040000	0	0	0	
944469	1071	0.000000	2.690000	2.310000	1.850000	0.310000	45.000000	50.000000	6	0.781250	-3.125000	0.025000	0.000000	2.670000	2.290000	-1.562500	-1.562500	0.000000	0	0	0	
944875	1595	0.000000	2.880000	2.120000	1.770000	0.280000	45.000000	50.000000	6	0.781250	0.000000	0.025000	0.000000	2.820000	2.200000	-1.562500	0.000000	0.000000	0	0	0	
945156	1927	0.000000	2.280000	1.910000	1.740000	0.240000	46.000000	50.000000	6	0.781250	0.000000	0.025000	0.000000	2.270000	1.890000	-1.562500	0.000000	0.000000	0	0	0	
945391	1698	0.000000	2.190000	1.850000	1.690000	0.240000	45.000000	50.000000	6	0.781250	0.000000	0.025000	0.000000	2.160000	1.860000	-1.562500	0.000000	0.000000	0	0	0	
945656	1480	0.000000	2.210000	1.820000	1.720000	0.230000	46.000000	49.000000	6	0.781250	0.000000	0.030000	0.000000	2.220000	1.830000	-1.562500	0.000000	0.010000	0	0	0	
945906	1184	0.000000	2.210000	1.820000	1.690000	0.280000	45.000000	50.000000	6	0.781250	0.000000	0.030000	0.000000	2.290000	1.830000	-1.562500	0.000000	0.010000	0	0	0	
946172	1470	0.000000	2.410000	1.890000	1.660000	0.260000	45.000000	50.000000	6	0.781250	0.000000	0.030000	0.000000	2.450000	1.930000	-1.562500	0.000000	0.010000	0	0	0	
946422	1492	0.000000	2.550000	1.960000	1.570000	0.280000	45.000000	50.000000	6	0.781250	0.000000	0.030000	0.000000	2.450000	1.940000	-1.562500	0.000000	0.010000	0	0	0	
946672	1546	0.000000	2.650000	2.020000	1.500000	0.290000	45.000000	50.000000	6	0.781250	0.000000	0.035000	0.000000	2.550000	2.000000	-1.562500	0.000000	0.010000	0	0	0	
946906	1533	0.000000	2.690000	2.040000	1.520000	0.300000	45.000000	50.000000	6	0.781250	0.000000	0.035000	0.000000	2.690000	2.040000	-1.562500	0.000000	0.005000	0	0	0	
947156	1572	0.000000	2.710000	2.060000	1.510000	0.300000	45.000000	50.000000	6	0.781250	0.000000	0.035000	0.000000	2.700000	2.060000	-1.562500	0.000000	0.005000	0	0	0	
947406	1542	0.000000	2.720000	2.060000	1.500000	0.300000	45.000000	50.000000	6	0.781250	0.000000	0.035000	0.000000	2.710000	2.050000	-1.562500	0.000000	0.005000	0	0	0	
947688	1580	0.000000	2.690000	2.040000	1.510000	0.290000	45.000000	50.000000	6	0.781250	0.000000	0.035000	0.000000	2.680000	2.040000	-1.562500	0.000000	0.005000	0	0	0	
947938	1563	0.000000	2.700000	2.040000	1.500000	0.290000	45.000000	50.000000	6	0.781250	0.000000	0.040000	0.000000	2.700000	2.030000	-1.562500	0.000000	0.015000	0	0	0	
948172	1581	0.000000	2.550000	1.960000	1.500000	0.270000	45.000000	50.000000	6	0.781250	0.000000	0.040000	0.000000	2.490000	1.930000	-1.562500	0.000000	0.015000	0	0	0	
948438	1590	0.000000	2.250000	1.710000	1.510000	0.250000	45.000000	49.000000	6	0.781250	0.000000	0.040000	0.000000	2.350000	1.790000	-1.562500	0.000000	0.015000	0	0	0	
948672	1597	0.000000	2.180000	1.630000	1.510000	0.230000	45.000000	50.000000	6	0.781250	0.000000	0.040000	0.000000	2.220000	1.670000	-1.562500	0.000000	0.015000	0	0	0	
948922	1596	0.000000	2.200000	1.630000	1.490000	0.230000	45.000000	50.000000	6	0.781250	-3.906250	0.065000	0.000000	2.200000	1.630000	-1.562500	-3.125000	0.055000	0	0	0	
949172	1619	0.000000	2.190000	1.630000	1.530000	0.230000	45.000000	50.000000	6	0.781250	-3.906250	0.065000	0.000000	2.200000	1.630000	-1.562500	-3.125000	0.055000	0	0	0	
949422	1650	0.000000	2.190000	1.630000	1.540000	0.230000	45.000000	49.000000	6	0.781250	-3.906250	0.065000	0.000000	2.200000	1.630000	-1.562500	-3.125000	0.055000	0	0	0	
949688	1605	0.000000	2.190000	1.630000	1.550000	0.230000	45.000000	50.000000	6	0.781250	-3.906250	0.065000	0.000000	2.200000	1.630000	-1.562500	-3.125000	0.055000	0	0	0	
950094	1621	0.000000	2.190000	1.630000	1.560000	0.230000	45.000000	50.000000	6	0.781250	0.000000	0.035000	0.000000	2.200000	1.630000	-1.562500	0.000000	0.000000	0	0	0	
950359	1625	0.000000	0.000000	0.000000	1.560000	0.230000	45.000000	49.000000	6	0.781250	0.000000	0.035000	0.000000	0.000000	0.000000	-1.562500	0.000000	0.000000	0	0	0	
950625	1628	0.000000	0.000000	0.000000	1.570000	0.230000	45.000000	50.000000	6	0.781250	0.000000	0.035000	0.000000	0.000000	0.000000	-1.562500	0.000000	0.000000	0	0	0	
950859	1631	0.000000	0.000000	0.000000	1.570000	0.230000	45.000000	49.000000	6	0.781250	0.000000	0.035000	0.000000	0.000000	0.000000	-1.562500	0.000000	0.000000	0	0	0	
951125	1634	0.000000	0.000000	0.000000	1.570000	0.230000	44.000000	50.000000	6	0.781250	0.000000	0.005000	0.000000	0.000000	0.000000	-1.562500	0.000000	0.000000	0	0	0	
951391	1637	0.000000	0.000000	0.000000	1.570000	0.230000	45.000000	50.000000	6	0.781250	0.000000	0.005000	0.000000	0.000000	0.000000	-1.562500	0.000000	0.000000	0	0	0	
951641	1641	0.000000	0.000000	0.000000	1.570000	0.230000	44.000000	50.000000	6	0.781250	0.000000	0.005000	0.000000	0.000000	0.000000	-1.562500	0.000000	0.000000	0	0	0	
951859	1645	0.000000	0.000000	0.000000	1.570000	0.230000	45.000000	50.000000	6	0.781250	0.000000	0.005000	0.000000	0.000000	0.000000	-1.562500	0.000000	0.000000	0	0	0	
952109	1646	0.000000	0.000000	0.000000	1.570000	0.240000	44.000000	50.000000	6	0.781250	0.000000	0.000000	0.000000	0.000000	0.000000	-1.562500	0.000000	0.000000	0	0	0	
952359	1647	0.000000	0.000000	0.000000	1.570000	0.240000	44.000000	50.000000	6	0.781250	0.000000	0.000000	0.000000	0.000000	0.000000	-1.562500	0.000000	0.000000	0	0	0	
952641	1651	0.000000	0.000000	0.000000	1.570000	0.230000	45.000000	50.000000	6	0.781250	0.000000	0.000000	0.000000	0.000000	0.000000	-1.562500	0.000000	0.000000	0	0	0	
952906	1619	0.000000	0.000000	0.000000	1.560000	0.240000	44.000000	50.000000	6	0.781250	0.000000	0.000000	0.000000	0.000000	0.000000	-1.562500	0.000000	0.000000	0	0	0	
953188	1587	0.000000	0.000000	0.000000	1.580000	0.230000	45.000000	50.000000	6	0.781250	0.000000	0.000000	0.000000	0.000000	0.000000	-1.562500	0.000000	0.000000	0	0	0	
953422	1561	0.000000	0.000000	0.000000	1.590000	0.230000	44.000000	50.000000	6	0.781250	0.000000	0.000000	0.000000	0.000000	0.000000	-1.562500	0.000000	0.000000	0	0	0	
953641	1559	0.000000	0.000000	0.000000	1.580000	0.240000	45.000000	50.000000	6	0.781250	0.000000	0.000000	0.000000	0.000000	0.000000	-1.562500	0.000000	0.000000	0	0	0	
953891	1556	0.000000	0.000000	0.000000	1.590000	0.230000	44.000000	50.000000	6	0.781250	0.000000	0.000000	0.000000	0.000000	0.000000	-1.562500	0.000000	0.000000	0	0	0	
954109	1552	0.000000	0.000000	0.000000	1.580000	0.230000	44.000000	50.000000	6	0.781250	0.000000	0.000000	0.000000	0.000000	0.000000	-1.562500	0.000000	0.000000	0	0	0	
954344	1552	0.000000	0.000000	0.000000	1.590000	0.240000	44.000000	50.000000	6	0.781250	0.000000	0.000000	0.000000	0.000000	0.000000	-1.562500	0.000000	0.000000	0	0	0	
954578	1550	0.000000	0.000000	0.000000	1.590000	0.230000	44.000000	49.000000	6	0.781250	0.000000	0.000000	0.000000	0.000000	0.000000	-1.562500	0.000000	0.000000	0	0	0	
954828	1550	0.000000	0.000000	0.000000	1.590000	0.240000	44.000000	49.000000	6	0.781250	0.000000	0.000000	0.000000	0.000000	0.000000	-1.562500	0.000000	0.000000	0	0	0	
955234	1555	0.000000	0.000000	0.000000	1.590000	0.230000	44.000000	49.000000	6	0.781250	0.000000	0.000000	0.000000	0.000000	0.000000	-1.562500	0.000000	0.000000	0	0	0	
955500	1549	0.000000	0.000000	0.000000	1.590000	0.230000	44.000000	50.000000	6	0.781250	0.000000	0.000000	0.000000	0.000000	0.000000	-1.562500	0.000000	0.000000	0	0	0	
955719	1527	0.000000	0.000000	0.000000	1.590000	0.230000	44.000000	50.000000	6	0.781250	0.000000	0.000000	0.000000	0.000000	0.000000	-1.562500	0.000000	0.000000	0	0	0	
955984	1504	0.000000	0.000000	0.000000	1.590000	0.230000	44.000000	50.000000	6	0.781250	0.000000	0.000000	0.000000	0.000000	0.000000	-1.562500	0.000000	0.000000	0	0	0	
956250	1443	0.000000	0.000000	0.000000	1.590000	0.230000	44.000000	50.000000	6	0.781250	0.000000	0.000000	0.000000	0.000000	0.000000	-1.562500	0.000000	0.000000	0	0	0	
956469	1412	0.000000	0.000000	0.000000	1.590000	0.230000	44.000000	50.000000	6	0.781250	0.000000	0.000000	0.000000	0.000000	0.000000	-1.562500	0.000000	0.000000	0	0	0	
956734	1369	0.000000	0.000000	0.000000	1.590000	0.230000	44.000000	49.000000	6	0.781250	0.000000	0.000000	0.000000	0.000000	0.000000	-1.562500	0.000000	0.000000	0	0	0	
956938	1330	0.000000	0.000000	0.000000	1.590000	0.230000	44.000000	49.000000	6	0.781250	0.000000	0.000000	0.000000	0.000000	0.000000	-1.562500	0.000000	0.000000	0	0	0	
957188	1318	0.000000	2.190000	1.630000	1.570000	0.230000	44.000000	49.000000	6	0.781250	0.000000	0.000000	0.000000	2.200000	1.630000	-1.562500	0.000000	0.000000	0	0	0	
957438	1266	0.000000	2.210000	1.610000	1.520000	0.230000	44.000000	49.000000	6	0.781250	0.000000	0.000000	0.000000	2.240000	1.630000	-1.562500	0.000000	0.000000	0	0	0	
957672	1244	0.000000	2.310000	1.690000	1.480000	0.240000	44.000000	49.000000	6	0.781250	0.000000	0.000000	0.000000	2.330000	1.720000	-1.562500	0.000000	0.000000	0	0	0	
957938	1214	0.000000	2.360000	1.750000	1.500000	0.230000	44.000000	50.000000	6	0.781250	0.000000	0.000000	0.000000	2.380000	1.770000	-1.562500	0.000000	0.000000	0	0	0	
958203	1219	0.000000	2.390000	1.770000	1.500000	0.230000	44.000000	49.000000	6	0.781250	0.000000	0.000000	0.000000	2.410000	1.800000	-1.562500	0.000000	0.000000	0	0	0	
958438	1214	0.000000	2.360000	1.760000	1.490000	0.230000	44.000000	49.000000	6	0.781250	0.000000	0.000000	0.000000	2.400000	1.790000	-1.562500	0.000000	0.000000	0	0	0	
958688	1196	0.000000	2.400000	1.800000	1.490000	0.230000	44.000000	49.000000	6	0.781250	0.000000	0.000000	0.000000	2.410000	1.810000	-1.562500	0.000000	0.000000	0	0	0	
958969	1176	0.000000	3.140000	2.360000	1.440000	0.330000	44.000000	50.000000	6	0.781250	0.000000	0.000000	0.000000	3.370000	2.670000	-1.562500	0.000000	0.005000	0	0	0	
959250	1228	0.000000	5.770000	4.520000	1.410000	0.540000	44.000000	49.000000	6	0.781250	0.000000	0.000000	0.000000	5.810000	4.570000	-1.562500	0.000000	0.005000	0	0	0	
959484	1254	0.000000	10.230000	9.420000	1.360000	0.900000	44.000000	49.000000	6	0.781250	0.000000	0.000000	0.000000	10.170000	7.960000	-1.562500	0.000000	0.005000	0	0	0	
959734	1285	0.000000	12.620000	9.790000	1.410000	0.940000	44.000000	50.000000	6	0.781250	0.000000	0.000000	0.000000	12.420000	9.620000	-1.562500	0.000000	0.005000	0	0	0	
960000	1335	0.000000	12.470000	9.730000	1.440000	0.950000	44.000000	50.000000	6	0.781250	0.000000	0.150000	0.000000	11.070000	9.130000	-1.562500	0.000000	0.845000	0	0	0	
960422	1379	0.000000	11.220000	9.240000	1.410000	0.950000	44.000000	50.000000	6	0.781250	0.000000	0.150000	0.000000	12.160000	9.630000	-1.562500	0.000000	0.845000	0	0	0	
960703	1420	0.000000	12.090000	9.570000	1.430000	0.950000	44.000000	50.000000	6	0.781250	0.000000	0.150000	0.000000	12.240000	9.700000	-1.562500	0.000000	0.845000	0	0	0	
960953	1476	0.000000	11.960000	9.560000	1.420000	0.940000	44.000000	50.000000	6	0.781250	-5.468750	0.830000	0.000000	12.250000	9.850000	-1.562500	-3.906250	0.830000	0	0	0	
961219	1511	0.000000	11.970000	9.770000	1.420000	0.940000	44.000000	50.000000	6	0.781250	-5.468750	0.830000	0.000000	12.250000	10.020000	-1.562500	-3.906250	0.830000	0	0	0	
961453	1549	0.000000	12.070000	9.940000	1.410000	0.940000	44.000000	50.000000	6	0.781250	-5.468750	0.830000	0.000000	12.390000	10.180000	-1.562500	-3.906250	0.830000	0	0	0	
961750	1597	0.000000	11.900000	9.930000	1.420000	0.950000	44.000000	50.000000	6	0.781250	-5.468750	0.830000	0.000000	12.120000	10.170000	-1.562500	-3.906250	0.830000	0	0	0	
961984	1636	0.000000	12.160000	10.170000	1.410000	0.940000	44.000000	50.000000	6	0.781250	-3.125000	0.835000	0.000000	12.140000	10.340000	-1.562500	-4.687500	0.830000	0	0	0	
962250	1680	0.000000	12.040000	10.130000	1.410000	0.950000	44.000000	50.000000	6	0.781250	-3.125000	0.835000	0.000000	12.400000	10.460000	-1.562500	-4.687500	0.830000	0	0	0	
962516	1728	0.000000	12.050000	10.290000	1.410000	0.950000	44.000000	50.000000	6	0.781250	-3.125000	0.835000	0.000000	12.540000	10.590000	-1.562500	-4.687500	0.830000	0	0	0	
962766	1762	0.000000	12.010000	10.300000	1.410000	0.950000	44.000000	50.000000	6	0.781250	-3.125000	0.835000	0.000000	12.220000	10.500000	-1.562500	-4.687500	0.830000	0	0	0	
963031	1807	0.000000	12.260000	10.460000	1.420000	0.940000	44.000000	50.000000	6	0.781250	-3.125000	0.835000	0.000000	12.630000	10.680000	-1.562500	-4.687500	0.830000	0	0	0	
963281	1848	0.000000	12.410000	10.430000	1.400000	0.950000	43.000000	50.000000	6	0.781250	0.781250	0.840000	0.000000	12.750000	10.670000	-1.562500	-0.781250	0.815000	0	0	0	
963563	1893	0.000000	12.430000	10.300000	1.390000	0.940000	44.000000	50.000000	6	0.781250	0.781250	0.840000	0.000000	12.760000	10.510000	-1.562500	-0.781250	0.815000	0	0	0	
963828	1944	0.000000	12.540000	10.250000	1.420000	0.930000	44.000000	50.000000	6	0.781250	0.781250	0.840000	0.000000	12.780000	10.500000	-1.562500	-0.781250	0.815000	0	0	0	
964125	1976	0.000000	10.710000	8.870000	1.440000	0.850000	44.000000	50.000000	6	0.781250	0.781250	0.855000	0.000000	10.660000	8.930000	-1.562500	-0.781250	0.815000	0	0	0	
964375	2012	0.000000	5.380000	4.110000	1.630000	0.540000	43.000000	50.000000	6	0.781250	-3.125000	0.855000	0.000000	4.800000	3.820000	-1.562500	-3.906250	0.815000	0	0	0	
964641	2013	0.000000	3.010000	2.380000	1.790000	0.340000	44.000000	50.000000	6	0.781250	-3.125000	0.855000	0.000000	2.940000	2.330000	-1.562500	-3.906250	0.815000	0	0	0	
964891	2010	0.000000	2.390000	1.920000	1.860000	0.270000	43.000000	49.000000	6	0.781250	-3.125000	0.855000	0.000000	2.400000	1.930000	-1.562500	-3.906250	0.815000	0	0	0	
965141	2030	0.000000	2.190000	1.690000	1.890000	0.240000	44.000000	49.000000	6	0.781250	-3.125000	0.855000	0.000000	2.300000	1.810000	-1.562500	-3.906250	0.815000	0	0	0	
965391	2024	0.000000	2.100000	1.600000	1.890000	0.230000	43.000000	49.000000	6	0.781250	0.000000	0.845000	0.000000	2.150000	1.650000	-1.562500	1.562500	0.785000	0	0	0	
965797	1998	0.000000	2.140000	1.630000	1.900000	0.230000	43.000000	49.000000	6	0.781250	0.000000	0.845000	0.000000	2.190000	1.690000	-1.562500	1.562500	0.785000	0	0	0	
966047	2032	0.000000	2.120000	1.630000	1.940000	0.230000	44.000000	49.000000	6	0.781250	0.000000	0.845000	0.000000	2.190000	1.690000	-1.562500	1.562500	0.785000	0	0	0	
966313	2031	0.000000	2.140000	1.640000	1.980000	0.240000	44.000000	49.000000	6	0.781250	0.000000	0.785000	0.000000	2.190000	1.690000	-1.562500	0.000000	0.000000	0	0	0	
966547	2032	0.000000	2.140000	1.650000	2.010000	0.230000	43.000000	49.000000	6	0.781250	0.000000	0.785000	0.000000	2.190000	1.690000	-1.562500	0.000000	0.000000	0	0	0	
966797	2032	0.000000	0.000000	0.000000	2.040000	0.230000	43.000000	49.000000	6	0.781250	0.000000	0.785000	0.000000	0.000000	0.000000	-1.562500	0.000000	0.000000	0	0	0	
967016	2030	0.000000	0.000000	0.000000	2.080000	0.230000	44.000000	49.000000	6	0.781250	0.000000	0.785000	0.000000	0.000000	0.000000	-1.562500	0.000000	0.000000	0	0	0	
967281	2028	0.000000	0.000000	0.000000	2.090000	0.230000	43.000000	49.000000	6	0.781250	0.000000	0.785000	0.000000	0.000000	0.000000	-1.562500	0.000000	0.000000	0	0	0	
967500	2028	0.000000	0.000000	0.000000	2.130000	0.220000	43.000000	49.000000	6	0.781250	0.000000	0.010000	0.000000	0.000000	0.000000	-1.562500	0.000000	0.000000	0	0	0	
967766	2029	0.000000	0.000000	0.000000	2.150000	0.230000	43.000000	49.000000	6	0.781250	0.000000	0.010000	0.000000	0.000000	0.000000	-1.562500	0.000000	0.000000	0	0	0	
967984	2030	0.000000	0.000000	0.000000	2.170000	0.230000	43.000000	49.000000	6	0.781250	0.000000	0.010000	0.000000	0.000000	0.000000	-1.562500	0.000000	0.000000	0	0	0	
968219	2028	0.000000	0.000000	0.000000	2.190000	0.230000	43.000000	49.000000	6	0.781250	0.000000	0.010000	0.000000	0.000000	0.000000	-1.562500	0.000000	0.000000	0	0	0	
968484	2028	0.000000	0.000000	0.000000	2.220000	0.230000	43.000000	49.000000	6	0.781250	0.000000	0.000000	0.000000	0.000000	0.000000	-1.562500	0.000000	0.000000	0	0	0	
968734	2027	0.000000	0.000000	0.000000	2.240000	0.230000	43.000000	49.000000	6	0.781250	0.000000	0.000000	0.000000	0.000000	0.000000	-1.562500	0.000000	0.000000	0	0	0	
969000	2026	0.000000	0.000000	0.000000	2.250000	0.230000	43.000000	49.000000	6	0.781250	0.000000	0.000000	0.000000	0.000000	0.000000	-1.562500	0.000000	0.000000	0	0	0	
969250	2024	0.000000	0.000000	0.000000	2.280000	0.230000	43.000000	49.000000	6	0.781250	0.000000	0.000000	0.000000	0.000000	0.000000	-1.562500	0.000000	0.000000	0	0	0	
969469	2025	0.000000	0.000000	0.000000	2.300000	0.230000	43.000000	49.000000	6	0.781250	0.000000	0.000000	0.000000	0.000000	0.000000	-1.562500	0.000000	0.000000	0	0	0	
969703	2025	0.000000	0.000000	0.000000	2.320000	0.240000	43.000000	49.000000	6	0.781250	0.000000	0.000000	0.000000	0.000000	0.000000	-1.562500	0.000000	0.000000	0	0	0	
969938	2021	0.000000	0.000000	0.000000	2.330000	0.240000	43.000000	49.000000	6	0.781250	0.000000	0.000000	0.000000	0.000000	0.000000	-1.562500	0.000000	0.000000	0	0	0	
970203	2022	0.000000	0.000000	0.000000	2.350000	0.230000	43.000000	49.000000	6	0.781250	0.000000	0.000000	0.000000	0.000000	0.000000	-1.562500	0.000000	0.000000	0	0	0	
970422	2021	0.000000	0.000000	0.000000	2.350000	0.240000	43.000000	49.000000	6	0.781250	0.000000	0.000000	0.000000	0.000000	0.000000	-1.562500	0.000000	0.000000	0	0	0	
970844	2021	0.000000	0.000000	0.000000	2.380000	0.230000	43.000000	49.000000	6	0.781250	0.000000	0.000000	0.000000	0.000000	0.000000	-1.562500	0.000000	0.000000	0	0	0	
971078	2020	0.000000	0.000000	0.000000	2.400000	0.230000	43.000000	49.000000	6	0.781250	0.000000	0.000000	0.000000	0.000000	0.000000	-1.562500	0.000000	0.000000	0	0	0	
971328	2019	0.000000	0.000000	0.000000	2.420000	0.230000	43.000000	49.000000	6	0.781250	0.000000	0.000000	0.000000	0.000000	0.000000	-1.562500	0.000000	0.000000	0	0	0	
971563	2019	0.000000	0.000000	0.000000	2.430000	0.240000	43.000000	49.000000	6	0.781250	0.000000	0.000000	0.000000	0.000000	0.000000	-1.562500	0.000000	0.000000	0	0	0	
971813	2018	0.000000	0.000000	0.000000	2.450000	0.230000	43.000000	49.000000	6	0.781250	0.000000	0.000000	0.000000	0.000000	0.000000	-1.562500	0.000000	0.000000	0	0	0	
972063	2016	0.000000	0.000000	0.000000	2.460000	0.230000	43.000000	49.000000	6	0.781250	0.000000	0.000000	0.000000	0.000000	0.000000	-1.562500	0.000000	0.000000	0	0	0	
972344	2016	0.000000	0.000000	0.000000	2.460000	0.230000	43.000000	49.000000	6	0.781250	0.000000	0.000000	0.000000	0.000000	0.000000	-1.562500	0.000000	0.000000	0	0	0	
972594	2016	0.000000	0.000000	0.000000	2.480000	0.230000	43.000000	49.000000	6	0.781250	0.000000	0.000000	0.000000	0.000000	0.000000	-1.562500	0.000000	0.000000	0	0	0	
972844	2015	0.000000	0.000000	0.000000	2.490000	0.240000	43.000000	49.000000	6	0.781250	0.000000	0.000000	0.000000	0.000000	0.000000	-1.562500	0.000000	0.000000	0	0	0	
973094	2014	0.000000	0.000000	0.000000	2.510000	0.240000	42.000000	49.000000	6	0.781250	0.000000	0.000000	0.000000	0.000000	0.000000	-1.562500	0.000000	0.000000	0	0	0	
973375	2013	0.000000	0.000000	0.000000	2.530000	0.230000	43.000000	49.000000	6	0.781250	0.000000	0.000000	0.000000	0.000000	0.000000	-1.562500	0.000000	0.000000	0	0	0	
973609	2012	0.000000	0.000000	0.000000	2.540000	0.230000	42.000000	49.000000	6	0.781250	0.000000	0.000000	0.000000	0.000000	0.000000	-1.562500	0.000000	0.000000	0	0	0	
973859	2012	0.000000	0.000000	0.000000	2.540000	0.230000	42.000000	49.000000	6	0.781250	0.000000	0.000000	0.000000	0.000000	0.000000	-1.562500	0.000000	0.000000	0	0	0	
974109	2010	0.000000	0.000000	0.000000	2.560000	0.230000	42.000000	49.000000	6	0.781250	0.000000	0.000000	0.000000	0.000000	0.000000	-1.562500	0.000000	0.000000	0	0	0	
974359	2007	0.000000	0.000000	0.000000	2.580000	0.230000	42.000000	49.000000	6	0.781250	0.000000	0.000000	0.000000	0.000000	0.000000	-1.562500	0.000000	0.000000	0	0	0	
974609	2011	0.000000	0.000000	0.000000	2.570000	0.240000	42.000000	49.000000	6	0.781250	0.000000	0.000000	0.000000	0.000000	0.000000	-1.562500	0.000000	0.000000	0	0	0	
974844	2011	0.000000	0.000000	0.000000	2.590000	0.230000	42.000000	49.000000	6	0.781250	0.000000	0.000000	0.000000	0.000000	0.000000	-1.562500	0.000000	0.000000	0	0	0	
975125	2004	0.000000	0.000000	0.000000	2.600000	0.240000	42.000000	49.000000	6	0.781250	0.000000	0.000000	0.000000	0.000000	0.000000	-1.562500	0.000000	0.000000	0	0	0	
975375	2006	0.000000	0.000000	0.000000	2.610000	0.230000	43.000000	49.000000	6	0.781250	0.000000	0.000000	0.000000	0.000000	0.000000	-1.562500	0.000000	0.000000	0	0	0	
975625	2002	0.000000	0.000000	0.000000	2.620000	0.240000	43.000000	49.000000	6	0.781250	0.000000	0.000000	0.000000	0.000000	0.000000	-1.562500	0.000000	0.000000	0	0	0	
976031	1996	0.000000	0.000000	0.000000	2.630000	0.240000	43.000000	49.000000	6	0.781250	0.000000	0.000000	0.000000	0.000000	0.000000	-1.562500	0.000000	0.000000	0	0	0	
976250	1991	0.000000	0.000000	0.000000	2.640000	0.240000	43.000000	49.000000	6	0.781250	0.000000	0.000000	0.000000	0.000000	0.000000	-1.562500	0.000000	0.000000	0	0	0	
976516	1986	0.000000	0.000000	0.000000	2.650000	0.240000	42.000000	49.000000	6	0.781250	0.000000	0.000000	0.000000	0.000000	0.000000	-1.562500	0.000000	0.000000	0	0	0	
976797	1972	0.000000	0.000000	0.000000	2.650000	0.240000	42.000000	49.000000	6	0.781250	0.000000	0.000000	0.000000	0.000000	0.000000	-1.562500	0.000000	0.000000	0	0	0	
977031	1965	0.000000	0.000000	0.000000	2.660000	0.240000	42.000000	49.000000	6	0.781250	0.000000	0.000000	0.000000	0.000000	0.000000	-1.562500	0.000000	0.000000	0	0	0	
977281	1958	0.000000	0.000000	0.000000	2.690000	0.240000	42.000000	49.000000	6	0.781250	0.000000	0.000000	0.000000	0.000000	0.000000	-1.562500	0.000000	0.000000	0	0	0	
977531	1948	0.000000	0.000000	0.000000	2.680000	0.240000	42.000000	49.000000	6	0.781250	0.000000	0.000000	0.000000	0.000000	0.000000	-1.562500	0.000000	0.000000	0	0	0	
977781	1942	0.000000	0.000000	0.000000	2.700000	0.240000	42.000000	49.000000	6	0.781250	0.000000	0.000000	0.000000	0.000000	0.000000	-1.562500	0.000000	0.000000	0	0	0	
978031	1931	0.000000	0.000000	0.000000	2.710000	0.240000	42.000000	49.000000	6	0.781250	0.000000	0.000000	0.000000	0.000000	0.000000	-1.562500	0.000000	0.000000	0	0	0	
978266	1919	0.000000	0.000000	0.000000	2.730000	0.240000	42.000000	49.000000	6	0.781250	0.000000	0.000000	0.000000	0.000000	0.000000	-1.562500	0.000000	0.000000	0	0	0	
978531	1880	0.000000	0.000000	0.000000	2.760000	0.240000	42.000000	49.000000	6	0.781250	0.000000	0.000000	0.000000	0.000000	0.000000	-1.562500	0.000000	0.000000	0	0	0	
978781	1832	0.000000	0.000000	0.000000	2.780000	0.240000	42.000000	49.000000	6	0.781250	0.000000	0.000000	0.000000	0.000000	0.000000	-1.562500	0.000000	0.000000	0	0	0	
979063	1793	0.000000	0.000000	0.000000	2.810000	0.240000	42.000000	49.000000	6	0.781250	0.000000	0.000000	0.000000	0.000000	0.000000	-1.562500	0.000000	0.000000	0	0	0	
979313	1738	0.000000	0.000000	0.000000	2.840000	0.240000	42.000000	49.000000	6	0.781250	0.000000	0.000000	0.000000	0.000000	0.000000	-1.562500	0.000000	0.000000	0	0	0	
979531	1706	0.000000	0.000000	0.000000	2.880000	0.240000	42.000000	49.000000	6	0.781250	0.000000	0.000000	0.000000	0.000000	0.000000	-1.562500	0.000000	0.000000	0	0	0	
979781	1676	0.000000	0.000000	0.000000	2.910000	0.230000	42.000000	49.000000	6	0.781250	0.000000	0.000000	0.000000	0.000000	0.000000	-1.562500	0.000000	0.000000	0	0	0	
980016	1634	0.000000	0.000000	0.000000	2.930000	0.240000	42.000000	49.000000	6	0.781250	0.000000	0.000000	0.000000	0.000000	0.000000	-1.562500	0.000000	0.000000	0	0	0	
980266	1562	0.000000	0.000000	0.000000	2.960000	0.240000	42.000000	49.000000	6	0.781250	0.000000	0.000000	0.000000	0.000000	0.000000	-1.562500	0.000000	0.000000	0	0	0	
980500	1502	0.000000	0.000000	0.000000	3.000000	0.230000	42.000000	49.000000	6	0.781250	0.000000	0.000000	0.000000	0.000000	0.000000	-1.562500	0.000000	0.000000	0	0	0	
980766	1441	0.000000	0.000000	0.000000	3.040000	0.240000	42.000000	50.000000	6	0.781250	0.000000	0.000000	0.000000	0.000000	0.000000	-1.562500	0.000000	0.000000	0	0	0	
981156	1375	0.000000	0.000000	0.000000	3.090000	0.240000	42.000000	49.000000	6	0.781250	0.000000	0.000000	0.000000	0.000000	0.000000	-1.562500	0.000000	0.000000	0	0	0	
981422	1370	0.000000	0.000000	0.000000	3.130000	0.240000	42.000000	50.000000	6	0.781250	0.000000	0.000000	0.000000	0.000000	0.000000	-1.562500	0.000000	0.000000	0	0	0	
981672	1367	0.000000	0.000000	0.000000	3.170000	0.240000	42.000000	50.000000	6	0.781250	0.000000	0.000000	0.000000	0.000000	0.000000	-1.562500	0.000000	0.000000	0	0	0	
981953	1341	0.000000	0.000000	0.000000	3.210000	0.240000	42.000000	50.000000	6	0.781250	0.000000	0.000000	0.000000	0.000000	0.000000	-1.562500	0.000000	0.000000	0	0	0	
982188	1371	0.000000	0.000000	0.000000	3.240000	0.240000	42.000000	50.000000	6	0.781250	0.000000	0.000000	0.000000	0.000000	0.000000	-1.562500	0.000000	0.000000	0	0	0	
982453	1363	0.000000	3.050000	2.340000	3.190000	0.300000	42.000000	50.000000	6	0.781250	0.000000	0.000000	0.000000	2.190000	1.690000	-1.562500	0.000000	0.000000	0	0	0	
982719	1361	0.000000	3.180000	2.470000	3.030000	0.340000	42.000000	50.000000	6	0.781250	0.000000	0.000000	0.000000	3.180000	2.630000	-1.562500	0.000000	0.000000	0	0	0	
982984	1373	0.000000	3.290000	2.760000	2.840000	0.360000	42.000000	50.000000	6	0.781250	0.000000	0.000000	0.000000	3.290000	2.720000	-1.562500	0.000000	0.000000	0	0	0	
983219	1366	0.000000	3.280000	2.590000	2.710000	0.350000	42.000000	50.000000	6	0.781250	0.000000	0.000000	0.000000	3.240000	2.650000	-1.562500	0.000000	0.000000	0	0	0	
983516	1340	0.000000	2.970000	2.310000	2.610000	0.300000	42.000000	50.000000	6	0.781250	0.000000	0.000000	0.000000	2.840000	2.230000	-1.562500	0.000000	0.000000	0	0	0	
983781	1357	0.000000	2.370000	1.900000	2.550000	0.260000	42.000000	50.000000	6	0.781250	0.000000	0.005000	0.000000	2.380000	1.900000	-1.562500	0.000000	0.195000	0	0	0	
984016	1381	0.000000	2.290000	1.790000	2.490000	0.250000	42.000000	50.000000	6	0.781250	0.000000	0.005000	0.000000	2.300000	1.810000	-1.562500	0.000000	0.195000	0	0	0	
984250	1378	0.000000	2.270000	1.780000	2.430000	0.240000	43.000000	50.000000	6	0.781250	0.000000	0.005000	0.000000	2.220000	1.730000	-1.562500	0.000000	0.195000	0	0	0	
984516	1385	0.000000	2.250000	1.760000	2.350000	0.240000	43.000000	50.000000	6	0.781250	0.000000	0.005000	0.000000	2.170000	1.670000	-1.562500	0.000000	0.195000	0	0	0	
984766	1379	0.000000	2.200000	1.700000	2.290000	0.240000	42.000000	50.000000	6	0.781250	0.000000	0.005000	0.000000	2.180000	1.680000	-1.562500	0.000000	0.195000	0	0	0	
985016	1344	0.000000	2.090000	1.600000	2.220000	0.230000	43.000000	50.000000	6	0.781250	0.000000	0.900000	0.000000	2.100000	1.610000	-1.562500	0.000000	0.865000	0	0	0	
985281	1310	0.000000	2.060000	1.580000	2.160000	0.230000	43.000000	50.000000	6	0.781250	0.000000	0.900000	0.000000	2.070000	1.590000	-1.562500	0.000000	0.865000	0	0	0	
985563	1214	0.000000	1.990000	1.530000	2.110000	0.230000	42.000000	50.000000	6	0.781250	0.000000	0.900000	0.000000	2.060000	1.600000	-1.562500	0.000000	0.865000	0	0	0	
985813	1005	0.000000	2.630000	2.320000	1.940000	0.340000	42.000000	50.000000	6	0.781250	0.000000	0.900000	0.000000	2.950000	2.540000	-1.562500	0.000000	0.865000	0	0	0	
986078	932	0.000000	2.770000	2.440000	1.840000	0.330000	42.000000	50.000000	6	0.781250	-1.562500	0.835000	0.000000	2.980000	2.550000	-1.562500	4.687500	0.220000	0	0	0	
986516	957	0.000000	2.650000	2.350000	1.700000	0.310000	43.000000	50.000000	6	0.781250	-1.562500	0.835000	0.000000	2.780000	2.450000	-1.562500	4.687500	0.220000	0	0	0	
986828	932	0.000000	2.780000	2.370000	1.600000	0.300000	43.000000	50.000000	6	0.781250	-1.562500	0.835000	0.000000	2.850000	2.420000	-1.562500	4.687500	0.220000	0	0	0	
987063	907	0.000000	2.900000	2.400000	1.520000	0.300000	43.000000	50.000000	6	0.781250	4.687500	0.795000	0.000000	2.950000	2.420000	-1.562500	4.687500	0.045000	0	0	0	
987344	877	0.000000	2.880000	2.350000	1.480000	0.290000	43.000000	50.000000	6	0.781250	4.687500	0.795000	0.000000	2.890000	2.360000	-1.562500	4.687500	0.045000	0	0	0	
987609	848	0.000000	2.830000	2.300000	1.490000	0.300000	43.000000	50.000000	6	0.781250	4.687500	0.795000	0.000000	2.820000	2.280000	-1.562500	4.687500	0.045000	0	0	0	
987859	830	0.000000	2.800000	2.280000	1.480000	0.310000	43.000000	50.000000	6	0.781250	4.687500	0.795000	0.000000	2.830000	2.340000	-1.562500	4.687500	0.045000	0	0	0	
988094	827	0.000000	2.800000	2.290000	1.490000	0.310000	43.000000	50.000000	6	0.781250	0.000000	0.775000	0.000000	2.800000	2.290000	-1.562500	-1.562500	0.075000	0	0	0	
988375	811	0.000000	2.750000	2.240000	1.500000	0.310000	44.000000	50.000000	6	0.781250	0.000000	0.775000	0.000000	2.800000	2.300000	-1.562500	-1.562500	0.075000	0	0	0	
988625	795	0.000000	2.790000	2.270000	1.500000	0.320000	43.000000	50.000000	6	0.781250	0.000000	0.775000	0.000000	2.820000	2.340000	-1.562500	-1.562500	0.075000	0	0	0	
988891	788	0.000000	2.800000	2.310000	1.490000	0.320000	44.000000	50.000000	6	0.781250	0.000000	0.775000	0.000000	2.800000	2.300000	-1.562500	-1.562500	0.075000	0	0	0	
989156	774	0.000000	2.790000	2.290000	1.490000	0.320000	43.000000	50.000000	6	0.781250	0.000000	0.775000	0.000000	2.820000	2.330000	-1.562500	-1.562500	0.075000	0	0	0	
989391	774	0.000000	2.770000	2.260000	1.490000	0.330000	44.000000	50.000000	6	0.781250	-5.468750	0.795000	0.000000	2.840000	2.340000	-1.562500	-4.687500	0.230000	0	0	0	
989688	774	0.000000	2.820000	2.330000	1.490000	0.340000	44.000000	50.000000	6	0.781250	-5.468750	0.795000	0.000000	2.830000	2.340000	-1.562500	-4.687500	0.230000	0	0	0	
989922	776	0.000000	2.830000	2.350000	1.480000	0.340000	44.000000	50.000000	6	0.781250	-5.468750	0.795000	0.000000	2.870000	2.380000	-1.562500	-4.687500	0.230000	0	0	0	
990188	783	0.000000	2.830000	2.340000	1.500000	0.340000	44.000000	50.000000	6	0.781250	-5.468750	0.795000	0.000000	2.940000	2.450000	-1.562500	-4.687500	0.230000	0	0	0	
990453	795	0.000000	2.880000	2.400000	1.490000	0.340000	44.000000	50.000000	6	0.781250	-6.250000	0.800000	0.000000	2.950000	2.460000	-1.562500	-3.125000	0.510000	0	0	0	
990734	806	0.000000	2.890000	2.400000	1.480000	0.340000	44.000000	50.000000	6	0.781250	-6.250000	0.800000	0.000000	2.930000	2.450000	-1.562500	-3.125000	0.510000	0	0	0	
990984	817	0.000000	2.860000	2.360000	1.490000	0.340000	44.000000	50.000000	6	0.781250	-6.250000	0.800000	0.000000	2.980000	2.490000	-1.562500	-3.125000	0.510000	0	0	0	
991250	825	0.000000	2.890000	2.390000	1.490000	0.340000	44.000000	50.000000	6	0.781250	-6.250000	0.800000	0.000000	2.920000	2.420000	-1.562500	-3.125000	0.510000	0	0	0	
991469	822	0.000000	2.890000	2.390000	1.490000	0.330000	44.000000	50.000000	6	0.781250	-4.687500	0.790000	0.000000	2.910000	2.430000	-1.562500	-1.562500	0.645000	0	0	0	
991906	806	0.000000	2.750000	2.250000	1.490000	0.320000	45.000000	50.000000	6	0.781250	-4.687500	0.790000	0.000000	2.840000	2.360000	-1.562500	-1.562500	0.645000	0	0	0	
992156	795	0.000000	2.770000	2.260000	1.500000	0.320000	45.000000	50.000000	6	0.781250	-4.687500	0.790000	0.000000	2.820000	2.330000	-1.562500	-1.562500	0.645000	0	0	0	
992406	779	0.000000	2.760000	2.250000	1.490000	0.320000	45.000000	50.000000	6	0.781250	-4.687500	0.780000	0.000000	2.790000	2.280000	-1.562500	-1.562500	0.675000	0	0	0	
992672	769	0.000000	2.690000	2.160000	1.490000	0.320000	45.000000	50.000000	6	0.781250	-5.468750	0.780000	0.000000	2.770000	2.260000	-1.562500	-3.125000	0.675000	0	0	0	
992906	765	0.000000	2.930000	2.430000	1.460000	0.350000	45.000000	50.000000	6	0.781250	-5.468750	0.780000	0.000000	2.980000	2.480000	-1.562500	-3.125000	0.675000	0	0	0	
993141	865	0.000000	3.920000	3.090000	1.460000	0.430000	45.000000	50.000000	6	0.781250	-5.468750	0.780000	0.000000	4.090000	3.140000	-1.562500	-3.125000	0.675000	0	0	0	
993391	1286	0.000000	4.820000	3.490000	1.430000	0.460000	45.000000	50.000000	6	0.781250	-5.468750	0.780000	0.000000	4.820000	3.590000	-1.562500	-3.125000	0.675000	0	0	0	
993656	1229	0.000000	5.740000	4.250000	1.420000	0.530000	45.000000	50.000000	6	0.781250	0.781250	0.705000	0.000000	5.090000	3.960000	-1.562500	3.125000	0.040000	0	0	0	
993891	1248	0.000000	5.890000	4.600000	1.420000	0.630000	45.000000	50.000000	6	0.781250	0.781250	0.705000	0.000000	5.840000	4.510000	-1.562500	3.125000	0.040000	0	0	0	
994156	1309	0.000000	8.800000	7.090000	1.390000	0.780000	45.000000	50.000000	6	0.781250	0.781250	0.705000	0.000000	8.590000	6.600000	-1.562500	3.125000	0.040000	0	0	0	
994406	1410	0.000000	8.420000	6.580000	1.420000	0.780000	45.000000	50.000000	6	0.781250	0.781250	0.705000	0.000000	8.410000	6.270000	-1.562500	3.125000	0.040000	0	0	0	
994672	1486	0.000000	8.210000	6.210000	1.440000	0.790000	45.000000	50.000000	6	0.781250	1.562500	0.740000	0.000000	8.140000	6.040000	-1.562500	3.125000	0.795000	0	0	0	
994922	1650	0.000000	7.850000	5.910000	1.410000	0.780000	45.000000	50.000000	6	0.781250	1.562500	0.740000	0.000000	7.460000	5.500000	-1.562500	0.000000	0.795000	0	0	0	
995172	1666	0.000000	7.600000	5.640000	1.410000	0.780000	45.000000	50.000000	6	0.781250	1.562500	0.740000	0.000000	7.390000	5.470000	-1.562500	0.000000	0.795000	0	0	0	
995406	1773	0.000000	7.330000	5.480000	1.390000	0.780000	46.000000	50.000000	6	0.781250	1.562500	0.740000	0.000000	7.160000	5.310000	-1.562500	0.000000	0.795000	0	0	0	
995672	1861	0.000000	7.320000	5.530000	1.410000	0.780000	46.000000	50.000000	6	0.781250	1.562500	0.740000	0.000000	6.960000	5.100000	-1.562500	0.000000	0.795000	0	0	0	
995906	1922	0.000000	7.160000	5.390000	1.410000	0.770000	46.000000	50.000000	6	0.781250	-5.468750	0.795000	0.000000	6.780000	4.980000	-1.562500	-8.593750	0.740000	0	0	0	
996188	2018	0.000000	6.630000	4.980000	1.440000	0.750000	46.000000	50.000000	6	0.781250	-5.468750	0.795000	0.000000	6.510000	4.890000	-1.562500	-8.593750	0.740000	0	0	0	
996438	1984	0.000000	4.910000	3.600000	1.520000	0.540000	46.000000	50.000000	6	0.781250	-5.468750	0.795000	0.000000	4.460000	3.250000	-1.562500	-8.593750	0.740000	0	0	0	
996703	1953	0.000000	3.210000	2.400000	1.520000	0.330000	46.000000	50.000000	6	0.781250	-5.468750	0.795000	0.000000	3.080000	2.310000	-1.562500	-8.593750	0.740000	0	0	0	
997109	1699	0.000000	0.000000	0.000000	1.570000	0.260000	46.000000	50.000000	6	0.781250	-1.562500	0.655000	0.000000	0.000000	0.000000	-1.562500	-0.781250	0.050000	0	0	0	
997375	1382	0.000000	3.610000	2.750000	1.450000	0.360000	47.000000	50.000000	6	0.781250	-1.562500	0.655000	0.000000	3.360000	2.360000	-1.562500	-0.781250	0.050000	0	0	0	
997625	1420	0.000000	4.730000	3.390000	1.470000	0.420000	46.000000	50.000000	6	0.781250	-1.562500	0.655000	0.000000	4.530000	3.310000	-1.562500	-0.781250	0.050000	0	0	0	
997891	1427	0.000000	4.770000	3.510000	1.470000	0.460000	47.000000	50.000000	6	0.781250	-1.562500	0.655000	0.000000	4.720000	3.420000	-1.562500	-0.781250	0.050000	0	0	0	
998141	1449	0.000000	4.880000	3.620000	1.460000	0.500000	46.000000	50.000000	6	0.781250	0.000000	0.045000	0.000000	4.810000	3.560000	-1.562500	0.000000	0.000000	0	0	0	
998359	1468	0.000000	4.900000	3.720000	1.460000	0.510000	46.000000	50.000000	6	0.781250	0.000000	0.045000	0.000000	4.880000	3.740000	-1.562500	0.000000	0.000000	0	0	0	
998625	1486	0.000000	6.760000	5.170000	1.430000	0.660000	47.000000	50.000000	6	0.781250	0.000000	0.045000	0.000000	6.520000	5.060000	-1.562500	0.000000	0.000000	0	0	0	
998891	1515	0.000000	8.050000	5.850000	1.430000	0.760000	47.000000	50.000000	6	0.781250	0.000000	0.045000	0.000000	7.050000	5.390000	-1.562500	0.000000	0.000000	0	0	0	
999125	1563	0.000000	7.940000	5.890000	1.450000	0.780000	47.000000	50.000000	6	0.781250	-4.687500	0.440000	0.000000	6.890000	5.390000	-1.562500	-3.125000	0.765000	0	0	0	
999359	1596	0.000000	7.320000	5.580000	1.420000	0.770000	47.000000	50.000000	6	0.781250	-4.687500	0.440000	0.000000	7.120000	5.250000	-1.562500	-3.125000	0.765000	0	0	0	
999625	1634	0.000000	6.660000	5.220000	1.460000	0.760000	47.000000	50.000000	6	0.781250	-4.687500	0.440000	0.000000	6.460000	5.010000	-1.562500	-3.125000	0.765000	0	0	0	
999875	1674	0.000000	6.660000	5.140000	1.440000	0.750000	47.000000	50.000000	6	0.781250	-4.687500	0.440000	0.000000	6.550000	5.000000	-1.562500	-3.125000	0.765000	0	0	0	
1000141	1702	0.000000	6.070000	4.560000	1.470000	0.680000	47.000000	50.000000	6	0.781250	-2.343750	0.825000	0.000000	5.800000	4.210000	-1.562500	-3.906250	0.680000	0	0	0	
1000375	1740	0.000000	4.860000	3.650000	1.470000	0.590000	47.000000	50.000000	6	0.781250	-2.343750	0.825000	0.000000	4.580000	3.360000	-1.562500	-3.906250	0.680000	0	0	0	
1000656	1755	0.000000	3.690000	2.900000	1.500000	0.470000	47.000000	50.000000	6	0.781250	-2.343750	0.825000	0.000000	3.900000	3.000000	-1.562500	-3.906250	0.680000	0	0	0	
1000922	1775	0.000000	3.100000	2.410000	1.510000	0.360000	47.000000	50.000000	6	0.781250	-2.343750	0.825000	0.000000	3.160000	2.460000	-1.562500	-3.906250	0.680000	0	0	0	
1001156	1782	0.000000	2.570000	2.080000	1.510000	0.290000	47.000000	50.000000	6	0.781250	0.000000	0.785000	0.000000	2.490000	2.020000	-1.562500	-3.906250	0.650000	0	0	0	
1001391	1779	0.000000	2.200000	1.770000	1.530000	0.250000	47.000000	50.000000	6	0.781250	0.000000	0.785000	0.000000	2.270000	1.840000	-1.562500	0.781250	0.650000	0	0	0	
1001656	1776	0.000000	2.240000	1.790000	1.510000	0.240000	47.000000	50.000000	6	0.781250	0.000000	0.785000	0.000000	2.310000	1.860000	-1.562500	0.781250	0.650000	0	0	0	
1001906	1727	0.000000	2.290000	1.810000	1.510000	0.250000	47.000000	50.000000	6	0.781250	0.000000	0.785000	0.000000	2.320000	1.840000	-1.562500	0.781250	0.650000	0	0	0	
1002328	1651	0.000000	2.300000	1.820000	1.530000	0.240000	48.000000	50.000000	6	0.781250	0.000000	0.150000	0.000000	2.320000	1.840000	-1.562500	0.781250	0.005000	0	0	0	
1002578	1607	0.000000	2.300000	1.820000	1.530000	0.240000	47.000000	51.000000	6	0.781250	0.000000	0.150000	0.000000	2.320000	1.840000	-1.562500	0.000000	0.005000	0	0	0	
1002828	1596	0.000000	2.300000	1.820000	1.530000	0.240000	47.000000	51.000000	6	0.781250	0.000000	0.150000	0.000000	2.320000	1.840000	-1.562500	0.000000	0.005000	0	0	0	
1003078	1577	0.000000	2.300000	1.820000	1.550000	0.230000	48.000000	51.000000	6	0.781250	0.000000	0.150000	0.000000	2.320000	1.840000	-1.562500	0.000000	0.005000	0	0	0	
1003313	1546	0.000000	0.000000	0.000000	1.550000	0.230000	47.000000	51.000000	6	0.781250	0.000000	0.150000	0.000000	0.000000	0.000000	-1.562500	0.000000	0.005000	0	0	0	
1003563	1514	0.000000	0.000000	0.000000	1.560000	0.230000	48.000000	51.000000	6	0.781250	0.000000	0.020000	0.000000	0.000000	0.000000	-1.562500	0.000000	0.000000	0	0	0	
1003797	1474	0.000000	0.000000	0.000000	1.560000	0.230000	48.000000	51.000000	6	0.781250	0.000000	0.020000	0.000000	0.000000	0.000000	-1.562500	0.000000	0.000000	0	0	0	
1004016	1426	0.000000	0.000000	0.000000	1.570000	0.230000	48.000000	51.000000	6	0.781250	0.000000	0.020000	0.000000	0.000000	0.000000	-1.562500	0.000000	0.000000	0	0	0	
1004250	1375	0.000000	0.000000	0.000000	1.570000	0.230000	47.000000	51.000000	6	0.781250	0.000000	0.020000	0.000000	0.000000	0.000000	-1.562500	0.000000	0.000000	0	0	0	
1004500	1314	0.000000	0.000000	0.000000	1.560000	0.230000	47.000000	51.000000	6	0.781250	0.000000	0.000000	0.000000	0.000000	0.000000	-1.562500	0.000000	0.000000	0	0	0	
1004750	1137	0.000000	2.670000	2.070000	1.470000	0.300000	47.000000	51.000000	6	0.781250	0.000000	0.000000	0.000000	2.930000	2.200000	-1.562500	0.000000	0.000000	0	0	0	
1005031	973	0.000000	3.290000	2.560000	1.500000	0.330000	48.000000	51.000000	6	0.781250	0.000000	0.000000	0.000000	3.310000	2.580000	-1.562500	0.000000	0.000000	0	0	0	
1005297	1039	0.000000	2.960000	2.390000	1.500000	0.310000	48.000000	51.000000	6	0.781250	0.000000	0.000000	0.000000	2.960000	2.400000	-1.562500	0.000000	0.000000	0	0	0	
1005563	1014	0.000000	2.790000	2.250000	1.490000	0.290000	48.000000	51.000000	6	0.781250	0.000000	0.000000	0.000000	2.890000	2.310000	-1.562500	0.000000	0.000000	0	0	0	
1005813	984	0.000000	2.810000	2.260000	1.500000	0.300000	48.000000	51.000000	6	0.781250	0.000000	0.000000	0.000000	2.800000	2.260000	-1.562500	0.000000	0.000000	0	0	0	
1006063	949	0.000000	2.790000	2.250000	1.500000	0.290000	48.000000	51.000000	6	0.781250	0.000000	0.000000	0.000000	2.830000	2.280000	-1.562500	0.000000	0.000000	0	0	0	
1006313	912	0.000000	2.810000	2.260000	1.500000	0.300000	48.000000	51.000000	6	0.781250	0.000000	0.000000	0.000000	2.830000	2.290000	-1.562500	0.000000	0.000000	0	0	0	
1006563	882	0.000000	2.850000	2.300000	1.500000	0.300000	48.000000	51.000000	6	0.781250	0.000000	0.000000	0.000000	2.890000	2.340000	-1.562500	0.000000	0.000000	0	0	0	
1006844	856	0.000000	2.840000	2.290000	1.500000	0.300000	48.000000	51.000000	6	0.781250	0.000000	0.000000	0.000000	2.880000	2.330000	-1.562500	0.000000	0.000000	0	0	0	
1007109	831	0.000000	2.830000	2.320000	1.490000	0.300000	48.000000	51.000000	6	0.781250	0.000000	0.000000	0.000000	2.880000	2.370000	-1.562500	0.000000	0.000000	0	0	0	
1007547	812	0.000000	2.930000	2.420000	1.510000	0.310000	48.000000	51.000000	6	0.781250	0.000000	0.000000	0.000000	2.950000	2.460000	-1.562500	0.000000	0.000000	0	0	0	
1007813	787	0.000000	2.980000	2.500000	1.490000	0.320000	48.000000	51.000000	6	0.781250	0.000000	0.005000	0.000000	3.040000	2.530000	-1.562500	0.000000	0.000000	0	0	0	
1008063	769	0.000000	3.020000	2.520000	1.500000	0.320000	48.000000	51.000000	6	0.781250	0.000000	0.005000	0.000000	3.050000	2.540000	-1.562500	0.000000	0.000000	0	0	0	
1008328	761	0.000000	3.080000	2.570000	1.490000	0.330000	48.000000	51.000000	6	0.781250	0.000000	0.005000	0.000000	3.160000	2.610000	-1.562500	0.000000	0.000000	0	0	0	
1008578	747	0.000000	3.150000	2.610000	1.500000	0.330000	48.000000	51.000000	6	0.781250	0.000000	0.005000	0.000000	3.310000	2.660000	-1.562500	0.000000	0.000000	0	0	0	
1008828	753	0.000000	3.200000	2.640000	1.480000	0.340000	48.000000	51.000000	6	0.781250	0.781250	0.010000	0.000000	3.320000	2.680000	-1.562500	0.781250	0.000000	0	0	0	
1009078	761	0.000000	3.350000	2.670000	1.500000	0.340000	48.000000	51.000000	6	0.781250	0.781250	0.010000	0.000000	3.360000	2.690000	-1.562500	0.781250	0.000000	0	0	0	
1009328	774	0.000000	3.370000	2.680000	1.500000	0.340000	48.000000	51.000000	6	0.781250	0.781250	0.010000	0.000000	3.360000	2.680000	-1.562500	0.781250	0.000000	0	0	0	
1009578	782	0.000000	3.390000	2.680000	1.500000	0.340000	48.000000	51.000000	6	0.781250	0.781250	0.010000	0.000000	3.390000	2.680000	-1.562500	0.781250	0.000000	0	0	0	
1009828	796	0.000000	3.160000	2.630000	1.490000	0.340000	48.000000	51.000000	6	0.781250	0.781250	0.015000	0.000000	3.180000	2.640000	-1.562500	0.781250	0.000000	0	0	0	
1010063	806	0.000000	3.150000	2.610000	1.500000	0.330000	48.000000	51.000000	6	0.781250	1.562500	0.015000	0.000000	3.150000	2.600000	-1.562500	0.000000	0.000000	0	0	0	
1010313	809	0.000000	3.060000	2.550000	1.510000	0.320000	48.000000	51.000000	6	0.781250	1.562500	0.015000	0.000000	2.900000	2.400000	-1.562500	0.000000	0.000000	0	0	0	
1010563	806	0.000000	3.030000	2.510000	1.500000	0.330000	48.000000	51.000000	6	0.781250	1.562500	0.015000	0.000000	2.810000	2.310000	-1.562500	0.000000	0.000000	0	0	0	
1010828	862	0.000000	3.500000	2.740000	1.470000	0.340000	48.000000	51.000000	6	0.781250	1.562500	0.015000	0.000000	2.820000	2.290000	-1.562500	0.000000	0.000000	0	0	0	
1011109	1104	0.000000	4.870000	3.470000	1.470000	0.410000	48.000000	51.000000	6	0.781250	3.125000	0.020000	0.000000	4.310000	3.140000	-1.562500	2.343750	0.000000	0	0	0	
1011328	1114	0.000000	5.210000	4.000000	1.450000	0.500000	48.000000	51.000000	6	0.781250	3.125000	0.020000	0.000000	4.890000	3.530000	-1.562500	2.343750	0.000000	0	0	0	
1011625	1132	0.000000	6.620000	5.140000	1.430000	0.650000	48.000000	51.000000	6	0.781250	3.125000	0.020000	0.000000	5.960000	4.620000	-1.562500	2.343750	0.000000	0	0	0	
1011875	1226	0.000000	9.000000	7.300000	1.420000	0.800000	48.000000	51.000000	6	0.781250	3.125000	0.020000	0.000000	8.190000	5.910000	-1.562500	2.343750	0.000000	0	0	0	
1012141	1305	0.000000	8.750000	7.150000	1.430000	0.810000	48.000000	51.000000	6	0.781250	0.000000	0.215000	0.000000	8.180000	6.030000	-1.562500	-2.343750	0.030000	0	0	0	
1012391	1345	0.000000	8.510000	6.960000	1.460000	0.790000	48.000000	51.000000	6	0.781250	0.000000	0.215000	0.000000	8.120000	5.880000	-1.562500	-2.343750	0.030000	0	0	0	
1012828	1538	0.000000	8.100000	6.010000	1.420000	0.780000	48.000000	51.000000	6	0.781250	0.000000	0.215000	0.000000	6.770000	5.160000	-1.562500	-2.343750	0.030000	0	0	0	
1013063	1610	0.000000	7.630000	5.730000	1.450000	0.780000	48.000000	51.000000	6	0.781250	0.000000	0.215000	0.000000	7.670000	5.740000	-1.562500	-2.343750	0.030000	0	0	0	
1013328	1720	0.000000	7.320000	5.510000	1.420000	0.780000	48.000000	51.000000	6	0.781250	-8.593750	0.850000	0.000000	7.270000	5.430000	-1.562500	-7.812500	0.045000	0	0	0	
1013563	1792	0.000000	7.640000	6.480000	1.420000	0.820000	48.000000	51.000000	6	0.781250	-8.593750	0.850000	0.000000	7.650000	6.230000	-1.562500	-7.812500	0.045000	0	0	0	
1013828	1917	0.000000	7.920000	6.830000	1.420000	0.830000	49.000000	51.000000	6	0.781250	-8.593750	0.850000	0.000000	7.890000	6.530000	-1.562500	-7.812500	0.045000	0	0	0	
1014094	2007	0.000000	8.440000	7.110000	1.410000	0.820000	49.000000	51.000000	6	0.781250	-8.593750	0.850000	0.000000	8.160000	6.660000	-1.562500	-7.812500	0.045000	0	0	0	
1014344	2096	0.000000	8.550000	6.940000	1.430000	0.810000	48.000000	51.000000	6	0.781250	0.781250	0.470000	0.000000	8.170000	6.640000	-1.562500	1.562500	0.040000	0	0	0	
1014609	2085	0.000000	5.450000	3.290000	1.590000	0.500000	48.000000	51.000000	6	0.781250	0.781250	0.470000	0.000000	4.860000	3.830000	-1.562500	1.562500	0.040000	0	0	0	
1014859	2147	0.000000	2.960000	2.150000	1.620000	0.310000	48.000000	51.000000	6	0.781250	0.781250	0.470000	0.000000	2.910000	2.120000	-1.562500	1.562500	0.040000	0	0	0	
1015125	2000	0.000000	0.000000	0.000000	1.660000	0.260000	48.000000	51.000000	6	0.781250	0.781250	0.470000	0.000000	0.000000	0.000000	-1.562500	1.562500	0.040000	0	0	0	
1015406	1650	0.000000	2.570000	2.070000	1.600000	0.290000	49.000000	51.000000	6	0.781250	0.000000	0.810000	0.000000	2.380000	2.020000	-1.562500	1.562500	0.025000	0	0	0	
1015656	1474	0.000000	3.590000	2.740000	1.490000	0.360000	48.000000	51.000000	6	0.781250	0.000000	0.810000	0.000000	3.580000	2.690000	-1.562500	0.000000	0.025000	0	0	0	
1015938	1445	0.000000	3.650000	2.910000	1.480000	0.380000	49.000000	51.000000	6	0.781250	0.000000	0.810000	0.000000	3.620000	2.860000	-1.562500	0.000000	0.025000	0	0	0	
1016203	1478	0.000000	3.630000	2.910000	1.500000	0.400000	49.000000	51.000000	6	0.781250	0.000000	0.810000	0.000000	3.620000	2.870000	-1.562500	0.000000	0.025000	0	0	0	
1016469	1480	0.000000	3.660000	2.950000	1.490000	0.400000	48.000000	51.000000	6	0.781250	0.000000	0.040000	0.000000	3.630000	2.910000	-1.562500	0.000000	0.005000	0	0	0	
1016719	1496	0.000000	3.660000	2.960000	1.490000	0.400000	49.000000	51.000000	6	0.781250	0.000000	0.040000	0.000000	3.650000	2.910000	-1.562500	0.000000	0.005000	0	0	0	
1016984	1507	0.000000	3.660000	2.950000	1.470000	0.400000	49.000000	51.000000	6	0.781250	0.000000	0.040000	0.000000	3.660000	2.910000	-1.562500	0.000000	0.005000	0	0	0	
1017203	1516	0.000000	3.870000	3.020000	1.490000	0.400000	49.000000	51.000000	6	0.781250	0.000000	0.040000	0.000000	3.670000	2.930000	-1.562500	0.000000	0.005000	0	0	0	
1017453	1527	0.000000	4.080000	3.120000	1.490000	0.400000	49.000000	51.000000	6	0.781250	0.000000	0.040000	0.000000	3.700000	2.960000	-1.562500	0.000000	0.005000	0	0	0	
1017703	1538	0.000000	4.090000	3.150000	1.530000	0.390000	49.000000	51.000000	6	0.781250	7.031250	0.055000	0.000000	3.660000	2.970000	-1.562500	1.562500	0.040000	0	0	0	
1018109	1559	0.000000	4.650000	3.740000	1.470000	0.440000	48.000000	51.000000	6	0.781250	7.031250	0.055000	0.000000	4.190000	3.180000	-1.562500	1.562500	0.040000	0	0	0	
1018344	1571	0.000000	4.920000	3.850000	1.480000	0.480000	49.000000	51.000000	6	0.781250	7.031250	0.055000	0.000000	4.630000	3.380000	-1.562500	1.562500	0.040000	0	0	0	
1018625	1590	0.000000	4.950000	3.900000	1.500000	0.490000	49.000000	51.000000	6	0.781250	3.906250	0.390000	0.000000	4.450000	3.310000	-1.562500	-0.781250	0.645000	0	0	0	
1018906	1605	0.000000	4.990000	3.870000	1.470000	0.490000	49.000000	51.000000	6	0.781250	3.906250	0.390000	0.000000	4.350000	3.230000	-1.562500	-0.781250	0.645000	0	0	0	
1019188	1627	0.000000	4.800000	3.570000	1.490000	0.490000	48.000000	51.000000	6	0.781250	3.906250	0.390000	0.000000	4.240000	3.180000	-1.562500	-0.781250	0.645000	0	0	0	
1019422	1637	0.000000	4.640000	3.400000	1.480000	0.490000	48.000000	51.000000	6	0.781250	3.906250	0.390000	0.000000	4.310000	3.200000	-1.562500	-0.781250	0.645000	0	0	0	
1019656	1663	0.000000	4.620000	3.380000	1.470000	0.490000	48.000000	51.000000	6	0.781250	3.906250	0.390000	0.000000	4.400000	3.260000	-1.562500	-0.781250	0.645000	0	0	0	
1019922	1674	0.000000	4.430000	3.290000	1.470000	0.490000	49.000000	51.000000	6	0.781250	-3.125000	0.820000	0.000000	4.100000	3.130000	-1.562500	-3.906250	0.690000	0	0	0	
1020156	1695	0.000000	4.300000	3.220000	1.460000	0.490000	49.000000	51.000000	6	0.781250	-3.125000	0.820000	0.000000	4.010000	3.080000	-1.562500	-3.906250	0.690000	0	0	0	
1020438	1707	0.000000	4.210000	3.150000	1.480000	0.480000	49.000000	51.000000	6	0.781250	-3.125000	0.820000	0.000000	4.250000	3.190000	-1.562500	-3.906250	0.690000	0	0	0	
1020703	1719	0.000000	3.700000	2.920000	1.480000	0.430000	48.000000	51.000000	6	0.781250	-3.125000	0.820000	0.000000	3.510000	2.710000	-1.562500	-3.906250	0.690000	0	0	0	
1020969	1730	0.000000	2.980000	2.330000	1.540000	0.340000	49.000000	51.000000	6	0.781250	-0.781250	0.825000	0.000000	2.820000	2.220000	-1.562500	-2.343750	0.650000	0	0	0	
1021250	1723	0.000000	2.280000	1.840000	1.530000	0.270000	48.000000	51.000000	6	0.781250	-0.781250	0.825000	0.000000	2.320000	1.860000	-1.562500	-2.343750	0.650000	0	0	0	
1021484	1722	0.000000	2.190000	1.740000	1.550000	0.250000	49.000000	51.000000	6	0.781250	-0.781250	0.825000	0.000000	2.200000	1.770000	-1.562500	-2.343750	0.650000	0	0	0	
1021766	1728	0.000000	2.220000	1.750000	1.530000	0.240000	48.000000	51.000000	6	0.781250	-0.781250	0.825000	0.000000	2.230000	1.760000	-1.562500	-2.343750	0.650000	0	0	0	
1022047	1774	0.000000	2.240000	1.760000	1.520000	0.240000	48.000000	51.000000	6	0.781250	10.156250	0.775000	0.000000	2.150000	1.660000	-1.562500	10.156250	0.040000	0	0	0	
1022328	1702	0.000000	2.240000	1.760000	1.530000	0.240000	48.000000	51.000000	6	0.781250	10.156250	0.775000	0.000000	2.100000	1.650000	-1.562500	10.156250	0.040000	0	0	0	
1022594	1692	0.000000	2.240000	1.760000	1.550000	0.240000	49.000000	51.000000	6	0.781250	10.156250	0.775000	0.000000	2.100000	1.650000	-1.562500	10.156250	0.040000	0	0	0	
1022859	1701	0.000000	2.240000	1.760000	1.550000	0.230000	49.000000	51.000000	6	0.781250	10.156250	0.775000	0.000000	2.100000	1.650000	-1.562500	10.156250	0.040000	0	0	0	
1023141	1692	0.000000	0.000000	0.000000	1.570000	0.240000	48.000000	51.000000	6	0.781250	0.000000	0.035000	0.000000	0.000000	0.000000	-1.562500	0.000000	0.000000	0	0	0	
1023531	1680	0.000000	0.000000	0.000000	1.570000	0.240000	48.000000	51.000000	6	0.781250	0.000000	0.035000	0.000000	0.000000	0.000000	-1.562500	0.000000	0.000000	0	0	0	
1023797	1682	0.000000	0.000000	0.000000	1.570000	0.240000	49.000000	51.000000	6	0.781250	0.000000	0.035000	0.000000	0.000000	0.000000	-1.562500	0.000000	0.000000	0	0	0	
1024047	1671	0.000000	0.000000	0.000000	1.570000	0.240000	49.000000	51.000000	6	0.781250	0.000000	0.035000	0.000000	0.000000	0.000000	-1.562500	0.000000	0.000000	0	0	0	
1024313	1668	0.000000	0.000000	0.000000	1.570000	0.230000	49.000000	51.000000	6	0.781250	0.000000	0.005000	0.000000	0.000000	0.000000	-1.562500	0.000000	0.000000	0	0	0	
1024578	1661	0.000000	0.000000	0.000000	1.570000	0.230000	49.000000	51.000000	6	0.781250	0.000000	0.005000	0.000000	0.000000	0.000000	-1.562500	0.000000	0.000000	0	0	0	
1024813	1655	0.000000	0.000000	0.000000	1.570000	0.230000	49.000000	51.000000	6	0.781250	0.000000	0.005000	0.000000	0.000000	0.000000	-1.562500	0.000000	0.000000	0	0	0	
1025063	1649	0.000000	0.000000	0.000000	1.570000	0.230000	48.000000	51.000000	6	0.781250	0.000000	0.005000	0.000000	0.000000	0.000000	-1.562500	0.000000	0.000000	0	0	0	
1025281	1642	0.000000	0.000000	0.000000	1.580000	0.230000	48.000000	51.000000	6	0.781250	0.000000	0.000000	0.000000	0.000000	0.000000	-1.562500	0.000000	0.000000	0	0	0	
1025500	1638	0.000000	0.000000	0.000000	1.580000	0.230000	48.000000	51.000000	6	0.781250	0.000000	0.000000	0.000000	0.000000	0.000000	-1.562500	0.000000	0.000000	0	0	0	
1025766	1629	0.000000	0.000000	0.000000	1.570000	0.230000	48.000000	51.000000	6	0.781250	0.000000	0.000000	0.000000	0.000000	0.000000	-1.562500	0.000000	0.000000	0	0	0	
1026000	1627	0.000000	0.000000	0.000000	1.580000	0.230000	49.000000	51.000000	6	0.781250	0.000000	0.000000	0.000000	0.000000	0.000000	-1.562500	0.000000	0.000000	0	0	0	
1026219	1621	0.000000	0.000000	0.000000	1.590000	0.230000	49.000000	51.000000	6	0.781250	0.000000	0.000000	0.000000	0.000000	0.000000	-1.562500	0.000000	0.000000	0	0	0	
1026453	1615	0.000000	0.000000	0.000000	1.580000	0.230000	48.000000	51.000000	6	0.781250	0.000000	0.000000	0.000000	0.000000	0.000000	-1.562500	0.000000	0.000000	0	0	0	
1026703	1608	0.000000	0.000000	0.000000	1.590000	0.230000	48.000000	51.000000	6	0.781250	0.000000	0.000000	0.000000	0.000000	0.000000	-1.562500	0.000000	0.000000	0	0	0	
1026984	1598	0.000000	0.000000	0.000000	1.590000	0.230000	49.000000	51.000000	6	0.781250	0.000000	0.000000	0.000000	0.000000	0.000000	-1.562500	0.000000	0.000000	0	0	0	
1027188	1593	0.000000	0.000000	0.000000	1.590000	0.230000	49.000000	51.000000	6	0.781250	0.000000	0.000000	0.000000	0.000000	0.000000	-1.562500	0.000000	0.000000	0	0	0	
1027422	1585	0.000000	0.000000	0.000000	1.590000	0.230000	48.000000	51.000000	6	0.781250	0.000000	0.000000	0.000000	0.000000	0.000000	-1.562500	0.000000	0.000000	0	0	0	
1027672	1584	0.000000	0.000000	0.000000	1.590000	0.230000	48.000000	51.000000	6	0.781250	0.000000	0.000000	0.000000	0.000000	0.000000	-1.562500	0.000000	0.000000	0	0	0	
1027906	1578	0.000000	0.000000	0.000000	1.590000	0.230000	48.000000	51.000000	6	0.781250	0.000000	0.000000	0.000000	0.000000	0.000000	-1.562500	0.000000	0.000000	0	0	0	
1028172	1566	0.000000	0.000000	0.000000	1.590000	0.220000	48.000000	51.000000	6	0.781250	0.000000	0.000000	0.000000	0.000000	0.000000	-1.562500	0.000000	0.000000	0	0	0	
1028563	1556	0.000000	0.000000	0.000000	1.600000	0.230000	48.000000	51.000000	6	0.781250	0.000000	0.000000	0.000000	0.000000	0.000000	-1.562500	0.000000	0.000000	0	0	0	
1028813	1550	0.000000	0.000000	0.000000	1.600000	0.220000	48.000000	51.000000	6	0.781250	0.000000	0.000000	0.000000	0.000000	0.000000	-1.562500	0.000000	0.000000	0	0	0	
1029047	1540	0.000000	0.000000	0.000000	1.600000	0.220000	48.000000	51.000000	6	0.781250	0.000000	0.000000	0.000000	0.000000	0.000000	-1.562500	0.000000	0.000000	0	0	0	
1029281	1534	0.000000	0.000000	0.000000	1.600000	0.230000	48.000000	51.000000	6	0.781250	0.000000	0.000000	0.000000	0.000000	0.000000	-1.562500	0.000000	0.000000	0	0	0	
1029500	1531	0.000000	0.000000	0.000000	1.600000	0.220000	48.000000	51.000000	6	0.781250	0.000000	0.000000	0.000000	0.000000	0.000000	-1.562500	0.000000	0.000000	0	0	0	
1029719	1526	0.000000	0.000000	0.000000	1.600000	0.230000	48.000000	51.000000	6	0.781250	0.000000	0.000000	0.000000	0.000000	0.000000	-1.562500	0.000000	0.000000	0	0	0	
1029969	1523	0.000000	0.000000	0.000000	1.600000	0.230000	48.000000	51.000000	6	0.781250	0.000000	0.000000	0.000000	0.000000	0.000000	-1.562500	0.000000	0.000000	0	0	0	
1030203	1510	0.000000	0.000000	0.000000	1.590000	0.230000	48.000000	51.000000	6	0.781250	0.000000	0.000000	0.000000	0.000000	0.000000	-1.562500	0.000000	0.000000	0	0	0	
1030453	1483	0.000000	0.000000	0.000000	1.590000	0.220000	48.000000	51.000000	6	0.781250	0.000000	0.000000	0.000000	0.000000	0.000000	-1.562500	0.000000	0.000000	0	0	0	
1030688	1431	0.000000	0.000000	0.000000	1.590000	0.240000	48.000000	51.000000	6	0.781250	0.000000	0.000000	0.000000	0.000000	0.000000	-1.562500	0.000000	0.000000	0	0	0	
1030922	1397	0.000000	0.000000	0.000000	1.590000	0.240000	48.000000	51.000000	6	0.781250	0.000000	0.000000	0.000000	0.000000	0.000000	-1.562500	0.000000	0.000000	0	0	0	
1031156	1363	0.000000	0.000000	0.000000	1.590000	0.230000	48.000000	51.000000	6	0.781250	0.000000	0.000000	0.000000	0.000000	0.000000	-1.562500	0.000000	0.000000	0	0	0	
1031406	1345	0.000000	0.000000	0.000000	1.580000	0.240000	48.000000	51.000000	6	0.781250	0.000000	0.000000	0.000000	0.000000	0.000000	-1.562500	0.000000	0.000000	0	0	0	
1031656	1332	0.000000	0.000000	0.000000	1.590000	0.230000	48.000000	51.000000	6	0.781250	0.000000	0.000000	0.000000	0.000000	0.000000	-1.562500	0.000000	0.000000	0	0	0	
1031906	1324	0.000000	0.000000	0.000000	1.590000	0.230000	48.000000	51.000000	6	0.781250	0.000000	0.000000	0.000000	0.000000	0.000000	-1.562500	0.000000	0.000000	0	0	0	
1032141	1369	0.000000	2.240000	1.760000	1.570000	0.230000	48.000000	51.000000	6	0.781250	0.000000	0.000000	0.000000	2.100000	1.650000	-1.562500	0.000000	0.000000	0	0	0	
1032453	1272	0.000000	2.260000	1.630000	1.510000	0.240000	48.000000	51.000000	6	0.781250	0.000000	0.000000	0.000000	2.290000	1.650000	-1.562500	0.000000	0.000000	0	0	0	
1032750	1297	0.000000	2.370000	1.700000	1.500000	0.230000	48.000000	51.000000	6	0.781250	0.000000	0.000000	0.000000	2.380000	1.730000	-1.562500	0.000000	0.000000	0	0	0	
1033016	1283	0.000000	2.400000	1.750000	1.500000	0.230000	48.000000	51.000000	6	0.781250	0.000000	0.000000	0.000000	2.420000	1.760000	-1.562500	0.000000	0.000000	0	0	0	
1033250	1266	0.000000	2.380000	1.740000	1.490000	0.230000	48.000000	51.000000	6	0.781250	0.000000	0.000000	0.000000	2.420000	1.770000	-1.562500	0.000000	0.000000	0	0	0	
1033672	1219	0.000000	2.350000	1.730000	1.500000	0.220000	48.000000	51.000000	6	0.781250	0.000000	0.000000	0.000000	2.370000	1.750000	-1.562500	0.000000	0.000000	0	0	0	
1033938	1161	0.000000	2.300000	1.710000	1.500000	0.230000	48.000000	51.000000	6	0.781250	0.000000	0.005000	0.000000	2.330000	1.730000	-1.562500	0.000000	0.005000	0	0	0	
1034219	1117	0.000000	2.300000	1.740000	1.500000	0.220000	48.000000	51.000000	6	0.781250	0.000000	0.005000	0.000000	2.330000	1.770000	-1.562500	0.000000	0.005000	0	0	0	
1034484	1039	0.000000	2.310000	1.770000	1.510000	0.230000	48.000000	51.000000	6	0.781250	0.000000	0.005000	0.000000	2.370000	1.820000	-1.562500	0.000000	0.005000	0	0	0	
1034766	923	0.000000	2.490000	1.930000	1.500000	0.250000	48.000000	51.000000	6	0.781250	0.000000	0.005000	0.000000	2.420000	1.980000	-1.562500	0.000000	0.005000	0	0	0	
1035047	789	0.000000	3.180000	2.630000	1.490000	0.320000	48.000000	51.000000	6	0.781250	0.000000	0.010000	0.000000	3.170000	2.620000	-1.562500	0.000000	0.005000	0	0	0	
1035297	779	0.000000	3.370000	2.690000	1.500000	0.340000	48.000000	51.000000	6	0.781250	0.000000	0.010000	0.000000	3.420000	2.720000	-1.562500	0.000000	0.005000	0	0	0	
1035563	795	0.000000	3.540000	2.780000	1.500000	0.340000	48.000000	52.000000	6	0.781250	0.000000	0.010000	0.000000	3.590000	2.800000	-1.562500	0.000000	0.005000	0	0	0	
1035828	804	0.000000	3.610000	2.820000	1.500000	0.340000	48.000000	51.000000	6	0.781250	0.000000	0.010000	0.000000	3.550000	2.780000	-1.562500	0.000000	0.005000	0	0	0	
1036094	815	0.000000	3.530000	2.740000	1.480000	0.340000	48.000000	52.000000	6	0.781250	0.000000	0.010000	0.000000	3.530000	2.750000	-1.562500	0.000000	0.005000	0	0	0	
1036359	821	0.000000	3.510000	2.700000	1.490000	0.340000	48.000000	52.000000	6	0.781250	0.000000	0.010000	0.000000	3.520000	2.720000	-1.562500	0.000000	0.005000	0	0	0	
1036609	819	0.000000	3.440000	2.670000	1.490000	0.330000	48.000000	52.000000	6	0.781250	0.000000	0.010000	0.000000	3.450000	2.670000	-1.562500	0.000000	0.005000	0	0	0	
1036891	825	0.000000	3.140000	2.610000	1.500000	0.330000	48.000000	52.000000	6	0.781250	0.000000	0.010000	0.000000	3.090000	2.570000	-1.562500	0.000000	0.005000	0	0	0	
1037141	840	0.000000	3.040000	2.510000	1.500000	0.330000	48.000000	52.000000	6	0.781250	0.000000	0.010000	0.000000	2.870000	2.370000	-1.562500	0.000000	0.005000	0	0	0	
1037438	846	0.000000	2.980000	2.480000	1.500000	0.320000	48.000000	52.000000	6	0.781250	-4.687500	0.015000	0.000000	2.810000	2.310000	-1.562500	-4.687500	0.000000	0	0	0	
1037734	886	0.000000	2.860000	2.320000	1.500000	0.310000	48.000000	52.000000	6	0.781250	-4.687500	0.015000	0.000000	2.680000	2.130000	-1.562500	-4.687500	0.000000	0	0	0	
1038016	982	0.000000	2.640000	2.110000	1.510000	0.280000	48.000000	52.000000	6	0.781250	-4.687500	0.015000	0.000000	2.500000	1.970000	-1.562500	-4.687500	0.000000	0	0	0	
1038266	974	0.000000	2.500000	1.960000	1.510000	0.260000	48.000000	52.000000	6	0.781250	-3.906250	0.030000	0.000000	2.370000	1.850000	-1.562500	-4.687500	0.010000	0	0	0	
1038516	965	0.000000	2.460000	1.930000	1.500000	0.260000	48.000000	52.000000	6	0.781250	-3.906250	0.030000	0.000000	2.390000	1.850000	-1.562500	-3.906250	0.010000	0	0	0	
1038781	959	0.000000	2.470000	1.940000	1.500000	0.260000	48.000000	52.000000	6	0.781250	-3.906250	0.030000	0.000000	2.410000	1.870000	-1.562500	-3.906250	0.010000	0	0	0	
1039203	990	0.000000	2.490000	1.950000	1.480000	0.270000	48.000000	52.000000	6	0.781250	-3.906250	0.030000	0.000000	2.540000	2.000000	-1.562500	-3.906250	0.010000	0	0	0	
1039453	949	0.000000	4.110000	2.940000	1.460000	0.370000	48.000000	52.000000	6	0.781250	-1.562500	0.050000	0.000000	4.470000	3.170000	-1.562500	7.812500	0.010000	0	0	0	
1039734	951	0.000000	5.020000	3.740000	1.490000	0.440000	48.000000	52.000000	6	0.781250	-1.562500	0.050000	0.000000	4.980000	3.710000	-1.562500	7.812500	0.010000	0	0	0	
1040031	985	0.000000	4.940000	3.660000	1.470000	0.490000	48.000000	52.000000	6	0.781250	-1.562500	0.050000	0.000000	4.910000	3.620000	-1.562500	7.812500	0.010000	0	0	0	
1040250	992	0.000000	5.810000	4.210000	1.460000	0.530000	48.000000	52.000000	6	0.781250	-1.562500	0.050000	0.000000	5.140000	3.860000	-1.562500	7.812500	0.010000	0	0	0	
1040547	1004	0.000000	5.780000	4.140000	1.460000	0.540000	48.000000	52.000000	6	0.781250	-1.562500	0.070000	0.000000	5.080000	3.800000	-1.562500	0.000000	0.015000	0	0	0	
1040813	1017	0.000000	5.730000	4.030000	1.470000	0.550000	48.000000	52.000000	6	0.781250	-1.562500	0.070000	0.000000	5.000000	3.660000	-1.562500	0.000000	0.015000	0	0	0	
1041078	1047	0.000000	5.940000	4.310000	1.470000	0.610000	48.000000	52.000000	6	0.781250	-1.562500	0.070000	0.000000	5.730000	4.010000	-1.562500	0.000000	0.015000	0	0	0	
1041344	1051	0.000000	5.810000	4.290000	1.490000	0.640000	48.000000	52.000000	6	0.781250	-1.562500	0.070000	0.000000	5.740000	4.180000	-1.562500	0.000000	0.015000	0	0	0	
1041625	1058	0.000000	5.840000	4.330000	1.470000	0.640000	48.000000	52.000000	6	0.781250	-7.031250	0.805000	0.000000	5.780000	4.180000	-1.562500	-11.718750	0.015000	0	0	0	
1041875	1104	0.000000	7.350000	5.480000	1.440000	0.750000	48.000000	52.000000	6	0.781250	-7.031250	0.805000	0.000000	5.790000	4.120000	-1.562500	-11.718750	0.015000	0	0	0	
1042141	1186	0.000000	8.470000	6.620000	1.440000	0.820000	48.000000	52.000000	6	0.781250	-7.031250	0.805000	0.000000	8.120000	5.960000	-1.562500	-11.718750	0.015000	0	0	0	
1042422	1192	0.000000	8.100000	5.930000	1.440000	0.820000	48.000000	52.000000	6	0.781250	-7.031250	0.805000	0.000000	8.030000	5.880000	-1.562500	-11.718750	0.015000	0	0	0	
1042703	1234	0.000000	8.090000	5.850000	1.430000	0.800000	48.000000	52.000000	6	0.781250	-14.062500	0.805000	0.000000	7.600000	5.570000	-1.562500	-12.500000	0.055000	0	0	0	
1042938	1287	0.000000	7.560000	5.610000	1.460000	0.800000	48.000000	52.000000	6	0.781250	-14.062500	0.805000	0.000000	7.800000	5.690000	-1.562500	-12.500000	0.055000	0	0	0	
1043234	1322	0.000000	7.290000	5.550000	1.460000	0.780000	48.000000	52.000000	6	0.781250	-14.062500	0.805000	0.000000	7.440000	5.560000	-1.562500	-12.500000	0.055000	0	0	0	
1043516	1364	0.000000	7.940000	5.730000	1.440000	0.770000	48.000000	52.000000	6	0.781250	-14.062500	0.805000	0.000000	7.080000	5.360000	-1.562500	-12.500000	0.055000	0	0	0	
1043766	1398	0.000000	6.590000	5.170000	1.430000	0.760000	48.000000	52.000000	6	0.781250	-10.156250	0.115000	0.000000	7.680000	5.630000	-2.343750	-3.906250	0.030000	0	0	0	
1044016	1443	0.000000	7.050000	5.360000	1.440000	0.760000	48.000000	52.000000	6	0.781250	-10.156250	0.115000	0.000000	6.880000	5.280000	-2.343750	-3.906250	0.030000	0	0	0	
1044266	1473	0.000000	7.290000	5.530000	1.470000	0.750000	48.000000	52.000000	6	0.781250	-10.156250	0.115000	0.000000	6.640000	5.180000	-2.343750	-3.906250	0.030000	0	0	0	
1044656	1530	0.000000	6.350000	4.990000	1.460000	0.740000	48.000000	52.000000	6	0.781250	-10.156250	0.115000	0.000000	6.610000	5.130000	-2.343750	-3.906250	0.030000	0	0	0	
1044953	1561	0.000000	5.470000	4.180000	1.520000	0.600000	48.000000	52.000000	6	0.781250	-6.250000	0.710000	0.000000	4.900000	3.880000	-2.343750	-5.468750	0.080000	0	0	0	
1045203	1581	0.000000	4.130000	3.180000	1.520000	0.450000	48.000000	52.000000	6	0.781250	-6.250000	0.710000	0.000000	4.180000	3.000000	-2.343750	-5.468750	0.080000	0	0	0	
1045469	1588	0.000000	3.580000	2.710000	1.500000	0.410000	48.000000	52.000000	6	0.781250	-6.250000	0.710000	0.000000	3.590000	2.760000	-2.343750	-5.468750	0.080000	0	0	0	
1045734	1602	0.000000	3.460000	2.720000	1.490000	0.390000	48.000000	52.000000	6	0.781250	-6.250000	0.710000	0.000000	3.500000	2.590000	-2.343750	-5.468750	0.080000	0	0	0	
1045984	1611	0.000000	3.410000	2.680000	1.490000	0.390000	48.000000	52.000000	6	0.781250	-0.781250	0.140000	0.000000	3.440000	2.540000	-2.343750	-0.781250	0.060000	0	0	0	
1046250	1622	0.000000	3.430000	2.570000	1.510000	0.380000	48.000000	52.000000	6	0.781250	-0.781250	0.140000	0.000000	3.450000	2.570000	-2.343750	-0.781250	0.060000	0	0	0	
1046516	1629	0.000000	3.360000	2.520000	1.500000	0.360000	48.000000	52.000000	6	0.781250	-0.781250	0.140000	0.000000	3.220000	2.390000	-2.343750	-0.781250	0.060000	0	0	0	
1046750	1637	0.000000	3.220000	2.400000	1.500000	0.340000	48.000000	52.000000	6	0.781250	-0.781250	0.140000	0.000000	3.120000	2.320000	-2.343750	-0.781250	0.060000	0	0	0	
1047000	1636	0.000000	2.620000	2.060000	1.510000	0.290000	48.000000	52.000000	6	0.781250	-3.906250	0.105000	0.000000	2.570000	2.020000	-2.343750	-5.468750	0.170000	0	0	0	
1047281	1613	0.000000	2.270000	1.750000	1.520000	0.250000	48.000000	52.000000	6	0.781250	-3.906250	0.105000	0.000000	2.320000	1.790000	-2.343750	-5.468750	0.170000	0	0	0	
1047531	1646	0.000000	2.220000	1.680000	1.500000	0.240000	48.000000	52.000000	6	0.781250	-3.906250	0.105000	0.000000	2.190000	1.660000	-2.343750	-5.468750	0.170000	0	0	0	
1047781	1632	0.000000	2.220000	1.680000	1.510000	0.230000	48.000000	52.000000	6	0.781250	-3.906250	0.105000	0.000000	2.170000	1.630000	-2.343750	-5.468750	0.170000	0	0	0	
1048063	1610	0.000000	2.230000	1.670000	1.520000	0.230000	48.000000	52.000000	6	0.781250	0.000000	0.695000	0.000000	2.120000	1.570000	-2.343750	0.000000	0.685000	0	0	0	
1048313	1602	0.000000	2.130000	1.590000	1.540000	0.230000	48.000000	52.000000	6	0.781250	0.000000	0.695000	0.000000	2.120000	1.570000	-2.343750	0.000000	0.685000	0	0	0	
1048563	1586	0.000000	2.150000	1.590000	1.540000	0.230000	48.000000	52.000000	6	0.781250	0.000000	0.695000	0.000000	2.120000	1.570000	-2.343750	0.000000	0.685000	0	0	0	
1048813	1600	0.000000	2.120000	1.610000	1.540000	0.230000	48.000000	52.000000	6	0.781250	0.000000	0.695000	0.000000	2.120000	1.570000	-2.343750	0.000000	0.685000	0	0	0	
1049078	1596	0.000000	2.130000	1.600000	1.550000	0.230000	48.000000	52.000000	6	0.781250	0.000000	0.695000	0.000000	2.120000	1.570000	-2.343750	0.000000	0.685000	0	0	0	
1049297	1594	0.000000	0.000000	0.000000	1.560000	0.230000	48.000000	52.000000	6	0.781250	0.000000	0.040000	0.000000	0.000000	0.000000	-2.343750	0.000000	0.000000	0	0	0	
1049531	1585	0.000000	0.000000	0.000000	1.560000	0.230000	48.000000	52.000000	6	0.781250	0.000000	0.040000	0.000000	0.000000	0.000000	-2.343750	0.000000	0.000000	0	0	0	
1049953	1573	0.000000	0.000000	0.000000	1.570000	0.230000	48.000000	52.000000	6	0.781250	0.000000	0.040000	0.000000	0.000000	0.000000	-2.343750	0.000000	0.000000	0	0	0	
1050203	1560	0.000000	0.000000	0.000000	1.570000	0.230000	48.000000	52.000000	6	0.781250	0.000000	0.040000	0.000000	0.000000	0.000000	-2.343750	0.000000	0.000000	0	0	0	
1050438	1547	0.000000	0.000000	0.000000	1.580000	0.230000	48.000000	52.000000	6	0.781250	0.000000	0.010000	0.000000	0.000000	0.000000	-2.343750	0.000000	0.000000	0	0	0	
1050656	1544	0.000000	0.000000	0.000000	1.580000	0.230000	48.000000	52.000000	6	0.781250	0.000000	0.010000	0.000000	0.000000	0.000000	-2.343750	0.000000	0.000000	0	0	0	
1050906	1535	0.000000	0.000000	0.000000	1.570000	0.230000	48.000000	52.000000	6	0.781250	0.000000	0.010000	0.000000	0.000000	0.000000	-2.343750	0.000000	0.000000	0	0	0	
1051156	1526	0.000000	0.000000	0.000000	1.580000	0.230000	48.000000	52.000000	6	0.781250	0.000000	0.010000	0.000000	0.000000	0.000000	-2.343750	0.000000	0.000000	0	0	0	
1051391	1520	0.000000	0.000000	0.000000	1.580000	0.230000	48.000000	52.000000	6	0.781250	0.000000	0.000000	0.000000	0.000000	0.000000	-2.343750	0.000000	0.000000	0	0	0	
1051609	1514	0.000000	0.000000	0.000000	1.580000	0.220000	48.000000	52.000000	6	0.781250	0.000000	0.000000	0.000000	0.000000	0.000000	-2.343750	0.000000	0.000000	0	0	0	
1051859	1503	0.000000	0.000000	0.000000	1.580000	0.220000	48.000000	52.000000	6	0.781250	0.000000	0.000000	0.000000	0.000000	0.000000	-2.343750	0.000000	0.000000	0	0	0	
1052078	1493	0.000000	0.000000	0.000000	1.580000	0.230000	48.000000	52.000000	6	0.781250	0.000000	0.000000	0.000000	0.000000	0.000000	-2.343750	0.000000	0.000000	0	0	0	
1052344	1485	0.000000	0.000000	0.000000	1.580000	0.220000	48.000000	52.000000	6	0.781250	0.000000	0.000000	0.000000	0.000000	0.000000	-2.343750	0.000000	0.000000	0	0	0	
1052609	1482	0.000000	0.000000	0.000000	1.580000	0.220000	48.000000	52.000000	6	0.781250	0.000000	0.000000	0.000000	0.000000	0.000000	-2.343750	0.000000	0.000000	0	0	0	
1052844	1473	0.000000	0.000000	0.000000	1.570000	0.230000	48.000000	52.000000	6	0.781250	0.000000	0.000000	0.000000	0.000000	0.000000	-2.343750	0.000000	0.000000	0	0	0	
1053078	1459	0.000000	0.000000	0.000000	1.570000	0.230000	48.000000	52.000000	6	0.781250	0.000000	0.000000	0.000000	0.000000	0.000000	-2.343750	0.000000	0.000000	0	0	0	
1053344	1451	0.000000	0.000000	0.000000	1.580000	0.230000	48.000000	52.000000	6	0.781250	0.000000	0.000000	0.000000	0.000000	0.000000	-2.343750	0.000000	0.000000	0	0	0	
1053609	1441	0.000000	0.000000	0.000000	1.570000	0.230000	48.000000	52.000000	6	0.781250	0.000000	0.000000	0.000000	0.000000	0.000000	-2.343750	0.000000	0.000000	0	0	0	
1053859	1429	0.000000	0.000000	0.000000	1.570000	0.230000	47.000000	52.000000	6	0.781250	0.000000	0.000000	0.000000	0.000000	0.000000	-2.343750	0.000000	0.000000	0	0	0	
1054109	1424	0.000000	2.360000	1.770000	1.550000	0.250000	47.000000	52.000000	6	0.781250	0.000000	0.000000	0.000000	2.120000	1.570000	-2.343750	0.000000	0.000000	0	0	0	
1054375	1399	0.000000	2.860000	2.060000	1.490000	0.290000	48.000000	52.000000	6	0.781250	0.000000	0.000000	0.000000	2.120000	1.570000	-2.343750	0.000000	0.000000	0	0	0	
1054641	1439	0.000000	2.870000	2.110000	1.490000	0.300000	48.000000	52.000000	6	0.781250	0.000000	0.000000	0.000000	2.880000	2.080000	-2.343750	0.000000	0.000000	0	0	0	
1055047	1459	0.000000	3.590000	2.650000	1.460000	0.350000	48.000000	52.000000	6	0.781250	0.000000	0.000000	0.000000	3.600000	2.680000	-2.343750	0.000000	0.000000	0	0	0	
1055297	1445	0.000000	3.870000	3.000000	1.460000	0.400000	47.000000	52.000000	6	0.781250	0.000000	0.000000	0.000000	3.870000	2.980000	-2.343750	0.000000	0.000000	0	0	0	
1055547	1440	0.000000	4.660000	3.360000	1.450000	0.470000	48.000000	52.000000	6	0.781250	0.000000	0.000000	0.000000	4.650000	3.360000	-2.343750	0.000000	0.000000	0	0	0	
1055813	1455	0.000000	4.990000	3.890000	1.450000	0.510000	48.000000	52.000000	6	0.781250	0.000000	0.000000	0.000000	4.940000	3.770000	-2.343750	0.000000	0.000000	0	0	0	
1056063	1474	0.000000	4.940000	3.830000	1.440000	0.520000	47.000000	52.000000	6	0.781250	0.000000	0.000000	0.000000	4.900000	3.730000	-2.343750	0.000000	0.000000	0	0	0	
1056344	1473	0.000000	4.950000	3.850000	1.470000	0.520000	48.000000	52.000000	6	0.781250	0.000000	0.000000	0.000000	4.830000	3.600000	-2.343750	0.000000	0.000000	0	0	0	
1056594	1501	0.000000	4.950000	3.900000	1.490000	0.520000	48.000000	52.000000	6	0.781250	0.000000	0.000000	0.000000	4.680000	3.410000	-2.343750	0.000000	0.000000	0	0	0	
1056844	1521	0.000000	4.920000	3.850000	1.490000	0.490000	48.000000	52.000000	6	0.781250	3.125000	0.005000	0.000000	4.260000	3.210000	-2.343750	-3.906250	0.010000	0	0	0	
1057078	1531	0.000000	4.610000	3.240000	1.510000	0.410000	48.000000	52.000000	6	0.781250	3.125000	0.005000	0.000000	3.670000	2.910000	-2.343750	-3.906250	0.010000	0	0	0	
1057359	1539	0.000000	3.370000	2.520000	1.530000	0.310000	47.000000	52.000000	6	0.781250	3.125000	0.005000	0.000000	3.020000	2.230000	-2.343750	-3.906250	0.010000	0	0	0	
1057609	1535	0.000000	2.690000	2.020000	1.530000	0.260000	47.000000	52.000000	6	0.781250	3.125000	0.005000	0.000000	2.450000	1.850000	-2.343750	-3.906250	0.010000	0	0	0	
1057859	1559	0.000000	2.380000	1.800000	1.510000	0.240000	48.000000	52.000000	6	0.781250	-3.906250	0.025000	0.000000	2.250000	1.670000	-2.343750	-3.906250	0.020000	0	0	0	
1058109	1546	0.000000	2.310000	1.720000	1.510000	0.230000	48.000000	52.000000	6	0.781250	-3.906250	0.025000	0.000000	2.270000	1.670000	-2.343750	-3.906250	0.020000	0	0	0	
1058391	1544	0.000000	2.360000	1.760000	1.490000	0.230000	47.000000	52.000000	6	0.781250	-3.906250	0.025000	0.000000	2.260000	1.660000	-2.343750	-3.906250	0.020000	0	0	0	
1058641	1525	0.000000	2.410000	1.800000	1.500000	0.230000	48.000000	52.000000	6	0.781250	-3.906250	0.025000	0.000000	2.240000	1.640000	-2.343750	-3.906250	0.020000	0	0	0	
1058891	1533	0.000000	2.440000	1.830000	1.490000	0.230000	48.000000	52.000000	6	0.781250	-3.906250	0.025000	0.000000	2.260000	1.640000	-2.343750	-3.906250	0.020000	0	0	0	
1059156	1530	0.000000	2.410000	1.800000	1.500000	0.220000	47.000000	52.000000	6	0.781250	5.468750	0.085000	0.000000	2.180000	1.560000	-2.343750	-4.687500	0.035000	0	0	0	
1059422	1519	0.000000	2.370000	1.760000	1.510000	0.220000	47.000000	52.000000	6	0.781250	5.468750	0.085000	0.000000	2.140000	1.530000	-2.343750	-4.687500	0.035000	0	0	0	
1059672	1523	0.000000	2.360000	1.760000	1.510000	0.230000	48.000000	52.000000	6	0.781250	5.468750	0.085000	0.000000	2.080000	1.490000	-2.343750	-4.687500	0.035000	0	0	0	
1059938	1520	0.000000	2.390000	1.780000	1.510000	0.230000	47.000000	52.000000	6	0.781250	5.468750	0.085000	0.000000	2.150000	1.530000	-2.343750	-4.687500	0.035000	0	0	0	
1060328	1516	0.000000	2.380000	1.780000	1.530000	0.220000	47.000000	52.000000	6	0.781250	0.781250	0.815000	0.000000	2.160000	1.550000	-2.343750	-7.812500	0.240000	0	0	0	
1060594	1507	0.000000	2.360000	1.750000	1.530000	0.220000	47.000000	52.000000	6	0.781250	0.781250	0.815000	0.000000	2.110000	1.500000	-2.343750	-7.812500	0.240000	0	0	0	
1060844	1499	0.000000	2.250000	1.640000	1.520000	0.220000	47.000000	52.000000	6	0.781250	0.781250	0.815000	0.000000	2.070000	1.460000	-2.343750	-7.812500	0.240000	0	0	0	
1061063	1502	0.000000	2.180000	1.570000	1.510000	0.220000	48.000000	52.000000	6	0.781250	0.781250	0.840000	0.000000	2.140000	1.520000	-2.343750	-7.812500	0.240000	0	0	0	
1061328	1498	0.000000	2.170000	1.550000	1.510000	0.220000	48.000000	52.000000	6	0.781250	0.000000	0.840000	0.000000	2.180000	1.560000	-2.343750	-4.687500	0.030000	0	0	0	
1061594	1498	0.000000	2.160000	1.530000	1.510000	0.230000	48.000000	52.000000	6	0.781250	0.000000	0.840000	0.000000	2.150000	1.530000	-2.343750	-4.687500	0.030000	0	0	0	
1061844	1492	0.000000	2.090000	1.470000	1.520000	0.220000	47.000000	52.000000	6	0.781250	0.000000	0.840000	0.000000	2.140000	1.510000	-2.343750	-4.687500	0.030000	0	0	0	
1062078	1487	0.000000	2.050000	1.430000	1.530000	0.230000	48.000000	52.000000	6	0.781250	0.000000	0.840000	0.000000	2.120000	1.510000	-2.343750	-4.687500	0.030000	0	0	0	
1062344	1485	0.000000	2.060000	1.440000	1.530000	0.220000	47.000000	53.000000	6	0.781250	-14.843750	0.830000	0.000000	2.140000	1.530000	-2.343750	-7.812500	0.035000	0	0	0	
1062594	1483	0.000000	2.070000	1.440000	1.510000	0.230000	47.000000	53.000000	6	0.781250	-14.843750	0.830000	0.000000	2.180000	1.550000	-2.343750	-7.812500	0.035000	0	0	0	
1062844	1471	0.000000	2.160000	1.530000	1.510000	0.230000	47.000000	53.000000	6	0.781250	-14.843750	0.830000	0.000000	2.190000	1.550000	-2.343750	-7.812500	0.035000	0	0	0	
1063109	1467	0.000000	2.190000	1.550000	1.500000	0.230000	47.000000	53.000000	6	0.781250	-14.843750	0.830000	0.000000	2.150000	1.510000	-2.343750	-7.812500	0.035000	0	0	0	
1063406	1467	0.000000	2.100000	1.460000	1.510000	0.230000	48.000000	53.000000	6	0.781250	-10.156250	0.795000	0.000000	2.160000	1.520000	-2.343750	-8.593750	0.040000	0	0	0	
1063641	1464	0.000000	2.070000	1.440000	1.510000	0.230000	48.000000	53.000000	6	0.781250	-10.156250	0.795000	0.000000	2.160000	1.520000	-2.343750	-8.593750	0.040000	0	0	0	
1063859	1459	0.000000	2.040000	1.400000	1.520000	0.220000	48.000000	53.000000	6	0.781250	-10.156250	0.795000	0.000000	2.090000	1.460000	-2.343750	-8.593750	0.040000	0	0	0	
1064141	1454	0.000000	2.080000	1.440000	1.510000	0.230000	48.000000	53.000000	6	0.781250	-10.156250	0.795000	0.000000	2.180000	1.550000	-2.343750	-8.593750	0.040000	0	0	0	
1064391	1451	0.000000	2.170000	1.520000	1.500000	0.230000	47.000000	53.000000	6	0.781250	-10.156250	0.780000	0.000000	2.210000	1.570000	-2.343750	-8.593750	0.040000	0	0	0	
1064656	1452	0.000000	2.160000	1.520000	1.510000	0.220000	47.000000	53.000000	6	0.781250	-4.687500	0.780000	0.000000	2.150000	1.500000	-2.343750	-4.687500	0.025000	0	0	0	
1064891	1443	0.000000	2.230000	1.570000	1.480000	0.270000	47.000000	53.000000	6	0.781250	-4.687500	0.780000	0.000000	2.270000	1.600000	-2.343750	-4.687500	0.025000	0	0	0	
1065141	1466	0.000000	2.750000	2.020000	1.500000	0.320000	47.000000	53.000000	6	0.781250	-4.687500	0.780000	0.000000	2.840000	2.070000	-2.343750	-4.687500	0.025000	0	0	0	
1065578	1471	0.000000	3.070000	2.200000	1.490000	0.340000	48.000000	53.000000	6	0.781250	-7.812500	0.750000	0.000000	3.070000	2.200000	-2.343750	-4.687500	0.030000	0	0	0	
1065828	1456	0.000000	3.140000	2.220000	1.490000	0.340000	48.000000	53.000000	6	0.781250	-7.812500	0.750000	0.000000	3.160000	2.230000	-2.343750	-4.687500	0.030000	0	0	0	
1066078	1465	0.000000	3.110000	2.220000	1.480000	0.340000	47.000000	53.000000	6	0.781250	-7.812500	0.750000	0.000000	3.120000	2.220000	-2.343750	-4.687500	0.030000	0	0	0	
1066328	1468	0.000000	3.100000	2.210000	1.490000	0.340000	47.000000	53.000000	6	0.781250	-7.812500	0.750000	0.000000	2.980000	2.160000	-2.343750	-4.687500	0.030000	0	0	0	
1066563	1476	0.000000	2.990000	2.150000	1.490000	0.350000	48.000000	53.000000	6	0.781250	-7.031250	0.660000	0.000000	2.990000	2.150000	-2.343750	-8.593750	0.055000	0	0	0	
1066813	1481	0.000000	2.960000	2.150000	1.480000	0.340000	47.000000	53.000000	6	0.781250	-7.031250	0.660000	0.000000	2.970000	2.150000	-2.343750	-8.593750	0.055000	0	0	0	
1067094	1485	0.000000	2.920000	2.120000	1.500000	0.340000	47.000000	53.000000	6	0.781250	-7.031250	0.660000	0.000000	2.790000	2.050000	-2.343750	-8.593750	0.055000	0	0	0	
1067391	1485	0.000000	2.520000	1.880000	1.510000	0.290000	47.000000	53.000000	6	0.781250	-7.031250	0.660000	0.000000	2.530000	1.890000	-2.343750	-8.593750	0.055000	0	0	0	
1067625	1503	0.000000	2.200000	1.590000	1.510000	0.250000	47.000000	53.000000	6	0.781250	-7.031250	0.660000	0.000000	2.320000	1.680000	-2.343750	-8.593750	0.055000	0	0	0	
1067891	1501	0.000000	2.220000	1.600000	1.510000	0.240000	47.000000	53.000000	6	0.781250	-3.125000	0.625000	0.000000	2.270000	1.650000	-2.343750	1.562500	0.025000	0	0	0	
1068156	1483	0.000000	2.220000	1.600000	1.520000	0.230000	47.000000	53.000000	6	0.781250	-3.125000	0.625000	0.000000	2.290000	1.670000	-2.343750	1.562500	0.025000	0	0	0	
1068422	1472	0.000000	2.220000	1.580000	1.510000	0.230000	47.000000	53.000000	6	0.781250	-3.125000	0.625000	0.000000	2.240000	1.610000	-2.343750	1.562500	0.025000	0	0	0	
1068688	1480	0.000000	2.190000	1.570000	1.510000	0.220000	47.000000	53.000000	6	0.781250	-3.125000	0.625000	0.000000	2.150000	1.510000	-2.343750	1.562500	0.025000	0	0	0	
1068938	1472	0.000000	2.110000	1.490000	1.510000	0.220000	47.000000	53.000000	6	0.781250	3.125000	0.080000	0.000000	2.100000	1.460000	-2.343750	-2.343750	0.040000	0	0	0	
1069156	1472	0.000000	2.080000	1.460000	1.520000	0.220000	47.000000	53.000000	6	0.781250	3.125000	0.080000	0.000000	2.080000	1.440000	-2.343750	-2.343750	0.040000	0	0	0	
1069438	1459	0.000000	2.050000	1.420000	1.530000	0.220000	47.000000	53.000000	6	0.781250	3.125000	0.080000	0.000000	2.120000	1.490000	-2.343750	-2.343750	0.040000	0	0	0	
1069656	1458	0.000000	2.080000	1.450000	1.520000	0.230000	47.000000	53.000000	6	0.781250	3.125000	0.080000	0.000000	2.160000	1.530000	-2.343750	-2.343750	0.040000	0	0	0	
1069922	1455	0.000000	2.140000	1.500000	1.520000	0.220000	47.000000	53.000000	6	0.781250	2.343750	0.700000	0.000000	2.220000	1.580000	-2.343750	7.812500	0.020000	0	0	0	
1070172	1457	0.000000	2.150000	1.510000	1.510000	0.230000	47.000000	53.000000	6	0.781250	2.343750	0.700000	0.000000	2.150000	1.520000	-2.343750	7.812500	0.020000	0	0	0	
1070453	1441	0.000000	2.080000	1.430000	1.510000	0.230000	47.000000	53.000000	6	0.781250	2.343750	0.700000	0.000000	2.100000	1.450000	-2.343750	7.812500	0.020000	0	0	0	
1070906	1373	0.000000	1.910000	1.270000	1.530000	0.240000	47.000000	53.000000	6	0.781250	-1.562500	0.765000	0.000000	2.060000	1.410000	-2.343750	7.812500	0.260000	0	0	0	
1071172	1314	0.000000	2.030000	1.390000	1.520000	0.240000	47.000000	53.000000	6	0.781250	-1.562500	0.765000	0.000000	2.120000	1.470000	-2.343750	6.250000	0.260000	0	0	0	
1071422	1270	0.000000	2.140000	1.520000	1.520000	0.230000	47.000000	53.000000	6	0.781250	-1.562500	0.765000	0.000000	2.230000	1.610000	-2.343750	6.250000	0.260000	0	0	0	
1071672	1218	0.000000	2.200000	1.630000	1.520000	0.240000	47.000000	53.000000	6	0.781250	-1.562500	0.765000	0.000000	2.280000	1.660000	-2.343750	6.250000	0.260000	0	0	0	
1071953	1179	0.000000	2.250000	1.660000	1.510000	0.230000	47.000000	53.000000	6	0.781250	-1.562500	0.765000	0.000000	2.270000	1.690000	-2.343750	6.250000	0.260000	0	0	0	
1072203	1157	0.000000	2.210000	1.630000	1.510000	0.230000	47.000000	53.000000	6	0.781250	19.531250	0.050000	0.000000	2.290000	1.710000	-2.343750	22.656250	0.010000	0	0	0	
1072453	1140	0.000000	2.240000	1.660000	1.510000	0.230000	47.000000	53.000000	6	0.781250	19.531250	0.050000	0.000000	2.300000	1.730000	-2.343750	22.656250	0.010000	0	0	0	
1072719	1107	0.000000	2.280000	1.700000	1.510000	0.230000	47.000000	53.000000	6	0.781250	19.531250	0.050000	0.000000	2.300000	1.720000	-2.343750	22.656250	0.010000	0	0	0	
1072984	1094	0.000000	2.270000	1.710000	1.510000	0.230000	47.000000	53.000000	6	0.781250	19.531250	0.050000	0.000000	2.320000	1.770000	-2.343750	22.656250	0.010000	0	0	0	
1073234	1072	0.000000	2.270000	1.730000	1.520000	0.230000	47.000000	53.000000	6	0.781250	22.656250	0.050000	0.000000	2.340000	1.790000	-2.343750	22.656250	0.025000	0	0	0	
1073500	1056	0.000000	2.320000	1.780000	1.510000	0.230000	47.000000	53.000000	6	0.781250	22.656250	0.050000	0.000000	2.310000	1.780000	-2.343750	22.656250	0.025000	0	0	0	
1073766	1011	0.000000	2.290000	1.750000	1.510000	0.230000	47.000000	53.000000	6	0.781250	22.656250	0.050000	0.000000	2.350000	1.820000	-2.343750	22.656250	0.025000	0	0	0	
1074047	964	0.000000	2.340000	1.800000	1.500000	0.240000	47.000000	53.000000	6	0.781250	22.656250	0.050000	0.000000	2.400000	1.860000	-2.343750	22.656250	0.025000	0	0	0	
1074297	911	0.000000	2.420000	1.870000	1.500000	0.250000	47.000000	53.000000	6	0.781250	21.093750	0.075000	0.000000	2.430000	1.880000	-2.343750	19.531250	0.065000	0	0	0	
1074547	849	0.000000	2.550000	1.970000	1.500000	0.260000	47.000000	53.000000	6	0.781250	21.093750	0.075000	0.000000	2.580000	2.010000	-2.343750	19.531250	0.065000	0	0	0	
1074813	732	0.000000	2.830000	2.300000	1.490000	0.330000	47.000000	53.000000	6	0.781250	21.093750	0.075000	0.000000	3.060000	2.530000	-2.343750	19.531250	0.065000	0	0	0	
1075063	720	0.000000	3.560000	2.940000	1.520000	0.340000	47.000000	53.000000	6	0.781250	21.093750	0.075000	0.000000	3.450000	2.890000	-2.343750	19.531250	0.065000	0	0	0	
1075313	748	0.000000	3.500000	2.890000	1.510000	0.350000	47.000000	53.000000	6	0.781250	16.406250	0.110000	0.000000	3.450000	2.830000	-2.343750	14.843750	0.120000	0	0	0	
1075563	769	0.000000	3.430000	2.780000	1.530000	0.350000	47.000000	53.000000	6	0.781250	16.406250	0.110000	0.000000	3.480000	2.800000	-2.343750	14.843750	0.120000	0	0	0	
1075813	797	0.000000	3.130000	2.620000	1.520000	0.340000	47.000000	53.000000	6	0.781250	16.406250	0.110000	0.000000	3.050000	2.570000	-2.343750	14.843750	0.120000	0	0	0	
1076219	836	0.000000	2.800000	2.280000	1.520000	0.340000	47.000000	53.000000	6	0.781250	16.406250	0.110000	0.000000	2.870000	2.340000	-2.343750	14.843750	0.120000	0	0	0	
1076516	829	0.000000	2.710000	2.180000	1.510000	0.330000	47.000000	53.000000	6	0.781250	3.906250	0.780000	0.000000	2.790000	2.280000	-2.343750	4.687500	0.450000	0	0	0	
1076766	805	0.000000	2.710000	2.170000	1.510000	0.320000	47.000000	53.000000	6	0.781250	3.906250	0.780000	0.000000	2.690000	2.160000	-2.343750	4.687500	0.450000	0	0	0	
1076984	792	0.000000	2.620000	2.070000	1.510000	0.320000	47.000000	53.000000	6	0.781250	3.906250	0.780000	0.000000	2.680000	2.150000	-2.343750	4.687500	0.450000	0	0	0	
1077234	765	0.000000	2.580000	2.020000	1.510000	0.330000	47.000000	53.000000	6	0.781250	3.906250	0.780000	0.000000	2.660000	2.110000	-2.343750	4.687500	0.450000	0	0	0	
1077500	754	0.000000	2.620000	2.050000	1.510000	0.330000	47.000000	53.000000	6	0.781250	1.562500	0.830000	0.000000	2.640000	2.080000	-2.343750	4.687500	0.665000	0	0	0	
1077781	731	0.000000	2.600000	2.040000	1.520000	0.330000	47.000000	53.000000	6	0.781250	1.562500	0.830000	0.000000	2.640000	2.080000	-2.343750	2.343750	0.665000	0	0	0	
1078031	721	0.000000	2.610000	2.040000	1.510000	0.340000	47.000000	53.000000	6	0.781250	1.562500	0.830000	0.000000	2.690000	2.160000	-2.343750	2.343750	0.665000	0	0	0	
1078297	696	0.000000	2.660000	2.120000	1.520000	0.340000	47.000000	53.000000	6	0.781250	1.562500	0.830000	0.000000	2.680000	2.160000	-2.343750	2.343750	0.665000	0	0	0	
1078547	689	0.000000	2.680000	2.130000	1.530000	0.340000	47.000000	53.000000	6	0.781250	1.562500	0.835000	0.000000	2.660000	2.120000	-2.343750	2.343750	0.665000	0	0	0	
1078813	669	0.000000	2.610000	2.050000	1.520000	0.340000	47.000000	53.000000	6	0.781250	2.343750	0.835000	0.000000	2.710000	2.180000	-2.343750	1.562500	0.665000	0	0	0	
1079063	659	0.000000	2.630000	2.060000	1.510000	0.340000	47.000000	53.000000	6	0.781250	2.343750	0.835000	0.000000	2.640000	2.070000	-2.343750	1.562500	0.665000	0	0	0	
1079344	640	0.000000	2.660000	2.090000	1.500000	0.340000	47.000000	53.000000	6	0.781250	2.343750	0.835000	0.000000	2.650000	2.080000	-2.343750	1.562500	0.665000	0	0	0	
1079594	632	0.000000	2.640000	2.060000	1.510000	0.340000	47.000000	53.000000	6	0.781250	2.343750	0.835000	0.000000	2.680000	2.130000	-2.343750	1.562500	0.665000	0	0	0	
1079828	619	0.000000	2.650000	2.080000	1.520000	0.340000	47.000000	53.000000	6	0.781250	2.343750	0.825000	0.000000	2.650000	2.100000	-2.343750	1.562500	0.665000	0	0	0	
1080094	601	0.000000	2.690000	2.140000	1.520000	0.340000	47.000000	53.000000	6	0.781250	2.343750	0.825000	0.000000	2.650000	2.110000	-2.343750	1.562500	0.665000	0	0	0	
1080359	599	0.000000	2.690000	2.140000	1.520000	0.340000	47.000000	53.000000	6	0.781250	2.343750	0.825000	0.000000	2.710000	2.180000	-2.343750	1.562500	0.665000	0	0	0	
1080641	597	0.000000	2.680000	2.150000	1.520000	0.340000	47.000000	53.000000	6	0.781250	2.343750	0.825000	0.000000	2.690000	2.160000	-2.343750	1.562500	0.665000	0	0	0	
1080891	594	0.000000	2.700000	2.170000	1.520000	0.350000	47.000000	53.000000	6	0.781250	1.562500	0.805000	0.000000	2.680000	2.150000	-2.343750	-0.781250	0.670000	0	0	0	
1081141	594	0.000000	2.700000	2.140000	1.520000	0.340000	47.000000	53.000000	6	0.781250	1.562500	0.805000	0.000000	2.720000	2.180000	-2.343750	-0.781250	0.670000	0	0	0	
1081547	594	0.000000	2.710000	2.170000	1.510000	0.350000	47.000000	53.000000	6	0.781250	1.562500	0.805000	0.000000	2.690000	2.140000	-2.343750	-0.781250	0.670000	0	0	0	
1081813	593	0.000000	2.710000	2.170000	1.510000	0.350000	47.000000	53.000000	6	0.781250	1.562500	0.805000	0.000000	2.710000	2.180000	-2.343750	-0.781250	0.670000	0	0	0	
1082094	599	0.000000	2.680000	2.120000	1.500000	0.350000	47.000000	53.000000	6	0.781250	0.000000	0.785000	0.000000	2.710000	2.170000	-2.343750	-1.562500	0.680000	0	0	0	
1082328	596	0.000000	2.670000	2.120000	1.510000	0.350000	47.000000	53.000000	6	0.781250	0.000000	0.785000	0.000000	2.690000	2.140000	-2.343750	-1.562500	0.680000	0	0	0	
1082609	599	0.000000	2.690000	2.150000	1.510000	0.350000	47.000000	53.000000	6	0.781250	0.000000	0.785000	0.000000	2.700000	2.170000	-2.343750	-1.562500	0.680000	0	0	0	
1082859	599	0.000000	2.670000	2.110000	1.500000	0.350000	47.000000	53.000000	6	0.781250	0.000000	0.785000	0.000000	2.700000	2.160000	-2.343750	-1.562500	0.680000	0	0	0	
1083109	597	0.000000	2.660000	2.110000	1.510000	0.350000	47.000000	53.000000	6	0.781250	0.000000	0.775000	0.000000	2.680000	2.130000	-2.343750	-2.343750	0.690000	0	0	0	
1083359	598	0.000000	2.690000	2.150000	1.510000	0.350000	47.000000	53.000000	6	0.781250	0.000000	0.775000	0.000000	2.690000	2.140000	-2.343750	-2.343750	0.690000	0	0	0	
1083594	595	0.000000	2.660000	2.120000	1.510000	0.350000	47.000000	53.000000	6	0.781250	0.000000	0.775000	0.000000	2.710000	2.180000	-2.343750	-2.343750	0.690000	0	0	0	
1083844	594	0.000000	2.670000	2.130000	1.530000	0.350000	47.000000	53.000000	6	0.781250	0.000000	0.775000	0.000000	2.680000	2.140000	-2.343750	-2.343750	0.690000	0	0	0	
1084078	597	0.000000	2.680000	2.160000	1.530000	0.350000	47.000000	53.000000	6	0.781250	0.000000	0.755000	0.000000	2.670000	2.130000	-2.343750	-1.562500	0.700000	0	0	0	
1084344	598	0.000000	2.700000	2.180000	1.530000	0.350000	47.000000	53.000000	6	0.781250	0.000000	0.755000	0.000000	2.710000	2.190000	-2.343750	-1.562500	0.700000	0	0	0	
1084594	598	0.000000	2.690000	2.140000	1.530000	0.350000	47.000000	53.000000	6	0.781250	0.000000	0.755000	0.000000	2.680000	2.150000	-2.343750	-1.562500	0.700000	0	0	0	
1084844	596	0.000000	2.710000	2.190000	1.530000	0.350000	47.000000	53.000000	6	0.781250	0.000000	0.755000	0.000000	2.680000	2.160000	-2.343750	-1.562500	0.700000	0	0	0	
1085109	596	0.000000	2.710000	2.190000	1.510000	0.350000	47.000000	53.000000	6	0.781250	0.000000	0.755000	0.000000	2.720000	2.200000	-2.343750	-1.562500	0.700000	0	0	0	
1085359	598	0.000000	2.690000	2.170000	1.520000	0.350000	47.000000	53.000000	6	0.781250	1.562500	0.720000	0.000000	2.720000	2.220000	-2.343750	-0.781250	0.705000	0	0	0	
1085609	599	0.000000	2.750000	2.230000	1.510000	0.350000	47.000000	53.000000	6	0.781250	1.562500	0.720000	0.000000	2.720000	2.180000	-2.343750	-0.781250	0.705000	0	0	0	
1085875	598	0.000000	2.740000	2.220000	1.510000	0.350000	47.000000	53.000000	6	0.781250	1.562500	0.720000	0.000000	2.730000	2.220000	-2.343750	-0.781250	0.705000	0	0	0	
1086141	601	0.000000	2.710000	2.200000	1.520000	0.350000	47.000000	53.000000	6	0.781250	1.562500	0.720000	0.000000	2.740000	2.240000	-2.343750	-0.781250	0.705000	0	0	0	
1086406	599	0.000000	2.740000	2.240000	1.520000	0.350000	47.000000	53.000000	6	0.781250	3.125000	0.675000	0.000000	2.710000	2.210000	-2.343750	0.781250	0.715000	0	0	0	
1086797	600	0.000000	2.720000	2.210000	1.510000	0.350000	47.000000	53.000000	6	0.781250	3.125000	0.675000	0.000000	2.770000	2.260000	-2.343750	0.781250	0.715000	0	0	0	
1087047	603	0.000000	2.720000	2.210000	1.510000	0.350000	47.000000	53.000000	6	0.781250	3.125000	0.675000	0.000000	2.720000	2.210000	-2.343750	0.781250	0.715000	0	0	0	
1087297	602	0.000000	2.780000	2.270000	1.510000	0.350000	47.000000	53.000000	6	0.781250	3.906250	0.650000	0.000000	2.750000	2.230000	-2.343750	0.781250	0.720000	0	0	0	
1087547	603	0.000000	2.780000	2.260000	1.510000	0.350000	47.000000	53.000000	6	0.781250	3.906250	0.650000	0.000000	2.790000	2.270000	-2.343750	2.343750	0.720000	0	0	0	
1087813	604	0.000000	2.750000	2.230000	1.520000	0.350000	47.000000	53.000000	6	0.781250	3.906250	0.650000	0.000000	2.750000	2.240000	-2.343750	2.343750	0.720000	0	0	0	
1088047	606	0.000000	2.790000	2.270000	1.500000	0.340000	47.000000	53.000000	6	0.781250	3.906250	0.650000	0.000000	2.760000	2.250000	-2.343750	2.343750	0.720000	0	0	0	
1088297	611	0.000000	2.760000	2.240000	1.520000	0.350000	47.000000	53.000000	6	0.781250	3.906250	0.650000	0.000000	2.790000	2.280000	-2.343750	2.343750	0.720000	0	0	0	
1088578	612	0.000000	2.720000	2.200000	1.510000	0.340000	47.000000	53.000000	6	0.781250	3.906250	0.645000	0.000000	2.790000	2.270000	-2.343750	3.125000	0.725000	0	0	0	
1088813	609	0.000000	2.750000	2.240000	1.520000	0.340000	47.000000	53.000000	6	0.781250	3.906250	0.645000	0.000000	2.730000	2.220000	-2.343750	3.125000	0.725000	0	0	0	
1089078	605	0.000000	2.740000	2.230000	1.510000	0.340000	47.000000	53.000000	6	0.781250	3.906250	0.645000	0.000000	2.740000	2.220000	-2.343750	3.125000	0.725000	0	0	0	
1089344	604	0.000000	2.730000	2.200000	1.510000	0.340000	47.000000	53.000000	6	0.781250	3.906250	0.645000	0.000000	2.780000	2.270000	-2.343750	3.125000	0.725000	0	0	0	
1089594	605	0.000000	2.760000	2.230000	1.510000	0.340000	47.000000	53.000000	6	0.781250	3.906250	0.655000	0.000000	2.750000	2.220000	-2.343750	3.125000	0.725000	0	0	0	
1089859	606	0.000000	2.770000	2.240000	1.510000	0.340000	47.000000	53.000000	6	0.781250	3.906250	0.655000	0.000000	2.760000	2.230000	-2.343750	3.125000	0.725000	0	0	0	
1090109	604	0.000000	2.740000	2.200000	1.500000	0.340000	47.000000	53.000000	6	0.781250	3.906250	0.655000	0.000000	2.790000	2.260000	-2.343750	3.125000	0.725000	0	0	0	
1090359	604	0.000000	2.770000	2.250000	1.510000	0.340000	47.000000	53.000000	6	0.781250	3.906250	0.655000	0.000000	2.770000	2.250000	-2.343750	3.125000	0.725000	0	0	0	
1090609	606	0.000000	2.770000	2.250000	1.500000	0.340000	47.000000	53.000000	6	0.781250	3.906250	0.670000	0.000000	2.760000	2.230000	-2.343750	3.125000	0.730000	0	0	0	
1090844	604	0.000000	2.750000	2.220000	1.500000	0.340000	47.000000	53.000000	6	0.781250	3.906250	0.670000	0.000000	2.820000	2.290000	-2.343750	3.125000	0.730000	0	0	0	
1091109	607	0.000000	2.740000	2.210000	1.500000	0.340000	47.000000	54.000000	6	0.781250	3.906250	0.670000	0.000000	2.820000	2.290000	-2.343750	3.125000	0.730000	0	0	0	
1091328	608	0.000000	2.770000	2.250000	1.500000	0.340000	47.000000	54.000000	6	0.781250	3.906250	0.670000	0.000000	2.770000	2.250000	-2.343750	3.125000	0.730000	0	0	0	
1091609	608	0.000000	2.740000	2.190000	1.500000	0.340000	47.000000	54.000000	6	0.781250	3.906250	0.670000	0.000000	2.810000	2.280000	-2.343750	3.125000	0.730000	0	0	0	
1092016	606	0.000000	2.760000	2.230000	1.500000	0.340000	47.000000	54.000000	6	0.781250	3.125000	0.690000	0.000000	2.760000	2.240000	-2.343750	2.343750	0.735000	0	0	0	
1092266	607	0.000000	2.750000	2.220000	1.500000	0.340000	47.000000	54.000000	6	0.781250	3.125000	0.690000	0.000000	2.760000	2.230000	-2.343750	2.343750	0.735000	0	0	0	
1092531	606	0.000000	2.720000	2.170000	1.500000	0.350000	47.000000	54.000000	6	0.781250	3.125000	0.690000	0.000000	2.800000	2.280000	-2.343750	2.343750	0.735000	0	0	0	
1092781	605	0.000000	2.750000	2.220000	1.500000	0.340000	47.000000	54.000000	6	0.781250	2.343750	0.715000	0.000000	2.760000	2.240000	-2.343750	2.343750	0.735000	0	0	0	
1093016	606	0.000000	2.760000	2.230000	1.500000	0.340000	47.000000	54.000000	6	0.781250	2.343750	0.715000	0.000000	2.770000	2.250000	-2.343750	2.343750	0.735000	0	0	0	
1093297	606	0.000000	2.730000	2.190000	1.500000	0.340000	47.000000	54.000000	6	0.781250	2.343750	0.715000	0.000000	2.820000	2.300000	-2.343750	2.343750	0.735000	0	0	0	
1093516	605	0.000000	2.750000	2.220000	1.500000	0.340000	47.000000	54.000000	6	0.781250	2.343750	0.715000	0.000000	2.790000	2.260000	-2.343750	2.343750	0.735000	0	0	0	
1093781	605	0.000000	2.760000	2.240000	1.500000	0.340000	47.000000	54.000000	6	0.781250	2.343750	0.715000	0.000000	2.790000	2.260000	-2.343750	2.343750	0.735000	0	0	0	
1094031	608	0.000000	2.730000	2.180000	1.500000	0.340000	47.000000	54.000000	6	0.781250	1.562500	0.730000	0.000000	2.810000	2.290000	-2.343750	2.343750	0.735000	0	0	0	
1094297	607	0.000000	2.750000	2.220000	1.500000	0.340000	47.000000	54.000000	6	0.781250	1.562500	0.730000	0.000000	2.810000	2.290000	-2.343750	2.343750	0.735000	0	0	0	
1094531	606	0.000000	2.760000	2.220000	1.490000	0.350000	47.000000	54.000000	6	0.781250	1.562500	0.730000	0.000000	2.780000	2.260000	-2.343750	2.343750	0.735000	0	0	0	
1094797	606	0.000000	2.730000	2.190000	1.500000	0.340000	47.000000	54.000000	6	0.781250	1.562500	0.730000	0.000000	2.810000	2.290000	-2.343750	2.343750	0.735000	0	0	0	
1095078	606	0.000000	2.720000	2.170000	1.500000	0.340000	47.000000	54.000000	6	0.781250	0.781250	0.725000	0.000000	2.810000	2.290000	-2.343750	2.343750	0.740000	0	0	0	
1095297	606	0.000000	2.750000	2.230000	1.500000	0.340000	47.000000	54.000000	6	0.781250	0.781250	0.725000	0.000000	2.790000	2.260000	-2.343750	2.343750	0.740000	0	0	0	
1095578	606	0.000000	2.740000	2.210000	1.510000	0.340000	47.000000	54.000000	6	0.781250	0.781250	0.725000	0.000000	2.820000	2.320000	-2.343750	2.343750	0.740000	0	0	0	
1095828	609	0.000000	2.740000	2.220000	1.520000	0.350000	47.000000	54.000000	6	0.781250	0.781250	0.725000	0.000000	2.820000	2.330000	-2.343750	2.343750	0.740000	0	0	0	
1096078	607	0.000000	2.770000	2.260000	1.510000	0.350000	47.000000	54.000000	6	0.781250	1.562500	0.705000	0.000000	2.780000	2.270000	-2.343750	2.343750	0.735000	0	0	0	
1096344	605	0.000000	2.720000	2.200000	1.520000	0.340000	47.000000	54.000000	6	0.781250	1.562500	0.705000	0.000000	2.800000	2.310000	-2.343750	2.343750	0.735000	0	0	0	
1096609	606	0.000000	2.730000	2.220000	1.510000	0.340000	47.000000	54.000000	6	0.781250	1.562500	0.705000	0.000000	2.830000	2.330000	-2.343750	2.343750	0.735000	0	0	0	
1096859	605	0.000000	2.760000	2.260000	1.510000	0.350000	47.000000	54.000000	6	0.781250	1.562500	0.705000	0.000000	2.800000	2.290000	-2.343750	2.343750	0.735000	0	0	0	
1097266	609	0.000000	2.740000	2.230000	1.520000	0.350000	47.000000	54.000000	6	0.781250	2.343750	0.670000	0.000000	2.820000	2.340000	-2.343750	3.125000	0.735000	0	0	0	
1097516	609	0.000000	2.800000	2.290000	1.510000	0.340000	47.000000	54.000000	6	0.781250	2.343750	0.670000	0.000000	2.790000	2.300000	-2.343750	3.125000	0.735000	0	0	0	
1097797	608	0.000000	2.790000	2.280000	1.500000	0.340000	47.000000	54.000000	6	0.781250	2.343750	0.670000	0.000000	2.810000	2.300000	-2.343750	3.125000	0.735000	0	0	0	
1098063	607	0.000000	2.760000	2.250000	1.500000	0.350000	47.000000	54.000000	6	0.781250	2.343750	0.670000	0.000000	2.850000	2.370000	-2.343750	3.125000	0.735000	0	0	0	
1098359	610	0.000000	2.810000	2.310000	1.510000	0.340000	47.000000	54.000000	6	0.781250	3.125000	0.635000	0.000000	2.830000	2.330000	-2.343750	3.906250	0.730000	0	0	0	
1098641	610	0.000000	2.760000	2.250000	1.500000	0.350000	47.000000	54.000000	6	0.781250	3.125000	0.635000	0.000000	2.820000	2.320000	-2.343750	3.906250	0.730000	0	0	0	
1098875	609	0.000000	2.780000	2.250000	1.510000	0.340000	47.000000	54.000000	6	0.781250	3.125000	0.635000	0.000000	2.860000	2.360000	-2.343750	3.906250	0.730000	0	0	0	
1099156	610	0.000000	2.820000	2.290000	1.510000	0.340000	47.000000	54.000000	6	0.781250	3.125000	0.635000	0.000000	2.820000	2.310000	-2.343750	3.906250	0.730000	0	0	0	
1099391	609	0.000000	2.790000	2.270000	1.510000	0.340000	47.000000	54.000000	6	0.781250	2.343750	0.630000	0.000000	2.820000	2.320000	-2.343750	3.906250	0.730000	0	0	0	
1099656	609	0.000000	2.770000	2.250000	1.500000	0.340000	47.000000	54.000000	6	0.781250	2.343750	0.630000	0.000000	2.880000	2.380000	-2.343750	3.906250	0.730000	0	0	0	
1099906	609	0.000000	2.820000	2.300000	1.510000	0.340000	47.000000	54.000000	6	0.781250	2.343750	0.630000	0.000000	2.850000	2.350000	-2.343750	3.906250	0.730000	0	0	0	
1100156	607	0.000000	2.810000	2.280000	1.500000	0.340000	47.000000	54.000000	6	0.781250	2.343750	0.630000	0.000000	2.840000	2.340000	-2.343750	3.906250	0.730000	0	0	0	
1100438	607	0.000000	2.760000	2.230000	1.500000	0.340000	47.000000	54.000000	6	0.781250	1.562500	0.655000	0.000000	2.890000	2.390000	-2.343750	3.906250	0.730000	0	0	0	
1100703	607	0.000000	2.770000	2.240000	1.500000	0.340000	47.000000	54.000000	6	0.781250	1.562500	0.655000	0.000000	2.840000	2.340000	-2.343750	3.906250	0.730000	0	0	0	
1100953	605	0.000000	2.810000	2.290000	1.500000	0.340000	47.000000	54.000000	6	0.781250	1.562500	0.655000	0.000000	2.850000	2.350000	-2.343750	3.906250	0.730000	0	0	0	
1101234	606	0.000000	2.740000	2.230000	1.510000	0.340000	48.000000	54.000000	6	0.781250	1.562500	0.655000	0.000000	2.860000	2.380000	-2.343750	3.906250	0.730000	0	0	0	
1101500	605	0.000000	2.730000	2.220000	1.520000	0.340000	47.000000	54.000000	6	0.781250	0.781250	0.700000	0.000000	2.830000	2.340000	-2.343750	3.906250	0.730000	0	0	0	
1101750	602	0.000000	2.780000	2.270000	1.520000	0.340000	47.000000	54.000000	6	0.781250	0.781250	0.700000	0.000000	2.830000	2.340000	-2.343750	3.906250	0.730000	0	0	0	
1102047	603	0.000000	2.740000	2.230000	1.520000	0.340000	47.000000	54.000000	6	0.781250	0.781250	0.700000	0.000000	2.870000	2.380000	-2.343750	3.906250	0.730000	0	0	0	
1102297	602	0.000000	2.740000	2.230000	1.520000	0.340000	48.000000	54.000000	6	0.781250	0.781250	0.700000	0.000000	2.860000	2.370000	-2.343750	3.906250	0.730000	0	0	0	
1102734	605	0.000000	2.790000	2.280000	1.510000	0.340000	47.000000	54.000000	6	0.781250	0.000000	0.730000	0.000000	2.880000	2.400000	-2.343750	3.125000	0.725000	0	0	0	
1102969	606	0.000000	2.710000	2.210000	1.500000	0.340000	48.000000	54.000000	6	0.781250	0.000000	0.730000	0.000000	2.880000	2.390000	-2.343750	3.125000	0.725000	0	0	0	
1103234	606	0.000000	2.750000	2.250000	1.520000	0.340000	47.000000	54.000000	6	0.781250	0.000000	0.730000	0.000000	2.820000	2.330000	-2.343750	3.125000	0.725000	0	0	0	
1103484	605	0.000000	2.740000	2.230000	1.520000	0.340000	48.000000	54.000000	6	0.781250	0.000000	0.730000	0.000000	2.800000	2.310000	-2.343750	3.125000	0.725000	0	0	0	
1103734	605	0.000000	2.710000	2.200000	1.520000	0.340000	47.000000	54.000000	6	0.781250	-0.781250	0.725000	0.000000	2.850000	2.370000	-2.343750	2.343750	0.725000	0	0	0	
1103984	602	0.000000	2.760000	2.250000	1.520000	0.340000	47.000000	54.000000	6	0.781250	-0.781250	0.725000	0.000000	2.820000	2.330000	-2.343750	2.343750	0.725000	0	0	0	
1104250	603	0.000000	2.760000	2.250000	1.510000	0.340000	47.000000	54.000000	6	0.781250	-0.781250	0.725000	0.000000	2.810000	2.320000	-2.343750	2.343750	0.725000	0	0	0	
1104500	604	0.000000	2.720000	2.190000	1.510000	0.340000	47.000000	54.000000	6	0.781250	-0.781250	0.725000	0.000000	2.830000	2.340000	-2.343750	2.343750	0.725000	0	0	0	
1104750	606	0.000000	2.720000	2.250000	1.520000	0.340000	48.000000	54.000000	6	0.781250	0.000000	0.710000	0.000000	2.850000	2.360000	-2.343750	2.343750	0.725000	0	0	0	
1105016	605	0.000000	2.750000	2.240000	1.510000	0.340000	47.000000	54.000000	6	0.781250	0.000000	0.710000	0.000000	2.810000	2.310000	-2.343750	2.343750	0.725000	0	0	0	
1105297	605	0.000000	2.730000	2.200000	1.500000	0.340000	47.000000	54.000000	6	0.781250	0.000000	0.710000	0.000000	2.850000	2.340000	-2.343750	2.343750	0.725000	0	0	0	
1105531	605	0.000000	2.720000	2.210000	1.520000	0.340000	47.000000	54.000000	6	0.781250	0.000000	0.710000	0.000000	2.840000	2.350000	-2.343750	2.343750	0.725000	0	0	0	
1105797	605	0.000000	2.800000	2.290000	1.500000	0.340000	48.000000	54.000000	6	0.781250	0.000000	0.665000	0.000000	2.820000	2.330000	-2.343750	2.343750	0.725000	0	0	0	
1106063	607	0.000000	2.740000	2.230000	1.510000	0.340000	47.000000	54.000000	6	0.781250	0.000000	0.665000	0.000000	2.850000	2.360000	-2.343750	2.343750	0.725000	0	0	0	
1106297	608	0.000000	2.750000	2.240000	1.520000	0.340000	48.000000	54.000000	6	0.781250	0.000000	0.665000	0.000000	2.840000	2.360000	-2.343750	2.343750	0.725000	0	0	0	
1106563	608	0.000000	2.810000	2.300000	1.510000	0.340000	47.000000	54.000000	6	0.781250	0.000000	0.665000	0.000000	2.810000	2.320000	-2.343750	2.343750	0.725000	0	0	0	
1106813	607	0.000000	2.760000	2.230000	1.510000	0.340000	48.000000	54.000000	6	0.781250	0.000000	0.665000	0.000000	2.860000	2.360000	-2.343750	2.343750	0.725000	0	0	0	
1107094	609	0.000000	2.760000	2.230000	1.500000	0.340000	48.000000	54.000000	6	0.781250	0.781250	0.625000	0.000000	2.860000	2.360000	-2.343750	1.562500	0.720000	0	0	0	
1107359	609	0.000000	2.820000	2.290000	1.500000	0.340000	47.000000	54.000000	6	0.781250	0.781250	0.625000	0.000000	2.840000	2.340000	-2.343750	1.562500	0.720000	0	0	0	
1107625	607	0.000000	2.780000	2.250000	1.510000	0.340000	47.000000	55.000000	6	0.781250	0.781250	0.625000	0.000000	2.880000	2.370000	-2.343750	1.562500	0.720000	0	0	0	
1108063	607	0.000000	2.800000	2.290000	1.510000	0.340000	47.000000	55.000000	6	0.781250	0.000000	0.625000	0.000000	2.830000	2.330000	-2.343750	1.562500	0.720000	0	0	0	
1108313	608	0.000000	2.800000	2.230000	1.510000	0.340000	47.000000	55.000000	6	0.781250	0.000000	0.625000	0.000000	2.810000	2.320000	-2.343750	1.562500	0.720000	0	0	0	
1108578	607	0.000000	2.750000	2.230000	1.500000	0.340000	48.000000	55.000000	6	0.781250	0.000000	0.625000	0.000000	2.870000	2.370000	-2.343750	1.562500	0.720000	0	0	0	
1108828	607	0.000000	2.790000	2.270000	1.500000	0.340000	48.000000	55.000000	6	0.781250	0.000000	0.625000	0.000000	2.810000	2.310000	-2.343750	1.562500	0.720000	0	0	0	
1109094	609	0.000000	2.770000	2.250000	1.500000	0.340000	47.000000	55.000000	6	0.781250	-1.562500	0.660000	0.000000	2.810000	2.310000	-2.343750	0.781250	0.720000	0	0	0	
1109344	608	0.000000	2.740000	2.220000	1.500000	0.340000	48.000000	55.000000	6	0.781250	-1.562500	0.660000	0.000000	2.860000	2.360000	-2.343750	0.781250	0.720000	0	0	0	
1109625	606	0.000000	2.770000	2.250000	1.500000	0.340000	47.000000	55.000000	6	0.781250	-1.562500	0.660000	0.000000	2.820000	2.320000	-2.343750	0.781250	0.720000	0	0	0	
1109891	606	0.000000	2.760000	2.240000	1.500000	0.340000	48.000000	55.000000	6	0.781250	-1.562500	0.660000	0.000000	2.820000	2.310000	-2.343750	0.781250	0.720000	0	0	0	
1110156	605	0.000000	2.730000	2.190000	1.500000	0.340000	48.000000	55.000000	6	0.781250	-2.343750	0.720000	0.000000	2.840000	2.330000	-2.343750	0.781250	0.715000	0	0	0	
1110438	601	0.000000	2.760000	2.240000	1.500000	0.340000	48.000000	55.000000	6	0.781250	-2.343750	0.720000	0.000000	2.810000	2.300000	-2.343750	0.000000	0.715000	0	0	0	
1110688	604	0.000000	2.740000	2.210000	1.500000	0.340000	47.000000	55.000000	6	0.781250	-2.343750	0.720000	0.000000	2.820000	2.300000	-2.343750	0.000000	0.715000	0	0	0	
1110969	602	0.000000	2.770000	2.250000	1.500000	0.340000	47.000000	55.000000	6	0.781250	-2.343750	0.720000	0.000000	2.900000	2.400000	-2.343750	0.000000	0.715000	0	0	0	
1111234	604	0.000000	2.820000	2.310000	1.500000	0.340000	47.000000	55.000000	6	0.781250	-2.343750	0.720000	0.000000	2.880000	2.380000	-2.343750	0.000000	0.715000	0	0	0	
1111500	607	0.000000	2.810000	2.280000	1.500000	0.340000	47.000000	55.000000	6	0.781250	-3.125000	0.730000	0.000000	2.900000	2.430000	-2.343750	-0.781250	0.715000	0	0	0	
1111781	609	0.000000	2.820000	2.300000	1.490000	0.340000	47.000000	55.000000	6	0.781250	-3.125000	0.730000	0.000000	2.960000	2.460000	-2.343750	-0.781250	0.715000	0	0	0	
1112031	611	0.000000	2.840000	2.340000	1.490000	0.340000	48.000000	55.000000	6	0.781250	-3.125000	0.730000	0.000000	2.910000	2.410000	-2.343750	-0.781250	0.715000	0	0	0	
1112266	612	0.000000	2.810000	2.310000	1.510000	0.340000	47.000000	55.000000	6	0.781250	-3.125000	0.730000	0.000000	2.910000	2.420000	-2.343750	-0.781250	0.715000	0	0	0	
1112547	611	0.000000	2.820000	2.310000	1.500000	0.340000	47.000000	55.000000	6	0.781250	-4.687500	0.725000	0.000000	2.970000	2.470000	-2.343750	-2.343750	0.715000	0	0	0	
1112813	612	0.000000	2.870000	2.370000	1.510000	0.340000	47.000000	55.000000	6	0.781250	-4.687500	0.725000	0.000000	2.940000	2.430000	-2.343750	-2.343750	0.715000	0	0	0	
1113078	610	0.000000	2.840000	2.350000	1.510000	0.340000	48.000000	55.000000	6	0.781250	-4.687500	0.725000	0.000000	2.940000	2.440000	-2.343750	-2.343750	0.715000	0	0	0	
1113500	607	0.000000	2.850000	2.360000	1.510000	0.340000	47.000000	55.000000	6	0.781250	-7.031250	0.740000	0.000000	2.920000	2.430000	-2.343750	-4.687500	0.715000	0	0	0	
1113781	604	0.000000	2.870000	2.370000	1.510000	0.340000	47.000000	55.000000	6	0.781250	-7.031250	0.740000	0.000000	2.910000	2.420000	-2.343750	-4.687500	0.715000	0	0	0	
1114047	601	0.000000	2.830000	2.320000	1.510000	0.340000	48.000000	55.000000	6	0.781250	-7.031250	0.740000	0.000000	2.950000	2.460000	-2.343750	-4.687500	0.715000	0	0	0	
1114266	598	0.000000	2.880000	2.380000	1.510000	0.340000	48.000000	55.000000	6	0.781250	-7.031250	0.740000	0.000000	2.970000	2.420000	-2.343750	-4.687500	0.715000	0	0	0	
1114516	596	0.000000	2.860000	2.360000	1.500000	0.340000	48.000000	55.000000	6	0.781250	-9.375000	0.765000	0.000000	2.910000	2.420000	-2.343750	-7.031250	0.715000	0	0	0	
1114766	595	0.000000	2.840000	2.330000	1.500000	0.340000	47.000000	55.000000	6	0.781250	-9.375000	0.765000	0.000000	2.960000	2.460000	-2.343750	-7.031250	0.715000	0	0	0	
1115031	593	0.000000	2.820000	2.320000	1.500000	0.340000	48.000000	55.000000	6	0.781250	-9.375000	0.765000	0.000000	2.950000	2.450000	-2.343750	-7.031250	0.715000	0	0	0	
1115281	591	0.000000	2.890000	2.380000	1.500000	0.340000	48.000000	55.000000	6	0.781250	-9.375000	0.765000	0.000000	2.920000	2.410000	-2.343750	-7.031250	0.715000	0	0	0	
1115531	589	0.000000	2.850000	2.360000	1.510000	0.340000	48.000000	55.000000	6	0.781250	-9.375000	0.765000	0.000000	2.980000	2.490000	-2.343750	-7.031250	0.715000	0	0	0	
1115797	589	0.000000	2.840000	2.340000	1.500000	0.350000	47.000000	55.000000	6	0.781250	-10.156250	0.770000	0.000000	2.970000	2.490000	-2.343750	-8.593750	0.715000	0	0	0	
1116047	589	0.000000	2.880000	2.380000	1.520000	0.350000	47.000000	55.000000	6	0.781250	-10.156250	0.770000	0.000000	2.920000	2.440000	-2.343750	-8.593750	0.715000	0	0	0	
1116297	587	0.000000	2.850000	2.370000	1.510000	0.350000	48.000000	55.000000	6	0.781250	-10.156250	0.770000	0.000000	2.980000	2.490000	-2.343750	-8.593750	0.715000	0	0	0	
1116563	590	0.000000	2.860000	2.380000	1.510000	0.350000	48.000000	55.000000	6	0.781250	-10.156250	0.770000	0.000000	3.020000	2.510000	-2.343750	-8.593750	0.715000	0	0	0	
1116828	598	0.000000	2.890000	2.400000	1.510000	0.350000	48.000000	55.000000	6	0.781250	-8.593750	0.755000	0.000000	2.950000	2.460000	-2.343750	-7.031250	0.710000	0	0	0	
1117109	598	0.000000	2.890000	2.400000	1.510000	0.350000	48.000000	55.000000	6	0.781250	-8.593750	0.755000	0.000000	2.960000	2.470000	-2.343750	-7.031250	0.710000	0	0	0	
1117375	601	0.000000	2.880000	2.390000	1.500000	0.350000	48.000000	55.000000	6	0.781250	-8.593750	0.755000	0.000000	3.010000	2.500000	-2.343750	-7.031250	0.710000	0	0	0	
1117641	603	0.000000	2.950000	2.460000	1.510000	0.350000	48.000000	55.000000	6	0.781250	-8.593750	0.755000	0.000000	2.970000	2.490000	-2.343750	-7.031250	0.710000	0	0	0	
1117906	602	0.000000	2.920000	2.420000	1.520000	0.350000	47.000000	55.000000	6	0.781250	-6.250000	0.695000	0.000000	2.960000	2.480000	-2.343750	-5.468750	0.710000	0	0	0	
1118156	599	0.000000	2.930000	2.440000	1.530000	0.340000	48.000000	55.000000	6	0.781250	-6.250000	0.695000	0.000000	3.050000	2.540000	-2.343750	-5.468750	0.710000	0	0	0	
1118422	598	0.000000	2.980000	2.490000	1.520000	0.340000	47.000000	55.000000	6	0.781250	-6.250000	0.695000	0.000000	3.000000	2.510000	-2.343750	-5.468750	0.710000	0	0	0	
1118859	601	0.000000	2.960000	2.480000	1.520000	0.340000	48.000000	55.000000	6	0.781250	-3.906250	0.610000	0.000000	3.040000	2.540000	-2.343750	-5.468750	0.710000	0	0	0	
1119094	601	0.000000	3.020000	2.520000	1.520000	0.350000	48.000000	55.000000	6	0.781250	-3.906250	0.610000	0.000000	3.040000	2.540000	-2.343750	-5.468750	0.710000	0	0	0	
1119375	601	0.000000	3.000000	2.500000	1.510000	0.340000	48.000000	55.000000	6	0.781250	-3.906250	0.610000	0.000000	2.970000	2.490000	-2.343750	-5.468750	0.710000	0	0	0	
1119641	603	0.000000	2.940000	2.470000	1.510000	0.340000	47.000000	55.000000	6	0.781250	-3.906250	0.610000	0.000000	3.010000	2.510000	-2.343750	-5.468750	0.710000	0	0	0	
1119906	600	0.000000	3.060000	2.560000	1.510000	0.340000	48.000000	55.000000	6	0.781250	-3.906250	0.610000	0.000000	3.020000	2.520000	-2.343750	-5.468750	0.710000	0	0	0	
1120172	602	0.000000	3.070000	2.560000	1.510000	0.350000	48.000000	55.000000	6	0.781250	-1.562500	0.120000	0.000000	3.030000	2.520000	-2.343750	-4.687500	0.705000	0	0	0	
1120422	602	0.000000	3.040000	2.530000	1.510000	0.350000	48.000000	55.000000	6	0.781250	-1.562500	0.120000	0.000000	3.070000	2.570000	-2.343750	-4.687500	0.705000	0	0	0	
1120672	608	0.000000	3.060000	2.550000	1.510000	0.360000	48.000000	55.000000	6	0.781250	-1.562500	0.120000	0.000000	3.060000	2.550000	-2.343750	-4.687500	0.705000	0	0	0	
1120922	615	0.000000	3.100000	2.600000	1.510000	0.350000	48.000000	55.000000	6	0.781250	-1.562500	0.120000	0.000000	3.040000	2.530000	-2.343750	-4.687500	0.705000	0	0	0	
1121172	619	0.000000	3.060000	2.550000	1.510000	0.350000	48.000000	55.000000	6	0.781250	0.781250	0.095000	0.000000	3.060000	2.550000	-2.343750	-3.906250	0.705000	0	0	0	
1121422	620	0.000000	3.080000	2.580000	1.510000	0.340000	47.000000	55.000000	6	0.781250	0.781250	0.095000	0.000000	3.070000	2.560000	-2.343750	-3.906250	0.705000	0	0	0	
1121688	636	0.000000	3.700000	3.010000	1.470000	0.410000	48.000000	55.000000	6	0.781250	0.781250	0.095000	0.000000	3.630000	2.960000	-2.343750	-3.906250	0.705000	0	0	0	
1121922	664	0.000000	4.760000	3.720000	1.470000	0.500000	48.000000	55.000000	6	0.781250	0.781250	0.095000	0.000000	4.780000	3.660000	-2.343750	-3.906250	0.705000	0	0	0	
1122172	872	0.000000	5.830000	4.500000	1.480000	0.540000	48.000000	55.000000	6	0.781250	6.250000	0.085000	0.000000	5.810000	4.350000	-2.343750	-3.906250	0.705000	0	0	0	
1122391	1160	0.000000	5.770000	4.400000	1.500000	0.530000	48.000000	55.000000	6	0.781250	6.250000	0.085000	0.000000	5.670000	4.100000	-2.343750	1.562500	0.705000	0	0	0	
1122656	1217	0.000000	4.920000	3.780000	1.490000	0.520000	48.000000	55.000000	6	0.781250	6.250000	0.085000	0.000000	4.810000	3.580000	-2.343750	1.562500	0.705000	0	0	0	
1122938	1163	0.000000	4.950000	3.610000	1.450000	0.600000	48.000000	55.000000	6	0.781250	6.250000	0.085000	0.000000	4.950000	3.640000	-2.343750	1.562500	0.705000	0	0	0	
1123172	1116	0.000000	5.840000	4.560000	1.500000	0.640000	48.000000	55.000000	6	0.781250	6.250000	0.085000	0.000000	5.760000	4.310000	-2.343750	1.562500	0.705000	0	0	0	
1123438	1113	0.000000	5.820000	4.480000	1.500000	0.640000	48.000000	55.000000	6	0.781250	-2.343750	0.780000	0.000000	5.690000	4.200000	-2.343750	-3.125000	0.720000	0	0	0	
1123688	1091	0.000000	5.830000	4.270000	1.470000	0.640000	48.000000	55.000000	6	0.781250	-2.343750	0.780000	0.000000	5.690000	4.130000	-2.343750	-3.125000	0.720000	0	0	0	
1124109	995	0.000000	5.830000	4.270000	1.490000	0.640000	48.000000	55.000000	6	0.781250	-2.343750	0.780000	0.000000	5.100000	3.870000	-2.343750	-3.125000	0.720000	0	0	0	
1124375	1059	0.000000	5.740000	4.100000	1.490000	0.620000	48.000000	55.000000	6	0.781250	-2.343750	0.770000	0.000000	5.690000	4.030000	-2.343750	-3.125000	0.705000	0	0	0	
1124656	1118	0.000000	5.030000	3.670000	1.470000	0.600000	48.000000	55.000000	6	0.781250	-11.718750	0.770000	0.000000	5.000000	3.780000	-2.343750	-10.156250	0.705000	0	0	0	
1124906	1255	0.000000	4.940000	3.720000	1.470000	0.580000	48.000000	55.000000	6	0.781250	-11.718750	0.770000	0.000000	4.800000	3.550000	-2.343750	-10.156250	0.705000	0	0	0	
1125125	1288	0.000000	4.760000	3.500000	1.470000	0.560000	48.000000	55.000000	6	0.781250	-11.718750	0.770000	0.000000	4.750000	3.490000	-2.343750	-10.156250	0.705000	0	0	0	
1125406	1397	0.000000	4.930000	3.930000	1.490000	0.580000	48.000000	55.000000	6	0.781250	-11.718750	0.770000	0.000000	4.890000	3.810000	-2.343750	-10.156250	0.705000	0	0	0	
1125672	1515	0.000000	5.560000	4.240000	1.450000	0.610000	48.000000	55.000000	6	0.781250	0.781250	0.530000	0.000000	4.950000	3.890000	-2.343750	-3.906250	0.105000	0	0	0	
1125922	1633	0.000000	6.600000	5.100000	1.430000	0.700000	48.000000	55.000000	6	0.781250	0.781250	0.530000	0.000000	6.320000	4.880000	-2.343750	-3.906250	0.105000	0	0	0	
1126188	1777	0.000000	6.790000	5.090000	1.430000	0.730000	48.000000	55.000000	6	0.781250	0.781250	0.530000	0.000000	6.600000	4.940000	-2.343750	-3.906250	0.105000	0	0	0	
1126438	1956	0.000000	6.760000	5.040000	1.450000	0.730000	48.000000	55.000000	6	0.781250	0.781250	0.530000	0.000000	6.210000	4.570000	-2.343750	-3.906250	0.105000	0	0	0	
1126703	2096	0.000000	6.380000	4.870000	1.470000	0.710000	48.000000	55.000000	6	0.781250	0.000000	0.105000	0.000000	6.240000	4.730000	-2.343750	-5.468750	0.660000	0	0	0	
1126984	2007	0.000000	3.500000	2.720000	1.640000	0.400000	48.000000	55.000000	6	0.781250	0.000000	0.105000	0.000000	4.030000	3.050000	-2.343750	-5.468750	0.660000	0	0	0	
1127219	2021	0.000000	2.600000	2.000000	1.610000	0.290000	48.000000	55.000000	6	0.781250	0.000000	0.105000	0.000000	2.580000	1.980000	-2.343750	-5.468750	0.660000	0	0	0	
1127469	1843	0.000000	0.000000	0.000000	1.650000	0.270000	48.000000	55.000000	6	0.781250	0.000000	0.105000	0.000000	0.000000	0.000000	-2.343750	-5.468750	0.660000	0	0	0	
1127719	1652	0.000000	2.440000	1.990000	1.620000	0.270000	48.000000	55.000000	6	0.781250	0.000000	0.715000	0.000000	2.280000	1.850000	-2.343750	0.000000	0.025000	0	0	0	
1127953	1236	0.000000	3.820000	2.900000	1.480000	0.360000	48.000000	55.000000	6	0.781250	0.000000	0.715000	0.000000	3.020000	2.220000	-2.343750	0.000000	0.025000	0	0	0	
1128219	1287	0.000000	4.730000	3.400000	1.490000	0.420000	48.000000	55.000000	6	0.781250	0.000000	0.715000	0.000000	4.530000	3.370000	-2.343750	0.000000	0.025000	0	0	0	
1128469	1417	0.000000	5.460000	4.040000	1.490000	0.490000	48.000000	55.000000	6	0.781250	0.000000	0.715000	0.000000	4.910000	3.880000	-2.343750	0.000000	0.025000	0	0	0	
1128734	1404	0.000000	5.750000	4.560000	1.450000	0.630000	48.000000	55.000000	6	0.781250	0.000000	0.715000	0.000000	5.790000	4.710000	-2.343750	0.000000	0.025000	0	0	0	
1128984	1411	0.000000	8.330000	6.420000	1.420000	0.800000	48.000000	55.000000	6	0.781250	0.000000	0.030000	0.000000	8.320000	6.320000	-2.343750	0.000000	0.000000	0	0	0	
1129391	1589	0.000000	10.310000	8.090000	1.430000	0.820000	48.000000	55.000000	6	0.781250	0.000000	0.030000	0.000000	9.400000	8.260000	-2.343750	0.000000	0.000000	0	0	0	
1129641	1640	0.000000	7.420000	5.540000	1.460000	0.720000	48.000000	55.000000	6	0.781250	0.000000	0.030000	0.000000	6.660000	5.210000	-2.343750	0.000000	0.000000	0	0	0	
1129922	1721	0.000000	6.410000	4.780000	1.440000	0.710000	48.000000	55.000000	6	0.781250	-1.562500	0.845000	0.000000	6.180000	4.610000	-2.343750	-1.562500	0.820000	0	0	0	
1130172	1785	0.000000	6.520000	4.760000	1.420000	0.720000	48.000000	55.000000	6	0.781250	-1.562500	0.845000	0.000000	6.190000	4.510000	-2.343750	-1.562500	0.820000	0	0	0	
1130391	1848	0.000000	6.180000	4.480000	1.430000	0.700000	48.000000	55.000000	6	0.781250	-1.562500	0.845000	0.000000	5.930000	4.260000	-2.343750	-1.562500	0.820000	0	0	0	
1130656	1898	0.000000	5.040000	3.950000	1.510000	0.600000	48.000000	55.000000	6	0.781250	-1.562500	0.845000	0.000000	4.750000	3.500000	-2.343750	-1.562500	0.820000	0	0	0	
1130922	1933	0.000000	3.760000	2.910000	1.530000	0.470000	48.000000	55.000000	6	0.781250	-3.906250	0.825000	0.000000	3.700000	2.880000	-2.343750	-4.687500	0.780000	0	0	0	
1131156	1942	0.000000	3.250000	2.470000	1.550000	0.340000	48.000000	55.000000	6	0.781250	-3.906250	0.825000	0.000000	3.180000	2.420000	-2.343750	-4.687500	0.780000	0	0	0	
1131438	1937	0.000000	2.460000	1.930000	1.530000	0.270000	48.000000	55.000000	6	0.781250	-3.906250	0.825000	0.000000	2.520000	1.940000	-2.343750	-4.687500	0.780000	0	0	0	
1131703	1965	0.000000	2.330000	1.740000	1.510000	0.250000	48.000000	55.000000	6	0.781250	-3.906250	0.825000	0.000000	2.380000	1.800000	-2.343750	-4.687500	0.780000	0	0	0	
1131953	1913	0.000000	2.300000	1.750000	1.500000	0.240000	48.000000	55.000000	6	0.781250	4.687500	0.785000	0.000000	2.330000	1.770000	-2.343750	-4.687500	0.665000	0	0	0	
1132203	1854	0.000000	2.260000	1.780000	1.510000	0.240000	47.000000	55.000000	6	0.781250	4.687500	0.785000	0.000000	2.290000	1.800000	-2.343750	8.593750	0.665000	0	0	0	
1132438	1753	0.000000	2.280000	1.830000	1.510000	0.230000	48.000000	55.000000	6	0.781250	4.687500	0.785000	0.000000	2.310000	1.850000	-2.343750	8.593750	0.665000	0	0	0	
1132703	1655	0.000000	2.280000	1.830000	1.550000	0.240000	48.000000	55.000000	6	0.781250	4.687500	0.785000	0.000000	2.300000	1.850000	-2.343750	8.593750	0.665000	0	0	0	
1132984	1626	0.000000	2.280000	1.830000	1.560000	0.240000	47.000000	55.000000	6	0.781250	4.687500	0.785000	0.000000	2.300000	1.850000	-2.343750	8.593750	0.665000	0	0	0	
1133250	1601	0.000000	2.280000	1.830000	1.550000	0.240000	47.000000	55.000000	6	0.781250	0.000000	0.055000	0.000000	2.300000	1.850000	-2.343750	0.000000	0.000000	0	0	0	
1133500	1581	0.000000	2.280000	1.830000	1.550000	0.240000	47.000000	55.000000	6	0.781250	0.000000	0.055000	0.000000	2.300000	1.850000	-2.343750	0.000000	0.000000	0	0	0	
1133734	1556	0.000000	0.000000	0.000000	1.570000	0.240000	47.000000	55.000000	6	0.781250	0.000000	0.055000	0.000000	0.000000	0.000000	-2.343750	0.000000	0.000000	0	0	0	
1133953	1531	0.000000	0.000000	0.000000	1.540000	0.270000	48.000000	55.000000	6	0.781250	0.000000	0.055000	0.000000	0.000000	0.000000	-2.343750	0.000000	0.000000	0	0	0	
1134234	1571	0.000000	4.730000	3.500000	1.460000	0.460000	47.000000	55.000000	6	0.781250	0.000000	0.015000	0.000000	4.730000	3.480000	-2.343750	0.000000	0.000000	0	0	0	
1134656	1616	0.000000	9.810000	8.200000	1.370000	0.850000	47.000000	55.000000	6	0.781250	0.000000	0.015000	0.000000	9.220000	7.960000	-2.343750	0.000000	0.000000	0	0	0	
1134906	1728	0.000000	12.170000	10.100000	1.360000	0.920000	48.000000	55.000000	6	0.781250	0.000000	0.015000	0.000000	12.010000	10.030000	-2.343750	0.000000	0.000000	0	0	0	
1135172	1867	0.000000	12.390000	10.390000	1.400000	0.930000	48.000000	55.000000	6	0.781250	0.000000	0.015000	0.000000	12.230000	10.220000	-2.343750	0.000000	0.000000	0	0	0	
1135453	2021	0.000000	11.580000	9.740000	1.410000	0.930000	47.000000	55.000000	6	0.781250	-2.343750	0.610000	0.000000	11.610000	9.770000	-2.343750	-0.781250	0.830000	0	0	0	
1135734	2193	0.000000	11.700000	9.630000	1.390000	0.940000	48.000000	55.000000	6	0.781250	-2.343750	0.610000	0.000000	12.140000	9.850000	-2.343750	-0.781250	0.830000	0	0	0	
1136016	2369	0.000000	11.700000	9.670000	1.390000	0.940000	47.000000	55.000000	6	0.781250	-2.343750	0.610000	0.000000	11.840000	9.790000	-2.343750	-0.781250	0.830000	0	0	0	
1136266	2507	0.000000	11.650000	9.890000	1.390000	0.890000	48.000000	55.000000	6	0.781250	-2.343750	0.610000	0.000000	11.650000	10.000000	-2.343750	-0.781250	0.830000	0	0	0	
1136500	2631	0.000000	11.590000	9.910000	1.330000	0.920000	47.000000	55.000000	6	0.781250	4.687500	0.310000	0.000000	11.720000	10.110000	-2.343750	3.125000	0.055000	0	0	0	
1136766	2790	0.000000	12.130000	10.070000	1.340000	0.920000	47.000000	55.000000	6	0.781250	4.687500	0.310000	0.000000	12.220000	10.030000	-2.343750	3.125000	0.055000	0	0	0	
1137047	2961	0.000000	10.920000	8.760000	1.450000	0.810000	47.000000	55.000000	6	0.781250	4.687500	0.310000	0.000000	11.590000	8.760000	-2.343750	3.125000	0.055000	0	0	0	
1137313	2856	0.000000	0.000000	0.000000	2.120000	0.340000	47.000000	55.000000	6	0.781250	4.687500	0.310000	0.000000	0.000000	0.000000	-2.343750	3.125000	0.055000	0	0	0	
1137563	2534	0.000000	0.000000	0.000000	2.320000	0.260000	47.000000	55.000000	6	0.781250	0.000000	0.100000	0.000000	0.000000	0.000000	-2.343750	0.000000	0.000000	0	0	0	
1137781	2168	0.000000	7.500000	6.110000	2.380000	0.250000	47.000000	55.000000	6	0.781250	0.000000	0.100000	0.000000	9.660000	7.670000	-2.343750	0.000000	0.000000	0	0	0	
1138094	1973	0.000000	2.130000	1.680000	2.340000	0.230000	47.000000	55.000000	6	0.781250	0.000000	0.100000	0.000000	2.130000	1.680000	-2.343750	0.000000	0.000000	0	0	0	
1138359	1974	0.000000	2.270000	1.840000	2.280000	0.240000	47.000000	55.000000	6	0.781250	0.000000	0.100000	0.000000	2.270000	1.830000	-2.343750	0.000000	0.000000	0	0	0	
1138625	1946	0.000000	2.190000	1.770000	2.220000	0.230000	47.000000	55.000000	6	0.781250	0.000000	0.005000	0.000000	2.180000	1.760000	-2.343750	0.000000	0.000000	0	0	0	
1138906	1933	0.000000	2.150000	1.730000	2.200000	0.230000	47.000000	55.000000	6	0.781250	0.000000	0.005000	0.000000	2.160000	1.740000	-2.343750	0.000000	0.000000	0	0	0	
1139156	1922	0.000000	2.170000	1.780000	2.150000	0.230000	47.000000	55.000000	6	0.781250	0.000000	0.005000	0.000000	2.170000	1.780000	-2.343750	0.000000	0.000000	0	0	0	
1139469	1912	0.000000	2.020000	1.640000	2.150000	0.230000	47.000000	55.000000	6	0.781250	0.000000	0.005000	0.000000	2.170000	1.780000	-2.343750	0.000000	0.000000	0	0	0	
1139734	1949	0.000000	2.060000	1.640000	2.160000	0.240000	47.000000	55.000000	6	0.781250	0.000000	0.015000	0.000000	2.170000	1.780000	-2.343750	0.000000	0.000000	0	0	0	
1140172	1810	0.000000	1.960000	1.640000	2.210000	0.250000	47.000000	55.000000	6	0.781250	0.000000	0.015000	0.000000	2.170000	1.780000	-2.343750	0.000000	0.000000	0	0	0	
1140422	1757	0.000000	0.000000	0.000000	2.240000	0.240000	47.000000	55.000000	6	0.781250	0.000000	0.015000	0.000000	0.000000	0.000000	-2.343750	0.000000	0.000000	0	0	0	
1140688	1728	0.000000	0.000000	0.000000	2.260000	0.240000	47.000000	55.000000	6	0.781250	0.000000	0.010000	0.000000	0.000000	0.000000	-2.343750	0.000000	0.000000	0	0	0	
1140953	1701	0.000000	0.000000	0.000000	2.300000	0.230000	47.000000	55.000000	6	0.781250	0.000000	0.010000	0.000000	0.000000	0.000000	-2.343750	0.000000	0.000000	0	0	0	
1141203	1676	0.000000	0.000000	0.000000	2.310000	0.230000	46.000000	55.000000	6	0.781250	0.000000	0.010000	0.000000	0.000000	0.000000	-2.343750	0.000000	0.000000	0	0	0	
1141438	1650	0.000000	0.000000	0.000000	2.350000	0.240000	47.000000	55.000000	6	0.781250	0.000000	0.010000	0.000000	0.000000	0.000000	-2.343750	0.000000	0.000000	0	0	0	
1141656	1625	0.000000	0.000000	0.000000	2.370000	0.230000	46.000000	55.000000	6	0.781250	0.000000	0.010000	0.000000	0.000000	0.000000	-2.343750	0.000000	0.000000	0	0	0	
1141875	1607	0.000000	0.000000	0.000000	2.380000	0.230000	47.000000	55.000000	6	0.781250	0.000000	0.000000	0.000000	0.000000	0.000000	-2.343750	0.000000	0.000000	0	0	0	
1142125	1596	0.000000	0.000000	0.000000	2.400000	0.230000	46.000000	55.000000	6	0.781250	0.000000	0.000000	0.000000	0.000000	0.000000	-2.343750	0.000000	0.000000	0	0	0	
1142375	1586	0.000000	0.000000	0.000000	2.410000	0.230000	46.000000	55.000000	6	0.781250	0.000000	0.000000	0.000000	0.000000	0.000000	-2.343750	0.000000	0.000000	0	0	0	
1142609	1576	0.000000	0.000000	0.000000	2.430000	0.230000	46.000000	55.000000	6	0.781250	0.000000	0.000000	0.000000	0.000000	0.000000	-2.343750	0.000000	0.000000	0	0	0	
1142859	1559	0.000000	0.000000	0.000000	2.450000	0.230000	46.000000	55.000000	6	0.781250	0.000000	0.000000	0.000000	0.000000	0.000000	-2.343750	0.000000	0.000000	0	0	0	
1143078	1550	0.000000	0.000000	0.000000	2.460000	0.230000	47.000000	55.000000	6	0.781250	0.000000	0.000000	0.000000	0.000000	0.000000	-2.343750	0.000000	0.000000	0	0	0	
1143344	1537	0.000000	0.000000	0.000000	2.480000	0.230000	47.000000	55.000000	6	0.781250	0.000000	0.000000	0.000000	0.000000	0.000000	-2.343750	0.000000	0.000000	0	0	0	
1143609	1525	0.000000	0.000000	0.000000	2.500000	0.220000	47.000000	55.000000	6	0.781250	0.000000	0.000000	0.000000	0.000000	0.000000	-2.343750	0.000000	0.000000	0	0	0	
1143844	1516	0.000000	0.000000	0.000000	2.520000	0.220000	46.000000	55.000000	6	0.781250	0.000000	0.000000	0.000000	0.000000	0.000000	-2.343750	0.000000	0.000000	0	0	0	
1144078	1503	0.000000	0.000000	0.000000	2.530000	0.220000	47.000000	55.000000	6	0.781250	0.000000	0.000000	0.000000	0.000000	0.000000	-2.343750	0.000000	0.000000	0	0	0	
1144328	1489	0.000000	0.000000	0.000000	2.550000	0.220000	46.000000	55.000000	6	0.781250	0.000000	0.000000	0.000000	0.000000	0.000000	-2.343750	0.000000	0.000000	0	0	0	
1144547	1477	0.000000	0.000000	0.000000	2.550000	0.220000	46.000000	55.000000	6	0.781250	0.000000	0.000000	0.000000	0.000000	0.000000	-2.343750	0.000000	0.000000	0	0	0	
1144797	1468	0.000000	0.000000	0.000000	2.560000	0.230000	46.000000	55.000000	6	0.781250	0.000000	0.000000	0.000000	0.000000	0.000000	-2.343750	0.000000	0.000000	0	0	0	
1145219	1450	0.000000	0.000000	0.000000	2.580000	0.230000	46.000000	55.000000	6	0.781250	0.000000	0.000000	0.000000	0.000000	0.000000	-2.343750	0.000000	0.000000	0	0	0	
1145453	1434	0.000000	0.000000	0.000000	2.590000	0.230000	46.000000	55.000000	6	0.781250	0.000000	0.000000	0.000000	0.000000	0.000000	-2.343750	0.000000	0.000000	0	0	0	
1145703	1417	0.000000	0.000000	0.000000	2.610000	0.230000	46.000000	55.000000	6	0.781250	0.000000	0.000000	0.000000	0.000000	0.000000	-2.343750	0.000000	0.000000	0	0	0	
1145938	1477	0.000000	0.000000	0.000000	2.560000	0.280000	46.000000	55.000000	6	0.781250	0.000000	0.000000	0.000000	0.000000	0.000000	-2.343750	0.000000	0.000000	0	0	0	
1146188	1408	0.000000	5.050000	4.180000	2.090000	0.510000	46.000000	55.000000	6	0.781250	0.000000	0.000000	0.000000	5.050000	4.180000	-2.343750	0.000000	0.000000	0	0	0	
1146438	1429	0.000000	5.220000	4.570000	1.740000	0.580000	46.000000	55.000000	6	0.781250	0.000000	0.000000	0.000000	5.160000	4.430000	-2.343750	0.000000	0.000000	0	0	0	
1146703	1435	0.000000	5.610000	4.580000	1.480000	0.590000	46.000000	55.000000	6	0.781250	0.000000	0.000000	0.000000	5.620000	4.450000	-2.343750	0.000000	0.000000	0	0	0	
1146938	1452	0.000000	5.470000	4.100000	1.510000	0.540000	46.000000	55.000000	6	0.781250	0.000000	0.000000	0.000000	4.920000	3.940000	-2.343750	0.000000	0.000000	0	0	0	
1147203	1481	0.000000	3.660000	2.950000	1.530000	0.400000	46.000000	55.000000	6	0.781250	0.000000	0.000000	0.000000	4.330000	3.260000	-2.343750	0.000000	0.000000	0	0	0	
1147469	1478	0.000000	2.950000	2.170000	1.520000	0.310000	46.000000	55.000000	6	0.781250	-0.781250	0.000000	0.000000	2.920000	2.140000	-2.343750	-1.562500	0.000000	0	0	0	
1147750	1470	0.000000	2.480000	1.840000	1.520000	0.260000	46.000000	55.000000	6	0.781250	-0.781250	0.000000	0.000000	2.480000	1.830000	-2.343750	-1.562500	0.000000	0	0	0	
1148031	1437	0.000000	2.410000	1.740000	1.510000	0.250000	46.000000	55.000000	6	0.781250	-0.781250	0.000000	0.000000	2.360000	1.690000	-2.343750	-1.562500	0.000000	0	0	0	
1148297	1376	0.000000	2.400000	1.690000	1.510000	0.240000	46.000000	55.000000	6	0.781250	-0.781250	0.000000	0.000000	2.330000	1.660000	-2.343750	-1.562500	0.000000	0	0	0	
1148531	1296	0.000000	2.320000	1.670000	1.510000	0.240000	46.000000	55.000000	6	0.781250	-3.125000	0.025000	0.000000	2.250000	1.600000	-2.343750	0.000000	0.200000	0	0	0	
1148781	1240	0.000000	2.330000	1.710000	1.520000	0.230000	46.000000	55.000000	6	0.781250	-3.125000	0.025000	0.000000	2.230000	1.620000	-2.343750	0.000000	0.200000	0	0	0	
1149047	1162	0.000000	2.320000	1.740000	1.520000	0.230000	46.000000	55.000000	6	0.781250	-3.125000	0.025000	0.000000	2.210000	1.620000	-2.343750	0.000000	0.200000	0	0	0	
1149297	1108	0.000000	2.330000	1.780000	1.520000	0.230000	45.000000	55.000000	6	0.781250	-3.125000	0.025000	0.000000	2.180000	1.620000	-2.343750	0.000000	0.200000	0	0	0	
1149578	1036	0.000000	2.390000	1.850000	1.510000	0.240000	45.000000	55.000000	6	0.781250	5.468750	0.350000	0.000000	2.190000	1.650000	-2.343750	-2.343750	0.725000	0	0	0	
1149844	992	0.000000	2.460000	1.940000	1.510000	0.240000	46.000000	55.000000	6	0.781250	5.468750	0.350000	0.000000	2.220000	1.690000	-2.343750	-2.343750	0.725000	0	0	0	
1150078	942	0.000000	2.500000	1.980000	1.510000	0.250000	46.000000	55.000000	6	0.781250	5.468750	0.350000	0.000000	2.230000	1.700000	-2.343750	-2.343750	0.725000	0	0	0	
1150484	766	0.000000	2.730000	2.200000	1.480000	0.310000	45.000000	55.000000	6	0.781250	5.468750	0.350000	0.000000	2.520000	1.940000	-2.343750	-2.343750	0.725000	0	0	0	
1150750	712	0.000000	3.970000	3.160000	1.510000	0.360000	45.000000	55.000000	6	0.781250	8.593750	0.700000	0.000000	3.160000	2.640000	-2.343750	-6.250000	0.665000	0	0	0	
1150984	752	0.000000	4.300000	3.320000	1.510000	0.370000	45.000000	55.000000	6	0.781250	8.593750	0.700000	0.000000	3.330000	2.740000	-2.343750	-6.250000	0.665000	0	0	0	
1151250	780	0.000000	4.060000	3.180000	1.510000	0.360000	45.000000	55.000000	6	0.781250	8.593750	0.700000	0.000000	3.150000	2.640000	-2.343750	-6.250000	0.665000	0	0	0	
1151516	818	0.000000	3.590000	2.800000	1.510000	0.350000	45.000000	55.000000	6	0.781250	8.593750	0.700000	0.000000	3.070000	2.560000	-2.343750	-6.250000	0.665000	0	0	0	
1151781	853	0.000000	3.310000	2.580000	1.500000	0.340000	46.000000	55.000000	6	0.781250	3.906250	0.790000	0.000000	3.020000	2.510000	-2.343750	-3.906250	0.585000	0	0	0	
1152031	871	0.000000	3.120000	2.500000	1.520000	0.330000	46.000000	55.000000	6	0.781250	3.906250	0.790000	0.000000	2.900000	2.370000	-2.343750	-3.906250	0.585000	0	0	0	
1152297	866	0.000000	2.830000	2.290000	1.520000	0.320000	46.000000	55.000000	6	0.781250	3.906250	0.790000	0.000000	2.810000	2.280000	-2.343750	-3.906250	0.585000	0	0	0	
1152547	856	0.000000	2.750000	2.200000	1.510000	0.320000	46.000000	55.000000	6	0.781250	3.906250	0.790000	0.000000	2.770000	2.230000	-2.343750	-3.906250	0.585000	0	0	0	
1152813	834	0.000000	2.710000	2.170000	1.510000	0.320000	45.000000	55.000000	6	0.781250	-3.906250	0.845000	0.000000	2.730000	2.220000	-2.343750	-2.343750	0.075000	0	0	0	
1153078	807	0.000000	2.690000	2.150000	1.510000	0.310000	45.000000	55.000000	6	0.781250	-3.906250	0.845000	0.000000	2.770000	2.260000	-2.343750	-2.343750	0.075000	0	0	0	
1153344	775	0.000000	2.720000	2.180000	1.500000	0.330000	45.000000	55.000000	6	0.781250	-3.906250	0.845000	0.000000	2.800000	2.310000	-2.343750	-2.343750	0.075000	0	0	0	
1153625	757	0.000000	2.770000	2.230000	1.490000	0.330000	45.000000	55.000000	6	0.781250	-3.906250	0.845000	0.000000	2.840000	2.340000	-2.343750	-2.343750	0.075000	0	0	0	
1153906	755	0.000000	2.820000	2.290000	1.490000	0.340000	45.000000	55.000000	6	0.781250	-4.687500	0.855000	0.000000	2.960000	2.450000	-2.343750	0.000000	0.065000	0	0	0	
1154188	752	0.000000	2.850000	2.340000	1.500000	0.340000	46.000000	55.000000	6	0.781250	-4.687500	0.855000	0.000000	2.940000	2.440000	-2.343750	0.000000	0.065000	0	0	0	
1154484	742	0.000000	2.910000	2.400000	1.500000	0.340000	46.000000	55.000000	6	0.781250	-4.687500	0.855000	0.000000	2.970000	2.470000	-2.343750	0.000000	0.065000	0	0	0	
1154734	737	0.000000	2.930000	2.420000	1.490000	0.340000	45.000000	55.000000	6	0.781250	-4.687500	0.855000	0.000000	3.080000	2.560000	-2.343750	0.000000	0.065000	0	0	0	
1155031	740	0.000000	2.960000	2.460000	1.500000	0.340000	45.000000	55.000000	6	0.781250	-1.562500	0.840000	0.000000	3.050000	2.540000	-2.343750	1.562500	0.060000	0	0	0	
1155297	731	0.000000	3.030000	2.540000	1.540000	0.340000	45.000000	55.000000	6	0.781250	-1.562500	0.840000	0.000000	3.090000	2.560000	-2.343750	1.562500	0.060000	0	0	0	
1155547	746	0.000000	3.030000	2.540000	1.540000	0.340000	45.000000	55.000000	6	0.781250	-1.562500	0.840000	0.000000	3.130000	2.640000	-2.343750	1.562500	0.060000	0	0	0	
1155953	773	0.000000	2.980000	2.510000	1.540000	0.340000	45.000000	55.000000	6	0.781250	-1.562500	0.825000	0.000000	2.970000	2.500000	-2.343750	1.562500	0.060000	0	0	0	
1156219	784	0.000000	2.930000	2.460000	1.510000	0.340000	45.000000	55.000000	6	0.781250	0.781250	0.825000	0.000000	3.000000	2.510000	-2.343750	1.562500	0.055000	0	0	0	
1156516	785	0.000000	2.910000	2.420000	1.510000	0.340000	45.000000	55.000000	6	0.781250	0.781250	0.825000	0.000000	2.970000	2.500000	-2.343750	1.562500	0.055000	0	0	0	
1156766	779	0.000000	2.880000	2.400000	1.510000	0.330000	45.000000	55.000000	6	0.781250	0.781250	0.825000	0.000000	2.880000	2.390000	-2.343750	1.562500	0.055000	0	0	0	
1157031	778	0.000000	2.810000	2.310000	1.520000	0.330000	45.000000	55.000000	6	0.781250	0.781250	0.785000	0.000000	2.860000	2.380000	-2.343750	1.562500	0.055000	0	0	0	
1157281	773	0.000000	2.810000	2.320000	1.520000	0.330000	45.000000	55.000000	6	0.781250	2.343750	0.785000	0.000000	2.870000	2.380000	-2.343750	1.562500	0.055000	0	0	0	
1157516	768	0.000000	2.830000	2.340000	1.510000	0.330000	45.000000	55.000000	6	0.781250	2.343750	0.785000	0.000000	2.830000	2.340000	-2.343750	1.562500	0.055000	0	0	0	
1157781	759	0.000000	2.830000	2.340000	1.520000	0.330000	45.000000	55.000000	6	0.781250	2.343750	0.785000	0.000000	2.820000	2.340000	-2.343750	1.562500	0.055000	0	0	0	
1158047	747	0.000000	2.830000	2.350000	1.530000	0.330000	45.000000	55.000000	6	0.781250	2.343750	0.785000	0.000000	2.910000	2.430000	-2.343750	1.562500	0.055000	0	0	0	
1158313	748	0.000000	2.810000	2.340000	1.540000	0.330000	45.000000	55.000000	6	0.781250	2.343750	0.735000	0.000000	2.830000	2.370000	-2.343750	3.125000	0.055000	0	0	0	
1158547	739	0.000000	2.810000	2.340000	1.530000	0.330000	45.000000	55.000000	6	0.781250	2.343750	0.735000	0.000000	2.840000	2.370000	-2.343750	3.125000	0.055000	0	0	0	
1158844	734	0.000000	2.800000	2.310000	1.520000	0.330000	45.000000	55.000000	6	0.781250	2.343750	0.735000	0.000000	2.900000	2.420000	-2.343750	3.125000	0.055000	0	0	0	
1159109	720	0.000000	2.840000	2.360000	1.520000	0.330000	45.000000	55.000000	6	0.781250	2.343750	0.735000	0.000000	2.900000	2.420000	-2.343750	3.125000	0.055000	0	0	0	
1159375	712	0.000000	2.860000	2.380000	1.520000	0.330000	45.000000	55.000000	6	0.781250	2.343750	0.695000	0.000000	2.910000	2.440000	-2.343750	4.687500	0.055000	0	0	0	
1159656	708	0.000000	2.840000	2.370000	1.510000	0.330000	45.000000	55.000000	6	0.781250	2.343750	0.695000	0.000000	3.000000	2.500000	-2.343750	4.687500	0.055000	0	0	0	
1159922	700	0.000000	2.900000	2.430000	1.520000	0.330000	45.000000	55.000000	6	0.781250	2.343750	0.695000	0.000000	3.010000	2.510000	-2.343750	4.687500	0.055000	0	0	0	
1160203	696	0.000000	2.920000	2.430000	1.500000	0.340000	45.000000	55.000000	6	0.781250	2.343750	0.695000	0.000000	2.970000	2.490000	-2.343750	4.687500	0.055000	0	0	0	
1160453	694	0.000000	2.910000	2.420000	1.520000	0.330000	45.000000	55.000000	6	0.781250	2.343750	0.675000	0.000000	3.040000	2.540000	-2.343750	4.687500	0.055000	0	0	0	
1160703	696	0.000000	2.940000	2.460000	1.520000	0.340000	45.000000	55.000000	6	0.781250	2.343750	0.675000	0.000000	3.010000	2.510000	-2.343750	4.687500	0.055000	0	0	0	
1160953	694	0.000000	2.950000	2.460000	1.510000	0.340000	45.000000	55.000000	6	0.781250	2.343750	0.675000	0.000000	3.010000	2.510000	-2.343750	4.687500	0.055000	0	0	0	
1161406	689	0.000000	2.910000	2.420000	1.510000	0.340000	45.000000	55.000000	6	0.781250	2.343750	0.670000	0.000000	3.020000	2.520000	-2.343750	4.687500	0.055000	0	0	0	
1161672	673	0.000000	2.940000	2.450000	1.500000	0.340000	45.000000	55.000000	6	0.781250	2.343750	0.670000	0.000000	2.960000	2.480000	-2.343750	2.343750	0.055000	0	0	0	
1161906	658	0.000000	2.920000	2.430000	1.510000	0.340000	45.000000	55.000000	6	0.781250	2.343750	0.670000	0.000000	3.030000	2.520000	-2.343750	2.343750	0.055000	0	0	0	
1162172	641	0.000000	2.940000	2.460000	1.500000	0.340000	45.000000	55.000000	6	0.781250	2.343750	0.670000	0.000000	3.040000	2.530000	-2.343750	2.343750	0.055000	0	0	0	
1162469	607	0.000000	3.160000	3.090000	1.300000	0.910000	45.000000	55.000000	6	0.781250	2.343750	0.670000	0.000000	3.180000	8.910000	-2.343750	2.343750	0.060000	0	0	0	
1162719	791	0.000000	11.940000	9.090000	1.450000	0.950000	45.000000	55.000000	6	0.781250	1.562500	0.670000	0.000000	10.900000	8.100000	-2.343750	0.000000	0.060000	0	0	0	
1163000	1129	0.000000	11.070000	8.260000	1.420000	0.910000	45.000000	55.000000	6	0.781250	1.562500	0.670000	0.000000	12.570000	8.760000	-2.343750	0.000000	0.060000	0	0	0	
1163250	1323	0.000000	8.790000	7.250000	1.490000	0.810000	45.000000	55.000000	6	0.781250	1.562500	0.670000	0.000000	8.480000	6.480000	-2.343750	0.000000	0.060000	0	0	0	
1163484	1312	0.000000	6.570000	5.190000	1.490000	0.750000	45.000000	55.000000	6	0.781250	1.562500	0.670000	0.000000	6.260000	5.050000	-2.343750	0.000000	0.060000	0	0	0	
1163766	1080	0.000000	5.010000	3.950000	1.540000	0.630000	45.000000	55.000000	6	0.781250	-5.468750	0.880000	0.000000	5.690000	4.520000	-2.343750	-3.906250	0.825000	0	0	0	
1164047	953	0.000000	5.660000	4.090000	1.520000	0.530000	45.000000	55.000000	6	0.781250	-5.468750	0.880000	0.000000	5.020000	3.830000	-2.343750	-3.906250	0.825000	0	0	0	
1164313	1040	0.000000	4.110000	2.980000	1.530000	0.430000	45.000000	55.000000	6	0.781250	-5.468750	0.880000	0.000000	4.140000	3.020000	-2.343750	-3.906250	0.825000	0	0	0	
1164578	1105	0.000000	2.950000	2.310000	1.520000	0.360000	45.000000	55.000000	6	0.781250	-5.468750	0.880000	0.000000	3.180000	2.470000	-2.343750	-3.906250	0.825000	0	0	0	
1164828	1076	0.000000	2.660000	2.130000	1.520000	0.330000	45.000000	55.000000	6	0.781250	-5.468750	0.845000	0.000000	2.640000	2.120000	-2.343750	-2.343750	0.790000	0	0	0	
1165063	1028	0.000000	2.710000	2.160000	1.470000	0.360000	45.000000	55.000000	6	0.781250	-5.468750	0.845000	0.000000	2.910000	2.340000	-2.343750	-2.343750	0.790000	0	0	0	
1165344	917	0.000000	5.020000	3.730000	1.460000	0.500000	44.000000	55.000000	6	0.781250	-5.468750	0.845000	0.000000	5.080000	3.820000	-2.343750	-2.343750	0.790000	0	0	0	
1165578	898	0.000000	5.780000	4.450000	1.470000	0.560000	44.000000	55.000000	6	0.781250	-5.468750	0.845000	0.000000	5.810000	4.350000	-2.343750	-2.343750	0.790000	0	0	0	
1165844	999	0.000000	5.770000	4.260000	1.510000	0.560000	45.000000	55.000000	6	0.781250	7.812500	0.820000	0.000000	5.770000	4.230000	-2.343750	8.593750	0.765000	0	0	0	
1166109	1074	0.000000	5.010000	3.880000	1.540000	0.530000	44.000000	55.000000	6	0.781250	7.812500	0.820000	0.000000	5.000000	3.850000	-2.343750	8.593750	0.765000	0	0	0	
1166375	979	0.000000	4.700000	3.450000	1.550000	0.460000	45.000000	55.000000	6	0.781250	7.812500	0.820000	0.000000	4.500000	3.300000	-2.343750	8.593750	0.765000	0	0	0	
1166766	1069	0.000000	3.380000	2.650000	1.520000	0.400000	45.000000	55.000000	6	0.781250	7.812500	0.820000	0.000000	3.500000	2.700000	-2.343750	8.593750	0.765000	0	0	0	
1167031	1147	0.000000	4.970000	3.810000	1.490000	0.540000	45.000000	55.000000	6	0.781250	-5.468750	0.805000	0.000000	5.010000	3.830000	-2.343750	-4.687500	0.760000	0	0	0	
1167250	1105	0.000000	5.840000	4.490000	1.490000	0.610000	45.000000	55.000000	6	0.781250	-5.468750	0.805000	0.000000	5.710000	4.210000	-2.343750	-4.687500	0.760000	0	0	0	
1167531	1042	0.000000	6.000000	4.690000	1.500000	0.690000	44.000000	55.000000	6	0.781250	-5.468750	0.805000	0.000000	5.990000	4.740000	-2.343750	-4.687500	0.760000	0	0	0	
1167797	986	0.000000	6.020000	4.780000	1.500000	0.690000	44.000000	55.000000	6	0.781250	-5.468750	0.805000	0.000000	6.050000	4.820000	-2.343750	-4.687500	0.760000	0	0	0	
1168031	1145	0.000000	6.060000	4.830000	1.480000	0.680000	44.000000	55.000000	6	0.781250	-5.468750	0.795000	0.000000	5.940000	4.600000	-2.343750	-5.468750	0.725000	0	0	0	
1168297	1215	0.000000	5.750000	4.520000	1.490000	0.660000	45.000000	55.000000	6	0.781250	-5.468750	0.795000	0.000000	5.750000	4.490000	-2.343750	-5.468750	0.725000	0	0	0	
1168563	1358	0.000000	5.610000	4.470000	1.470000	0.670000	45.000000	55.000000	6	0.781250	-5.468750	0.795000	0.000000	5.600000	4.350000	-2.343750	-5.468750	0.725000	0	0	0	
1168828	1479	0.000000	5.830000	4.730000	1.480000	0.660000	45.000000	55.000000	6	0.781250	-5.468750	0.795000	0.000000	5.520000	4.190000	-2.343750	-5.468750	0.725000	0	0	0	
1169078	1617	0.000000	5.810000	4.280000	1.480000	0.620000	44.000000	55.000000	6	0.781250	3.906250	0.425000	0.000000	5.500000	4.100000	-2.343750	-3.906250	0.625000	0	0	0	
1169359	1735	0.000000	5.670000	4.130000	1.500000	0.600000	45.000000	55.000000	6	0.781250	3.906250	0.425000	0.000000	4.970000	3.850000	-2.343750	-3.906250	0.625000	0	0	0	
1169609	1851	0.000000	5.030000	3.930000	1.480000	0.590000	45.000000	55.000000	6	0.781250	3.906250	0.425000	0.000000	4.850000	3.710000	-2.343750	-3.906250	0.625000	0	0	0	
1169875	1935	0.000000	4.920000	3.800000	1.490000	0.590000	44.000000	55.000000	6	0.781250	3.906250	0.425000	0.000000	4.840000	3.700000	-2.343750	-3.906250	0.625000	0	0	0	
1170109	2020	0.000000	4.770000	3.480000	1.530000	0.510000	44.000000	55.000000	6	0.781250	3.906250	0.620000	0.000000	4.430000	3.230000	-2.343750	-3.906250	0.065000	0	0	0	
1170391	2075	0.000000	3.330000	2.440000	1.570000	0.340000	45.000000	55.000000	6	0.781250	5.468750	0.620000	0.000000	3.230000	2.360000	-2.343750	-1.562500	0.065000	0	0	0	
1170672	2080	0.000000	2.530000	1.850000	1.580000	0.270000	45.000000	55.000000	6	0.781250	5.468750	0.620000	0.000000	2.530000	1.850000	-2.343750	-1.562500	0.065000	0	0	0	
1170922	2053	0.000000	2.410000	1.760000	1.550000	0.250000	44.000000	55.000000	6	0.781250	5.468750	0.620000	0.000000	2.460000	1.810000	-2.343750	-1.562500	0.065000	0	0	0	
1171156	2019	0.000000	2.470000	1.770000	1.540000	0.240000	44.000000	55.000000	6	0.781250	5.468750	0.740000	0.000000	2.490000	1.800000	-2.343750	-1.562500	0.065000	0	0	0	
1171406	1989	0.000000	2.420000	1.840000	1.530000	0.240000	44.000000	55.000000	6	0.781250	5.468750	0.740000	0.000000	2.480000	1.890000	-2.343750	10.156250	0.040000	0	0	0	
1171672	1936	0.000000	2.230000	1.670000	1.550000	0.230000	45.000000	55.000000	6	0.781250	5.468750	0.740000	0.000000	2.260000	1.720000	-2.343750	10.156250	0.040000	0	0	0	
1172109	1817	0.000000	2.090000	1.660000	1.580000	0.240000	45.000000	55.000000	6	0.781250	5.468750	0.740000	0.000000	2.100000	1.670000	-2.343750	10.156250	0.040000	0	0	0	
1172359	1708	0.000000	2.090000	1.660000	1.590000	0.240000	44.000000	55.000000	6	0.781250	5.468750	0.050000	0.000000	2.090000	1.670000	-2.343750	10.156250	0.005000	0	0	0	
1172641	1600	0.000000	2.090000	1.660000	1.610000	0.240000	45.000000	55.000000	6	0.781250	0.000000	0.050000	0.000000	2.120000	1.670000	-2.343750	0.000000	0.005000	0	0	0	
1172891	1432	0.000000	2.360000	1.770000	1.580000	0.250000	45.000000	55.000000	6	0.781250	0.000000	0.050000	0.000000	2.360000	1.770000	-2.343750	0.000000	0.005000	0	0	0	
1173125	1069	0.000000	2.570000	1.980000	1.520000	0.300000	45.000000	55.000000	6	0.781250	0.000000	0.050000	0.000000	2.640000	2.050000	-2.343750	0.000000	0.005000	0	0	0	
1173391	1045	0.000000	2.820000	2.250000	1.530000	0.300000	44.000000	55.000000	6	0.781250	0.000000	0.050000	0.000000	2.820000	2.260000	-2.343750	0.000000	0.005000	0	0	0	
1173656	1013	0.000000	2.710000	2.190000	1.520000	0.290000	45.000000	55.000000	6	0.781250	0.000000	0.005000	0.000000	2.720000	2.200000	-2.343750	0.000000	0.000000	0	0	0	
1173906	955	0.000000	2.740000	2.200000	1.510000	0.300000	44.000000	55.000000	6	0.781250	0.000000	0.005000	0.000000	2.790000	2.250000	-2.343750	0.000000	0.000000	0	0	0	
1174156	873	0.000000	3.230000	2.540000	1.500000	0.330000	45.000000	55.000000	6	0.781250	0.000000	0.005000	0.000000	2.930000	2.400000	-2.343750	0.000000	0.000000	0	0	0	
1174422	830	0.000000	3.530000	2.710000	1.520000	0.340000	44.000000	55.000000	6	0.781250	0.000000	0.005000	0.000000	3.530000	2.720000	-2.343750	0.000000	0.000000	0	0	0	
1174688	815	0.000000	3.660000	2.920000	1.530000	0.360000	44.000000	55.000000	6	0.781250	0.000000	0.005000	0.000000	3.670000	2.930000	-2.343750	0.000000	0.000000	0	0	0	
1174953	791	0.000000	3.870000	3.010000	1.550000	0.360000	44.000000	55.000000	6	0.781250	0.000000	0.005000	0.000000	3.870000	3.040000	-2.343750	0.000000	0.000000	0	0	0	
1175219	745	0.000000	3.500000	2.880000	1.540000	0.360000	44.000000	55.000000	6	0.781250	0.000000	0.005000	0.000000	3.520000	2.870000	-2.343750	0.000000	0.000000	0	0	0	
1175469	718	0.000000	3.610000	2.960000	1.520000	0.370000	45.000000	55.000000	6	0.781250	0.000000	0.005000	0.000000	3.660000	3.000000	-2.343750	0.000000	0.000000	0	0	0	
1175734	669	0.000000	3.570000	2.970000	1.520000	0.370000	45.000000	55.000000	6	0.781250	0.000000	0.010000	0.000000	3.670000	3.050000	-2.343750	0.000000	0.000000	0	0	0	
1175984	646	0.000000	3.530000	2.930000	1.520000	0.370000	44.000000	55.000000	6	0.781250	0.000000	0.010000	0.000000	3.580000	2.970000	-2.343750	0.000000	0.000000	0	0	0	
1176234	620	0.000000	3.540000	2.950000	1.520000	0.380000	44.000000	55.000000	6	0.781250	0.000000	0.010000	0.000000	3.640000	2.990000	-2.343750	0.000000	0.000000	0	0	0	
1176484	547	0.000000	3.660000	3.010000	1.500000	0.420000	44.000000	55.000000	6	0.781250	0.000000	0.010000	0.000000	3.860000	3.100000	-2.343750	0.000000	0.000000	0	0	0	
1176734	510	0.000000	4.770000	3.760000	1.500000	0.480000	44.000000	55.000000	6	0.781250	-1.562500	0.015000	0.000000	4.870000	3.880000	-2.343750	-3.125000	0.000000	0	0	0	
1177000	553	0.000000	5.520000	4.140000	1.520000	0.510000	44.000000	55.000000	6	0.781250	-1.562500	0.015000	0.000000	5.490000	4.120000	-2.343750	-3.125000	0.000000	0	0	0	
1177406	641	0.000000	5.510000	4.180000	1.510000	0.500000	45.000000	55.000000	6	0.781250	-1.562500	0.015000	0.000000	4.810000	3.650000	-2.343750	-3.125000	0.000000	0	0	0	
1177641	667	0.000000	5.460000	4.060000	1.510000	0.490000	44.000000	55.000000	6	0.781250	-1.562500	0.015000	0.000000	4.660000	3.620000	-2.343750	-3.125000	0.000000	0	0	0	
1177906	698	0.000000	4.630000	3.590000	1.510000	0.470000	44.000000	55.000000	6	0.781250	-7.812500	0.020000	0.000000	4.430000	3.410000	-2.343750	-5.468750	0.000000	0	0	0	
1178172	704	0.000000	4.500000	3.460000	1.510000	0.460000	45.000000	55.000000	6	0.781250	-7.812500	0.020000	0.000000	4.130000	3.250000	-2.343750	-5.468750	0.000000	0	0	0	
1178422	699	0.000000	4.410000	3.380000	1.510000	0.460000	44.000000	55.000000	6	0.781250	-7.812500	0.020000	0.000000	4.070000	3.200000	-2.343750	-5.468750	0.000000	0	0	0	
1178703	688	0.000000	4.430000	3.380000	1.510000	0.450000	45.000000	55.000000	6	0.781250	-7.812500	0.020000	0.000000	4.030000	3.190000	-2.343750	-5.468750	0.000000	0	0	0	
1178953	683	0.000000	4.470000	3.410000	1.500000	0.450000	45.000000	55.000000	6	0.781250	-7.031250	0.025000	0.000000	4.070000	3.200000	-2.343750	-2.343750	0.000000	0	0	0	
1179219	677	0.000000	4.490000	3.430000	1.490000	0.450000	45.000000	55.000000	6	0.781250	-7.031250	0.025000	0.000000	4.220000	3.270000	-2.343750	-2.343750	0.000000	0	0	0	
1179469	676	0.000000	4.520000	3.450000	1.500000	0.440000	45.000000	55.000000	6	0.781250	-7.031250	0.025000	0.000000	4.220000	3.280000	-2.343750	-2.343750	0.000000	0	0	0	
1179750	672	0.000000	4.450000	3.400000	1.500000	0.440000	45.000000	55.000000	6	0.781250	-7.031250	0.025000	0.000000	4.150000	3.250000	-2.343750	-2.343750	0.000000	0	0	0	
1180000	665	0.000000	4.420000	3.380000	1.500000	0.440000	44.000000	55.000000	6	0.781250	-4.687500	0.025000	0.000000	4.100000	3.220000	-2.343750	0.000000	0.000000	0	0	0	
1180234	665	0.000000	4.360000	3.350000	1.500000	0.440000	44.000000	55.000000	6	0.781250	-4.687500	0.025000	0.000000	3.860000	3.130000	-2.343750	0.000000	0.000000	0	0	0	
1180516	656	0.000000	4.290000	3.310000	1.490000	0.440000	44.000000	55.000000	6	0.781250	-4.687500	0.025000	0.000000	3.860000	3.130000	-2.343750	0.000000	0.000000	0	0	0	
1180781	658	0.000000	4.390000	3.370000	1.500000	0.440000	44.000000	55.000000	6	0.781250	-4.687500	0.025000	0.000000	4.160000	3.250000	-2.343750	0.000000	0.000000	0	0	0	
1181047	658	0.000000	4.460000	3.400000	1.500000	0.440000	44.000000	55.000000	6	0.781250	-4.687500	0.025000	0.000000	4.080000	3.200000	-2.343750	0.000000	0.000000	0	0	0	
1181313	658	0.000000	4.390000	3.380000	1.540000	0.430000	44.000000	55.000000	6	0.781250	-3.125000	0.030000	0.000000	4.030000	3.250000	-2.343750	1.562500	0.000000	0	0	0	
1181547	657	0.000000	4.370000	3.390000	1.540000	0.440000	44.000000	55.000000	6	0.781250	-3.125000	0.030000	0.000000	4.140000	3.270000	-2.343750	1.562500	0.000000	0	0	0	
1181813	655	0.000000	4.370000	3.390000	1.540000	0.430000	44.000000	55.000000	6	0.781250	-3.125000	0.030000	0.000000	4.020000	3.210000	-2.343750	1.562500	0.000000	0	0	0	
1182047	656	0.000000	3.970000	3.170000	1.550000	0.430000	44.000000	55.000000	6	0.781250	-3.125000	0.030000	0.000000	4.020000	3.200000	-2.343750	1.562500	0.000000	0	0	0	
1182313	655	0.000000	3.860000	3.100000	1.540000	0.430000	44.000000	55.000000	6	0.781250	-3.125000	0.035000	0.000000	4.120000	3.270000	-2.343750	1.562500	0.000000	0	0	0	
1182734	644	0.000000	3.870000	3.110000	1.540000	0.440000	44.000000	55.000000	6	0.781250	-3.125000	0.035000	0.000000	4.010000	3.200000	-2.343750	1.562500	0.000000	0	0	0	
1183000	642	0.000000	3.860000	3.150000	1.530000	0.440000	44.000000	55.000000	6	0.781250	-3.125000	0.035000	0.000000	4.100000	3.250000	-2.343750	1.562500	0.000000	0	0	0	
1183234	638	0.000000	3.860000	3.110000	1.520000	0.430000	44.000000	55.000000	6	0.781250	0.000000	0.040000	0.000000	4.050000	3.210000	-2.343750	1.562500	0.000000	0	0	0	
1183469	641	0.000000	3.860000	3.120000	1.530000	0.430000	44.000000	55.000000	6	0.781250	0.000000	0.040000	0.000000	3.870000	3.140000	-2.343750	1.562500	0.000000	0	0	0	
1183734	636	0.000000	3.870000	3.140000	1.510000	0.440000	44.000000	55.000000	6	0.781250	0.000000	0.040000	0.000000	4.070000	3.210000	-2.343750	1.562500	0.000000	0	0	0	
1183984	631	0.000000	4.000000	3.180000	1.520000	0.430000	44.000000	55.000000	6	0.781250	0.000000	0.040000	0.000000	4.120000	3.240000	-2.343750	1.562500	0.000000	0	0	0	
1184234	639	0.000000	4.000000	3.190000	1.540000	0.430000	44.000000	55.000000	6	0.781250	0.000000	0.045000	0.000000	3.990000	3.170000	-2.343750	1.562500	0.000000	0	0	0	
1184516	637	0.000000	4.070000	3.230000	1.530000	0.430000	44.000000	55.000000	6	0.781250	3.125000	0.045000	0.000000	4.080000	3.240000	-2.343750	2.343750	0.000000	0	0	0	
1184750	645	0.000000	3.980000	3.190000	1.530000	0.420000	44.000000	55.000000	6	0.781250	3.125000	0.045000	0.000000	4.050000	3.220000	-2.343750	2.343750	0.000000	0	0	0	
1185000	668	0.000000	3.460000	2.910000	1.530000	0.400000	44.000000	55.000000	6	0.781250	3.125000	0.045000	0.000000	3.660000	3.050000	-2.343750	2.343750	0.000000	0	0	0	
1185250	665	0.000000	3.430000	2.870000	1.530000	0.400000	44.000000	55.000000	6	0.781250	3.125000	0.045000	0.000000	3.400000	2.840000	-2.343750	2.343750	0.000000	0	0	0	
1185516	646	0.000000	3.390000	2.830000	1.530000	0.390000	44.000000	55.000000	6	0.781250	1.562500	0.045000	0.000000	3.480000	2.930000	-2.343750	2.343750	0.000000	0	0	0	
1185750	639	0.000000	3.450000	2.890000	1.520000	0.390000	44.000000	55.000000	6	0.781250	1.562500	0.045000	0.000000	3.470000	2.900000	-2.343750	2.343750	0.000000	0	0	0	
1186016	635	0.000000	3.450000	2.880000	1.520000	0.390000	44.000000	55.000000	6	0.781250	1.562500	0.045000	0.000000	3.450000	2.890000	-2.343750	2.343750	0.000000	0	0	0	
1186266	634	0.000000	3.410000	2.850000	1.520000	0.390000	44.000000	55.000000	6	0.781250	1.562500	0.045000	0.000000	3.540000	2.940000	-2.343750	2.343750	0.000000	0	0	0	
1186531	631	0.000000	3.460000	2.890000	1.520000	0.390000	44.000000	55.000000	6	0.781250	1.562500	0.050000	0.000000	3.470000	2.880000	-2.343750	1.562500	0.000000	0	0	0	
1186797	632	0.000000	3.470000	2.890000	1.510000	0.390000	44.000000	55.000000	6	0.781250	1.562500	0.050000	0.000000	3.480000	2.890000	-2.343750	1.562500	0.000000	0	0	0	
1187063	624	0.000000	3.330000	2.780000	1.510000	0.380000	44.000000	55.000000	6	0.781250	1.562500	0.050000	0.000000	3.500000	2.930000	-2.343750	1.562500	0.000000	0	0	0	
1187297	624	0.000000	3.320000	2.770000	1.520000	0.390000	44.000000	55.000000	6	0.781250	1.562500	0.050000	0.000000	3.380000	2.820000	-2.343750	1.562500	0.000000	0	0	0	
1187563	627	0.000000	3.410000	2.830000	1.520000	0.390000	44.000000	55.000000	6	0.781250	0.000000	0.050000	0.000000	3.390000	2.820000	-2.343750	1.562500	0.000000	0	0	0	
1187969	617	0.000000	3.340000	2.790000	1.520000	0.390000	44.000000	55.000000	6	0.781250	0.000000	0.050000	0.000000	3.440000	2.860000	-2.343750	-0.781250	0.000000	0	0	0	
1188203	615	0.000000	3.320000	2.760000	1.520000	0.390000	44.000000	55.000000	6	0.781250	0.000000	0.050000	0.000000	3.440000	2.860000	-2.343750	-0.781250	0.000000	0	0	0	
1188453	607	0.000000	3.400000	2.820000	1.520000	0.390000	44.000000	55.000000	6	0.781250	0.000000	0.050000	0.000000	3.340000	2.780000	-2.343750	-0.781250	0.000000	0	0	0	
1188672	605	0.000000	3.320000	2.760000	1.520000	0.390000	44.000000	55.000000	6	0.781250	-1.562500	0.055000	0.000000	3.390000	2.810000	-2.343750	-2.343750	0.000000	0	0	0	
1188938	607	0.000000	3.270000	2.720000	1.520000	0.390000	44.000000	55.000000	6	0.781250	-1.562500	0.055000	0.000000	3.330000	2.780000	-2.343750	-2.343750	0.000000	0	0	0	
1189156	601	0.000000	3.320000	2.760000	1.510000	0.390000	44.000000	55.000000	6	0.781250	-1.562500	0.055000	0.000000	3.260000	2.720000	-2.343750	-2.343750	0.000000	0	0	0	
1189406	605	0.000000	3.260000	2.700000	1.510000	0.390000	44.000000	55.000000	6	0.781250	-1.562500	0.055000	0.000000	3.300000	2.750000	-2.343750	-2.343750	0.000000	0	0	0	
1189672	605	0.000000	3.230000	2.690000	1.510000	0.400000	44.000000	55.000000	6	0.781250	-1.562500	0.055000	0.000000	3.310000	2.760000	-2.343750	-2.343750	0.000000	0	0	0	
1189938	603	0.000000	3.330000	2.780000	1.530000	0.400000	44.000000	55.000000	6	0.781250	-2.343750	0.055000	0.000000	3.280000	2.740000	-2.343750	-3.125000	0.000000	0	0	0	
1190188	606	0.000000	3.310000	2.790000	1.540000	0.400000	44.000000	55.000000	6	0.781250	-2.343750	0.055000	0.000000	3.270000	2.750000	-2.343750	-3.125000	0.000000	0	0	0	
1190422	602	0.000000	3.270000	2.750000	1.540000	0.400000	44.000000	55.000000	6	0.781250	-2.343750	0.055000	0.000000	3.360000	2.820000	-2.343750	-3.125000	0.000000	0	0	0	
1190672	603	0.000000	3.310000	2.790000	1.530000	0.400000	44.000000	55.000000	6	0.781250	-2.343750	0.055000	0.000000	3.270000	2.740000	-2.343750	-3.125000	0.000000	0	0	0	
1190953	605	0.000000	3.300000	2.780000	1.540000	0.400000	44.000000	55.000000	6	0.781250	-2.343750	0.060000	0.000000	3.260000	2.730000	-2.343750	-3.125000	0.005000	0	0	0	
1191172	604	0.000000	3.240000	2.720000	1.530000	0.400000	44.000000	55.000000	6	0.781250	-2.343750	0.060000	0.000000	3.290000	2.770000	-2.343750	-3.125000	0.005000	0	0	0	
1191422	609	0.000000	3.240000	2.710000	1.540000	0.390000	44.000000	55.000000	6	0.781250	-2.343750	0.060000	0.000000	3.140000	2.640000	-2.343750	-3.125000	0.005000	0	0	0	
1191688	609	0.000000	3.150000	2.640000	1.520000	0.400000	44.000000	55.000000	6	0.781250	-2.343750	0.060000	0.000000	3.120000	2.610000	-2.343750	-3.125000	0.005000	0	0	0	
1191938	603	0.000000	3.070000	2.590000	1.520000	0.400000	44.000000	55.000000	6	0.781250	-3.906250	0.065000	0.000000	3.120000	2.620000	-2.343750	-3.125000	0.005000	0	0	0	
1192203	604	0.000000	3.110000	2.600000	1.530000	0.400000	44.000000	55.000000	6	0.781250	-3.906250	0.065000	0.000000	3.120000	2.610000	-2.343750	-4.687500	0.005000	0	0	0	
1192438	600	0.000000	3.070000	2.600000	1.520000	0.400000	44.000000	55.000000	6	0.781250	-3.906250	0.065000	0.000000	3.070000	2.590000	-2.343750	-4.687500	0.005000	0	0	0	
1192703	599	0.000000	3.020000	2.540000	1.510000	0.400000	44.000000	55.000000	6	0.781250	-3.906250	0.065000	0.000000	3.070000	2.590000	-2.343750	-4.687500	0.005000	0	0	0	
1193125	600	0.000000	3.070000	2.570000	1.510000	0.400000	44.000000	55.000000	6	0.781250	-3.906250	0.065000	0.000000	3.060000	2.560000	-2.343750	-3.906250	0.005000	0	0	0	
1193375	606	0.000000	3.060000	2.520000	1.530000	0.400000	44.000000	55.000000	6	0.781250	-3.906250	0.065000	0.000000	3.050000	2.550000	-2.343750	-3.906250	0.005000	0	0	0	
1193625	611	0.000000	3.010000	2.510000	1.510000	0.400000	44.000000	55.000000	6	0.781250	-3.906250	0.065000	0.000000	3.080000	2.570000	-2.343750	-3.906250	0.005000	0	0	0	
1193859	608	0.000000	3.040000	2.530000	1.510000	0.400000	44.000000	55.000000	6	0.781250	-3.906250	0.065000	0.000000	3.030000	2.520000	-2.343750	-3.906250	0.005000	0	0	0	
1194109	616	0.000000	3.040000	2.540000	1.520000	0.400000	44.000000	55.000000	6	0.781250	-3.906250	0.065000	0.000000	2.990000	2.500000	-2.343750	-3.906250	0.005000	0	0	0	
1194359	610	0.000000	2.960000	2.470000	1.510000	0.400000	44.000000	55.000000	6	0.781250	-3.906250	0.070000	0.000000	3.040000	2.530000	-2.343750	-5.468750	0.005000	0	0	0	
1194656	610	0.000000	2.980000	2.490000	1.510000	0.390000	44.000000	55.000000	6	0.781250	-3.906250	0.070000	0.000000	2.960000	2.480000	-2.343750	-5.468750	0.005000	0	0	0	
1194891	618	0.000000	2.960000	2.480000	1.510000	0.390000	44.000000	55.000000	6	0.781250	-3.906250	0.070000	0.000000	2.940000	2.450000	-2.343750	-5.468750	0.005000	0	0	0	
1195141	631	0.000000	2.730000	2.230000	1.520000	0.370000	44.000000	56.000000	6	0.781250	-3.906250	0.070000	0.000000	2.930000	2.450000	-2.343750	-5.468750	0.005000	0	0	0	
1195406	636	0.000000	2.700000	2.190000	1.520000	0.360000	44.000000	56.000000	6	0.781250	-5.468750	0.075000	0.000000	2.710000	2.180000	-2.343750	-7.031250	0.005000	0	0	0	
1195656	633	0.000000	2.730000	2.200000	1.510000	0.360000	44.000000	56.000000	6	0.781250	-5.468750	0.075000	0.000000	2.700000	2.170000	-2.343750	-7.031250	0.005000	0	0	0	
1195891	626	0.000000	2.670000	2.110000	1.520000	0.350000	44.000000	56.000000	6	0.781250	-5.468750	0.075000	0.000000	2.720000	2.190000	-2.343750	-7.031250	0.005000	0	0	0	
1196156	607	0.000000	2.690000	2.140000	1.520000	0.360000	44.000000	56.000000	6	0.781250	-5.468750	0.075000	0.000000	2.670000	2.120000	-2.343750	-7.031250	0.005000	0	0	0	
1196406	561	0.000000	2.780000	2.270000	1.500000	0.380000	43.000000	56.000000	6	0.781250	-7.812500	0.080000	0.000000	2.800000	2.290000	-2.343750	-8.593750	0.005000	0	0	0	
1196672	525	0.000000	3.300000	2.710000	1.480000	0.470000	44.000000	56.000000	6	0.781250	-7.812500	0.080000	0.000000	3.620000	2.970000	-2.343750	-8.593750	0.005000	0	0	0	
1196938	594	0.000000	4.860000	3.810000	1.440000	0.700000	44.000000	56.000000	6	0.781250	-7.812500	0.080000	0.000000	5.580000	4.180000	-2.343750	-8.593750	0.005000	0	0	0	
1197188	730	0.000000	11.240000	8.330000	1.440000	0.950000	44.000000	56.000000	6	0.781250	-7.812500	0.080000	0.000000	10.830000	7.970000	-2.343750	-8.593750	0.005000	0	0	0	
1197438	1160	0.000000	10.040000	7.900000	1.430000	0.880000	44.000000	56.000000	6	0.781250	0.781250	0.380000	0.000000	11.140000	8.210000	-2.343750	0.781250	0.620000	0	0	0	
1197688	1245	0.000000	8.040000	6.000000	1.500000	0.790000	44.000000	56.000000	6	0.781250	0.781250	0.380000	0.000000	7.440000	5.590000	-2.343750	0.781250	0.620000	0	0	0	
1197953	1291	0.000000	4.540000	3.550000	1.620000	0.530000	44.000000	56.000000	6	0.781250	0.781250	0.380000	0.000000	4.520000	3.510000	-2.343750	0.781250	0.620000	0	0	0	
1198391	1223	0.000000	2.520000	1.990000	1.670000	0.340000	43.000000	56.000000	6	0.781250	0.781250	0.380000	0.000000	2.670000	2.070000	-2.343750	0.781250	0.620000	0	0	0	
1198609	1023	0.000000	4.770000	3.450000	1.490000	0.490000	44.000000	56.000000	6	0.781250	-7.031250	0.865000	0.000000	2.830000	3.890000	-2.343750	-3.125000	0.780000	0	0	0	
1198875	970	0.000000	12.260000	8.570000	1.430000	0.950000	44.000000	56.000000	6	0.781250	-7.031250	0.865000	0.000000	12.190000	8.510000	-2.343750	-3.125000	0.780000	0	0	0	
1199141	1525	0.000000	12.170000	9.720000	1.400000	0.940000	44.000000	56.000000	6	0.781250	-7.031250	0.865000	0.000000	11.770000	9.510000	-2.343750	-3.125000	0.780000	0	0	0	
1199422	1642	0.000000	7.780000	6.900000	1.470000	0.850000	44.000000	56.000000	6	0.781250	-7.031250	0.865000	0.000000	8.730000	7.490000	-2.343750	-3.125000	0.780000	0	0	0	
1199656	1441	0.000000	8.510000	7.400000	1.470000	0.850000	44.000000	56.000000	6	0.781250	-3.906250	0.885000	0.000000	8.240000	7.130000	-2.343750	2.343750	0.805000	0	0	0	
1199922	1303	0.000000	8.810000	7.520000	1.470000	0.850000	43.000000	56.000000	6	0.781250	-3.906250	0.885000	0.000000	8.570000	7.230000	-2.343750	2.343750	0.805000	0	0	0	
1200156	1448	0.000000	8.640000	7.160000	1.460000	0.810000	44.000000	56.000000	6	0.781250	-3.906250	0.885000	0.000000	8.620000	7.170000	-2.343750	2.343750	0.805000	0	0	0	
1200422	1603	0.000000	7.770000	5.930000	1.480000	0.760000	44.000000	56.000000	6	0.781250	-3.906250	0.885000	0.000000	7.920000	5.770000	-2.343750	2.343750	0.805000	0	0	0	
1200656	1825	0.000000	6.970000	5.300000	1.460000	0.750000	44.000000	56.000000	6	0.781250	-4.687500	0.775000	0.000000	6.700000	5.010000	-2.343750	-3.125000	0.755000	0	0	0	
1200938	1986	0.000000	7.110000	5.550000	1.450000	0.780000	44.000000	56.000000	6	0.781250	-4.687500	0.775000	0.000000	7.120000	5.470000	-2.343750	-3.125000	0.755000	0	0	0	
1201219	2193	0.000000	7.770000	6.200000	1.450000	0.800000	44.000000	56.000000	6	0.781250	-4.687500	0.775000	0.000000	7.640000	6.020000	-2.343750	-3.125000	0.755000	0	0	0	
1201500	2421	0.000000	8.490000	6.310000	1.410000	0.780000	44.000000	56.000000	6	0.781250	-4.687500	0.775000	0.000000	8.300000	6.140000	-2.343750	-3.125000	0.755000	0	0	0	
1201750	2659	0.000000	8.720000	6.260000	1.400000	0.790000	44.000000	56.000000	6	0.781250	-2.343750	0.680000	0.000000	8.810000	6.360000	-2.343750	0.781250	0.050000	0	0	0	
1202047	2910	0.000000	8.510000	6.370000	1.380000	0.790000	44.000000	56.000000	6	0.781250	-2.343750	0.680000	0.000000	8.470000	6.330000	-2.343750	0.781250	0.050000	0	0	0	
1202281	3121	0.000000	8.990000	6.790000	1.380000	0.760000	44.000000	56.000000	6	0.781250	-2.343750	0.680000	0.000000	8.940000	6.880000	-2.343750	0.781250	0.050000	0	0	0	
1202516	3186	0.000000	6.980000	4.870000	1.630000	0.490000	44.000000	56.000000	6	0.781250	-2.343750	0.680000	0.000000	6.970000	4.860000	-2.343750	0.781250	0.050000	0	0	0	
1202813	2801	0.000000	0.000000	0.000000	1.980000	0.290000	44.000000	55.000000	6	0.781250	-2.343750	0.680000	0.000000	0.000000	0.000000	-2.343750	0.781250	0.050000	0	0	0	
1203047	2497	0.000000	0.000000	0.000000	2.080000	0.260000	44.000000	55.000000	6	0.781250	0.000000	0.045000	0.000000	0.000000	0.000000	-2.343750	0.000000	0.000000	0	0	0	
1203328	2124	0.000000	2.370000	1.760000	2.100000	0.250000	43.000000	55.000000	6	0.781250	0.000000	0.045000	0.000000	2.400000	1.790000	-2.343750	0.000000	0.000000	0	0	0	
1203766	1980	0.000000	2.740000	2.230000	1.850000	0.300000	43.000000	55.000000	6	0.781250	0.000000	0.045000	0.000000	2.790000	2.260000	-2.343750	0.000000	0.000000	0	0	0	
1204000	1917	0.000000	2.890000	2.350000	1.700000	0.330000	43.000000	55.000000	6	0.781250	0.000000	0.005000	0.000000	2.900000	2.340000	-2.343750	0.000000	0.000000	0	0	0	
1204250	1961	0.000000	3.170000	2.410000	1.560000	0.340000	44.000000	55.000000	6	0.781250	0.000000	0.005000	0.000000	3.150000	2.380000	-2.343750	0.000000	0.000000	0	0	0	
1204516	1938	0.000000	3.230000	2.420000	1.500000	0.340000	44.000000	55.000000	6	0.781250	0.000000	0.005000	0.000000	3.210000	2.400000	-2.343750	0.000000	0.000000	0	0	0	
1204781	1945	0.000000	3.280000	2.430000	1.480000	0.350000	44.000000	55.000000	6	0.781250	0.000000	0.005000	0.000000	3.250000	2.400000	-2.343750	0.000000	0.000000	0	0	0	
1205031	1964	0.000000	3.210000	2.410000	1.520000	0.340000	43.000000	55.000000	6	0.781250	0.000000	0.005000	0.000000	3.200000	2.380000	-2.343750	-0.781250	0.000000	0	0	0	
1205297	1959	0.000000	3.060000	2.310000	1.520000	0.320000	44.000000	55.000000	6	0.781250	0.000000	0.005000	0.000000	3.030000	2.280000	-2.343750	-0.781250	0.000000	0	0	0	
1205516	1934	0.000000	2.710000	2.080000	1.540000	0.270000	44.000000	55.000000	6	0.781250	0.000000	0.005000	0.000000	2.620000	2.020000	-2.343750	-0.781250	0.000000	0	0	0	
1205766	1955	0.000000	2.350000	1.800000	1.540000	0.250000	44.000000	55.000000	6	0.781250	0.000000	0.005000	0.000000	2.310000	1.760000	-2.343750	-0.781250	0.000000	0	0	0	
1206000	1912	0.000000	2.330000	1.810000	1.540000	0.240000	44.000000	55.000000	6	0.781250	0.000000	0.005000	0.000000	2.280000	1.740000	-2.343750	-0.781250	0.000000	0	0	0	
1206250	1906	0.000000	2.400000	1.870000	1.510000	0.240000	44.000000	55.000000	6	0.781250	2.343750	0.020000	0.000000	2.280000	1.750000	-2.343750	5.468750	0.005000	0	0	0	
1206516	1863	0.000000	2.200000	1.650000	1.530000	0.240000	44.000000	55.000000	6	0.781250	2.343750	0.020000	0.000000	2.270000	1.750000	-2.343750	5.468750	0.005000	0	0	0	
1206750	1898	0.000000	2.160000	1.650000	1.550000	0.240000	43.000000	55.000000	6	0.781250	2.343750	0.020000	0.000000	2.270000	1.750000	-2.343750	5.468750	0.005000	0	0	0	
1207016	1823	0.000000	2.040000	1.630000	1.560000	0.240000	44.000000	55.000000	6	0.781250	2.343750	0.020000	0.000000	2.270000	1.750000	-2.343750	5.468750	0.005000	0	0	0	
1207266	1807	0.000000	2.040000	1.640000	1.580000	0.240000	44.000000	55.000000	6	0.781250	0.000000	0.040000	0.000000	2.270000	1.750000	-2.343750	0.000000	0.005000	0	0	0	
1207547	1833	0.000000	2.050000	1.670000	1.610000	0.250000	44.000000	55.000000	6	0.781250	0.000000	0.040000	0.000000	2.270000	1.750000	-2.343750	0.000000	0.005000	0	0	0	
1207781	1734	0.000000	0.000000	0.000000	1.630000	0.240000	43.000000	55.000000	6	0.781250	0.000000	0.040000	0.000000	0.000000	0.000000	-2.343750	0.000000	0.005000	0	0	0	
1208078	1698	0.000000	0.000000	0.000000	1.670000	0.240000	44.000000	55.000000	6	0.781250	0.000000	0.040000	0.000000	0.000000	0.000000	-2.343750	0.000000	0.005000	0	0	0	
1208344	1656	0.000000	0.000000	0.000000	1.680000	0.240000	44.000000	55.000000	6	0.781250	0.000000	0.015000	0.000000	0.000000	0.000000	-2.343750	0.000000	0.000000	0	0	0	
1208578	1622	0.000000	0.000000	0.000000	1.700000	0.230000	44.000000	55.000000	6	0.781250	0.000000	0.015000	0.000000	0.000000	0.000000	-2.343750	0.000000	0.000000	0	0	0	
1208984	1567	0.000000	0.000000	0.000000	1.720000	0.240000	43.000000	55.000000	6	0.781250	0.000000	0.015000	0.000000	0.000000	0.000000	-2.343750	0.000000	0.000000	0	0	0	
1209219	1542	0.000000	0.000000	0.000000	1.730000	0.240000	44.000000	55.000000	6	0.781250	0.000000	0.015000	0.000000	0.000000	0.000000	-2.343750	0.000000	0.000000	0	0	0	
1209453	1506	0.000000	0.000000	0.000000	1.730000	0.240000	43.000000	55.000000	6	0.781250	0.000000	0.000000	0.000000	0.000000	0.000000	-2.343750	0.000000	0.000000	0	0	0	
1209734	1464	0.000000	0.000000	0.000000	1.740000	0.240000	44.000000	55.000000	6	0.781250	0.000000	0.000000	0.000000	0.000000	0.000000	-2.343750	0.000000	0.000000	0	0	0	
1209938	1413	0.000000	0.000000	0.000000	1.740000	0.240000	43.000000	55.000000	6	0.781250	0.000000	0.000000	0.000000	0.000000	0.000000	-2.343750	0.000000	0.000000	0	0	0	
1210172	1350	0.000000	0.000000	0.000000	1.740000	0.240000	43.000000	55.000000	6	0.781250	0.000000	0.000000	0.000000	0.000000	0.000000	-2.343750	0.000000	0.000000	0	0	0	
1210375	1327	0.000000	0.000000	0.000000	1.740000	0.240000	43.000000	55.000000	6	0.781250	0.000000	0.000000	0.000000	0.000000	0.000000	-2.343750	0.000000	0.000000	0	0	0	
1210656	1289	0.000000	0.000000	0.000000	1.740000	0.230000	43.000000	55.000000	6	0.781250	0.000000	0.000000	0.000000	0.000000	0.000000	-2.343750	0.000000	0.000000	0	0	0	
1210891	1295	0.000000	2.190000	1.710000	1.730000	0.250000	43.000000	55.000000	6	0.781250	0.000000	0.000000	0.000000	2.270000	1.750000	-2.343750	0.000000	0.000000	0	0	0	
1211141	1296	0.000000	4.530000	3.350000	1.460000	0.420000	44.000000	55.000000	6	0.781250	0.000000	0.000000	0.000000	4.730000	3.440000	-2.343750	0.000000	0.000000	0	0	0	
1211406	1228	0.000000	6.030000	4.890000	1.440000	0.640000	43.000000	55.000000	6	0.781250	0.000000	0.000000	0.000000	6.020000	4.880000	-2.343750	0.000000	0.000000	0	0	0	
1211688	1276	0.000000	7.560000	5.610000	1.450000	0.700000	43.000000	55.000000	6	0.781250	0.000000	0.000000	0.000000	7.280000	5.480000	-2.343750	0.000000	0.000000	0	0	0	
1211953	1369	0.000000	8.450000	6.550000	1.430000	0.780000	43.000000	55.000000	6	0.781250	0.000000	0.000000	0.000000	8.350000	6.230000	-2.343750	0.000000	0.000000	0	0	0	
1212234	1425	0.000000	8.810000	7.640000	1.410000	0.850000	43.000000	55.000000	6	0.781250	0.000000	0.000000	0.000000	8.710000	7.430000	-2.343750	0.000000	0.000000	0	0	0	
1212500	1495	0.000000	9.840000	8.550000	1.440000	0.850000	43.000000	55.000000	6	0.781250	0.000000	0.000000	0.000000	9.130000	8.010000	-2.343750	0.000000	0.000000	0	0	0	
1212750	1619	0.000000	9.600000	8.290000	1.470000	0.850000	43.000000	55.000000	6	0.781250	0.781250	0.040000	0.000000	8.260000	7.620000	-2.343750	3.125000	0.490000	0	0	0	
1213047	1726	0.000000	9.370000	7.930000	1.440000	0.830000	43.000000	55.000000	6	0.781250	0.781250	0.040000	0.000000	8.100000	7.180000	-2.343750	3.125000	0.490000	0	0	0	
1213313	1823	0.000000	8.290000	7.340000	1.450000	0.830000	43.000000	55.000000	6	0.781250	0.781250	0.040000	0.000000	7.980000	7.230000	-2.343750	3.125000	0.490000	0	0	0	
1213547	1916	0.000000	8.950000	7.520000	1.430000	0.850000	43.000000	55.000000	6	0.781250	0.781250	0.040000	0.000000	9.080000	7.570000	-2.343750	3.125000	0.490000	0	0	0	
1213781	2017	0.000000	10.600000	8.270000	1.440000	0.880000	43.000000	55.000000	6	0.781250	0.000000	0.770000	0.000000	10.180000	8.140000	-2.343750	1.562500	0.560000	0	0	0	
1214172	2190	0.000000	9.450000	7.460000	1.440000	0.860000	43.000000	55.000000	6	0.781250	0.000000	0.770000	0.000000	9.540000	7.570000	-2.343750	1.562500	0.560000	0	0	0	
1214469	2287	0.000000	8.990000	6.890000	1.430000	0.850000	43.000000	55.000000	6	0.781250	0.000000	0.770000	0.000000	9.170000	7.090000	-2.343750	1.562500	0.560000	0	0	0	
1214703	2314	0.000000	7.240000	5.740000	1.580000	0.630000	43.000000	55.000000	6	0.781250	0.000000	0.770000	0.000000	6.770000	5.360000	-2.343750	1.562500	0.560000	0	0	0	
1214984	2369	0.000000	2.700000	2.150000	1.880000	0.310000	43.000000	55.000000	6	0.781250	0.000000	0.685000	0.000000	2.800000	2.240000	-2.343750	0.000000	0.725000	0	0	0	
1215250	2162	0.000000	0.000000	0.000000	2.080000	0.250000	43.000000	55.000000	6	0.781250	0.000000	0.685000	0.000000	0.000000	0.000000	-2.343750	0.000000	0.725000	0	0	0	
1215484	1900	0.000000	2.370000	1.940000	2.110000	0.260000	43.000000	55.000000	6	0.781250	0.000000	0.685000	0.000000	2.370000	1.950000	-2.343750	0.000000	0.725000	0	0	0	
1215719	1577	0.000000	3.290000	2.650000	1.950000	0.350000	43.000000	55.000000	6	0.781250	0.000000	0.685000	0.000000	3.120000	2.630000	-2.343750	0.000000	0.725000	0	0	0	
1215969	1607	0.000000	3.320000	2.820000	1.850000	0.370000	43.000000	55.000000	6	0.781250	0.000000	0.210000	0.000000	3.240000	2.760000	-2.343750	0.000000	0.000000	0	0	0	
1216203	1588	0.000000	3.350000	2.910000	1.760000	0.400000	43.000000	55.000000	6	0.781250	0.000000	0.210000	0.000000	3.330000	2.860000	-2.343750	0.000000	0.000000	0	0	0	
1216469	1574	0.000000	3.530000	2.980000	1.680000	0.400000	43.000000	55.000000	6	0.781250	0.000000	0.210000	0.000000	3.400000	2.920000	-2.343750	0.000000	0.000000	0	0	0	
1216719	1583	0.000000	3.450000	2.850000	1.640000	0.380000	43.000000	55.000000	6	0.781250	0.000000	0.210000	0.000000	3.440000	2.790000	-2.343750	0.000000	0.000000	0	0	0	
1216969	1589	0.000000	3.220000	2.540000	1.630000	0.340000	43.000000	55.000000	6	0.781250	0.000000	0.210000	0.000000	3.210000	2.470000	-2.343750	0.000000	0.000000	0	0	0	
1217234	1578	0.000000	2.730000	2.160000	1.650000	0.290000	43.000000	55.000000	6	0.781250	0.000000	0.050000	0.000000	2.740000	2.140000	-2.343750	0.000000	0.020000	0	0	0	
1217516	1559	0.000000	2.550000	2.020000	1.660000	0.270000	42.000000	55.000000	6	0.781250	0.000000	0.050000	0.000000	2.540000	2.010000	-2.343750	0.000000	0.020000	0	0	0	
1217781	1563	0.000000	2.440000	1.960000	1.660000	0.260000	43.000000	55.000000	6	0.781250	0.000000	0.050000	0.000000	2.450000	1.960000	-2.343750	0.000000	0.020000	0	0	0	
1218016	1563	0.000000	2.420000	1.940000	1.670000	0.260000	43.000000	55.000000	6	0.781250	0.000000	0.050000	0.000000	2.490000	1.980000	-2.343750	0.000000	0.020000	0	0	0	
1218266	1561	0.000000	2.480000	2.000000	1.660000	0.250000	43.000000	55.000000	6	0.781250	0.000000	0.790000	0.000000	2.570000	2.050000	-2.343750	3.125000	0.760000	0	0	0	
1218516	1554	0.000000	2.590000	2.050000	1.650000	0.260000	43.000000	55.000000	6	0.781250	0.000000	0.790000	0.000000	2.580000	2.040000	-2.343750	3.125000	0.760000	0	0	0	
1218766	1550	0.000000	2.490000	1.980000	1.650000	0.260000	43.000000	55.000000	6	0.781250	0.000000	0.790000	0.000000	2.430000	1.940000	-2.343750	3.125000	0.760000	0	0	0	
1219063	1547	0.000000	2.370000	1.900000	1.650000	0.270000	42.000000	55.000000	6	0.781250	0.000000	0.790000	0.000000	2.380000	1.910000	-2.343750	3.125000	0.760000	0	0	0	
1219516	1535	0.000000	2.630000	2.050000	1.630000	0.280000	42.000000	55.000000	6	0.781250	-0.781250	0.830000	0.000000	2.660000	2.060000	-2.343750	3.906250	0.795000	0	0	0	
1219828	1528	0.000000	2.590000	2.020000	1.630000	0.280000	42.000000	55.000000	6	0.781250	-0.781250	0.830000	0.000000	2.600000	2.020000	-2.343750	3.906250	0.795000	0	0	0	
1220078	1519	0.000000	2.340000	1.840000	1.660000	0.260000	42.000000	55.000000	6	0.781250	-0.781250	0.830000	0.000000	2.330000	1.840000	-2.343750	3.906250	0.795000	0	0	0	
1220375	1520	0.000000	2.160000	1.660000	1.690000	0.230000	43.000000	55.000000	6	0.781250	-3.125000	0.840000	0.000000	2.180000	1.690000	-2.343750	-0.781250	0.770000	0	0	0	
1220625	1509	0.000000	2.060000	1.580000	1.720000	0.240000	43.000000	55.000000	6	0.781250	-3.125000	0.840000	0.000000	2.090000	1.610000	-2.343750	-0.781250	0.770000	0	0	0	
1220875	1499	0.000000	2.100000	1.640000	1.740000	0.230000	42.000000	55.000000	6	0.781250	-3.125000	0.840000	0.000000	2.140000	1.670000	-2.343750	-0.781250	0.770000	0	0	0	
1221141	1497	0.000000	2.210000	1.760000	1.740000	0.230000	42.000000	55.000000	6	0.781250	-3.125000	0.840000	0.000000	2.230000	1.780000	-2.343750	-0.781250	0.770000	0	0	0	
1221391	1486	0.000000	2.190000	1.730000	1.730000	0.230000	42.000000	55.000000	6	0.781250	9.375000	0.795000	0.000000	2.210000	1.740000	-2.343750	11.718750	0.015000	0	0	0	
1221688	1482	0.000000	2.100000	1.600000	1.710000	0.230000	42.000000	55.000000	6	0.781250	9.375000	0.795000	0.000000	2.180000	1.690000	-2.343750	11.718750	0.015000	0	0	0	
1221938	1475	0.000000	2.040000	1.550000	1.720000	0.220000	43.000000	55.000000	6	0.781250	9.375000	0.795000	0.000000	2.120000	1.640000	-2.343750	11.718750	0.015000	0	0	0	
1222203	1470	0.000000	2.090000	1.590000	1.730000	0.230000	43.000000	55.000000	6	0.781250	9.375000	0.795000	0.000000	2.150000	1.650000	-2.343750	11.718750	0.015000	0	0	0	
1222484	1459	0.000000	2.120000	1.610000	1.700000	0.230000	43.000000	55.000000	6	0.781250	3.125000	0.815000	0.000000	2.180000	1.670000	-2.343750	3.906250	0.280000	0	0	0	
1222734	1446	0.000000	2.160000	1.640000	1.650000	0.230000	42.000000	55.000000	6	0.781250	3.125000	0.815000	0.000000	2.180000	1.640000	-2.343750	3.906250	0.280000	0	0	0	
1223000	1444	0.000000	2.200000	1.610000	1.590000	0.230000	42.000000	55.000000	6	0.781250	3.125000	0.815000	0.000000	2.180000	1.590000	-2.343750	3.906250	0.280000	0	0	0	
1223266	1435	0.000000	2.100000	1.460000	1.530000	0.230000	42.000000	55.000000	6	0.781250	3.125000	0.815000	0.000000	2.170000	1.530000	-2.343750	3.906250	0.280000	0	0	0	
1223531	1432	0.000000	2.050000	1.400000	1.500000	0.230000	42.000000	55.000000	6	0.781250	-14.062500	0.790000	0.000000	2.150000	1.490000	-2.343750	-8.593750	0.755000	0	0	0	
1223781	1424	0.000000	1.990000	1.360000	1.520000	0.230000	43.000000	55.000000	6	0.781250	-14.062500	0.790000	0.000000	2.060000	1.410000	-2.343750	-8.593750	0.755000	0	0	0	
1224047	1413	0.000000	2.020000	1.370000	1.500000	0.240000	43.000000	55.000000	6	0.781250	-14.062500	0.790000	0.000000	2.110000	1.450000	-2.343750	-8.593750	0.755000	0	0	0	
1224328	1400	0.000000	2.120000	1.460000	1.500000	0.230000	42.000000	55.000000	6	0.781250	-14.062500	0.790000	0.000000	2.140000	1.470000	-2.343750	-8.593750	0.755000	0	0	0	
1224578	1392	0.000000	2.180000	1.520000	1.500000	0.230000	42.000000	55.000000	6	0.781250	-14.062500	0.790000	0.000000	2.150000	1.480000	-2.343750	-8.593750	0.755000	0	0	0	
1225000	1379	0.000000	2.080000	1.420000	1.500000	0.230000	43.000000	55.000000	6	0.781250	-7.031250	0.785000	0.000000	2.170000	1.500000	-2.343750	-6.250000	0.685000	0	0	0	
1225250	1369	0.000000	2.010000	1.360000	1.510000	0.230000	43.000000	55.000000	6	0.781250	-7.031250	0.785000	0.000000	2.070000	1.410000	-2.343750	-6.250000	0.685000	0	0	0	
1225531	1362	0.000000	2.010000	1.360000	1.520000	0.230000	43.000000	55.000000	6	0.781250	-7.031250	0.785000	0.000000	2.080000	1.420000	-2.343750	-6.250000	0.685000	0	0	0	
1225797	1352	0.000000	2.050000	1.400000	1.510000	0.230000	43.000000	55.000000	6	0.781250	-10.156250	0.785000	0.000000	2.120000	1.470000	-2.343750	-7.031250	0.505000	0	0	0	
1226078	1341	0.000000	2.180000	1.520000	1.490000	0.230000	43.000000	55.000000	6	0.781250	-10.156250	0.785000	0.000000	2.150000	1.490000	-2.343750	-7.031250	0.505000	0	0	0	
1226359	1333	0.000000	2.160000	1.500000	1.500000	0.220000	43.000000	55.000000	6	0.781250	-10.156250	0.785000	0.000000	2.150000	1.490000	-2.343750	-7.031250	0.505000	0	0	0	
1226578	1329	0.000000	2.040000	1.400000	1.510000	0.220000	43.000000	55.000000	6	0.781250	-10.156250	0.785000	0.000000	2.100000	1.450000	-2.343750	-7.031250	0.505000	0	0	0	
1226844	1321	0.000000	2.060000	1.420000	1.500000	0.230000	44.000000	55.000000	6	0.781250	-8.593750	0.685000	0.000000	2.110000	1.460000	-2.343750	-4.687500	0.025000	0	0	0	
1227109	1320	0.000000	2.100000	1.460000	1.490000	0.230000	44.000000	55.000000	6	0.781250	-8.593750	0.685000	0.000000	2.150000	1.510000	-2.343750	-4.687500	0.025000	0	0	0	
1227391	1301	0.000000	2.010000	1.380000	1.510000	0.220000	43.000000	55.000000	6	0.781250	-8.593750	0.685000	0.000000	2.110000	1.470000	-2.343750	-4.687500	0.025000	0	0	0	
1227641	1301	0.000000	1.990000	1.360000	1.510000	0.220000	44.000000	55.000000	6	0.781250	-8.593750	0.685000	0.000000	2.060000	1.420000	-2.343750	-4.687500	0.025000	0	0	0	
1227875	1285	0.000000	2.040000	1.400000	1.500000	0.220000	43.000000	55.000000	6	0.781250	-5.468750	0.675000	0.000000	2.060000	1.430000	-2.343750	-1.562500	0.020000	0	0	0	
1228156	1283	0.000000	2.080000	1.440000	1.500000	0.220000	44.000000	55.000000	6	0.781250	-5.468750	0.675000	0.000000	2.150000	1.500000	-2.343750	-1.562500	0.020000	0	0	0	
1228391	1267	0.000000	2.130000	1.500000	1.490000	0.220000	44.000000	55.000000	6	0.781250	-5.468750	0.675000	0.000000	2.180000	1.540000	-2.343750	-1.562500	0.020000	0	0	0	
1228688	1272	0.000000	2.100000	1.470000	1.490000	0.220000	44.000000	55.000000	6	0.781250	-5.468750	0.675000	0.000000	2.140000	1.500000	-2.343750	-1.562500	0.020000	0	0	0	
1228922	1261	0.000000	2.060000	1.430000	1.500000	0.220000	44.000000	55.000000	6	0.781250	-5.468750	0.675000	0.000000	2.150000	1.510000	-2.343750	-1.562500	0.020000	0	0	0	
1229188	1165	0.000000	2.010000	1.420000	1.510000	0.220000	44.000000	55.000000	6	0.781250	-3.125000	0.230000	0.000000	2.060000	1.470000	-2.343750	0.781250	0.050000	0	0	0	
1229438	982	0.000000	2.620000	2.070000	1.480000	0.310000	44.000000	55.000000	6	0.781250	-3.125000	0.230000	0.000000	2.740000	2.170000	-2.343750	0.781250	0.050000	0	0	0	
1229734	862	0.000000	2.740000	2.200000	1.510000	0.330000	44.000000	55.000000	6	0.781250	-3.125000	0.230000	0.000000	2.880000	2.340000	-2.343750	0.781250	0.050000	0	0	0	
1229984	871	0.000000	2.690000	2.160000	1.510000	0.330000	45.000000	55.000000	6	0.781250	-3.125000	0.230000	0.000000	2.780000	2.250000	-2.343750	0.781250	0.050000	0	0	0	
1230422	1069	0.000000	2.650000	2.140000	1.500000	0.310000	44.000000	55.000000	6	0.781250	1.562500	0.720000	0.000000	2.720000	2.180000	-2.343750	4.687500	0.030000	0	0	0	
1230688	1289	0.000000	2.470000	1.830000	1.510000	0.260000	45.000000	55.000000	6	0.781250	1.562500	0.720000	0.000000	2.490000	1.840000	-2.343750	4.687500	0.030000	0	0	0	
1230938	1502	0.000000	2.410000	1.780000	1.490000	0.240000	45.000000	55.000000	6	0.781250	1.562500	0.720000	0.000000	2.410000	1.780000	-2.343750	4.687500	0.030000	0	0	0	
1231188	1752	0.000000	2.230000	1.750000	1.490000	0.230000	45.000000	55.000000	6	0.781250	13.281250	0.060000	0.000000	2.270000	1.760000	-2.343750	4.687500	0.015000	0	0	0	
1231469	1705	0.000000	2.330000	1.830000	1.480000	0.230000	45.000000	55.000000	6	0.781250	13.281250	0.060000	0.000000	2.340000	1.840000	-2.343750	15.625000	0.015000	0	0	0	
1231734	1666	0.000000	0.000000	0.000000	1.550000	0.240000	45.000000	55.000000	6	0.781250	13.281250	0.060000	0.000000	0.000000	0.000000	-2.343750	15.625000	0.015000	0	0	0	
1232000	1637	0.000000	0.000000	0.000000	1.550000	0.240000	45.000000	55.000000	6	0.781250	13.281250	0.060000	0.000000	0.000000	0.000000	-2.343750	15.625000	0.015000	0	0	0	
1232234	1607	0.000000	0.000000	0.000000	1.550000	0.230000	45.000000	55.000000	6	0.781250	0.000000	0.045000	0.000000	0.000000	0.000000	-2.343750	15.625000	0.000000	0	0	0	
1232500	1590	0.000000	0.000000	0.000000	1.560000	0.230000	45.000000	55.000000	6	0.781250	0.000000	0.045000	0.000000	0.000000	0.000000	-2.343750	0.000000	0.000000	0	0	0	
1232734	1571	0.000000	0.000000	0.000000	1.560000	0.230000	46.000000	55.000000	6	0.781250	0.000000	0.045000	0.000000	0.000000	0.000000	-2.343750	0.000000	0.000000	0	0	0	
1232953	1546	0.000000	0.000000	0.000000	1.550000	0.230000	45.000000	55.000000	6	0.781250	0.000000	0.045000	0.000000	0.000000	0.000000	-2.343750	0.000000	0.000000	0	0	0	
1233203	1516	0.000000	0.000000	0.000000	1.570000	0.230000	45.000000	55.000000	6	0.781250	0.000000	0.045000	0.000000	0.000000	0.000000	-2.343750	0.000000	0.000000	0	0	0	
1233453	1486	0.000000	0.000000	0.000000	1.560000	0.230000	46.000000	55.000000	6	0.781250	0.000000	0.005000	0.000000	0.000000	0.000000	-2.343750	0.000000	0.000000	0	0	0	
1233750	1446	0.000000	0.000000	0.000000	1.560000	0.240000	46.000000	55.000000	6	0.781250	0.000000	0.005000	0.000000	0.000000	0.000000	-2.343750	0.000000	0.000000	0	0	0	
1234016	1390	0.000000	0.000000	0.000000	1.560000	0.240000	46.000000	55.000000	6	0.781250	0.000000	0.005000	0.000000	0.000000	0.000000	-2.343750	0.000000	0.000000	0	0	0	
1234219	1344	0.000000	0.000000	0.000000	1.560000	0.240000	46.000000	55.000000	6	0.781250	0.000000	0.005000	0.000000	0.000000	0.000000	-2.343750	0.000000	0.000000	0	0	0	
1234484	1321	0.000000	0.000000	0.000000	1.560000	0.240000	46.000000	55.000000	6	0.781250	0.000000	0.000000	0.000000	0.000000	0.000000	-2.343750	0.000000	0.000000	0	0	0	
1234734	1279	0.000000	0.000000	0.000000	1.570000	0.230000	46.000000	55.000000	6	0.781250	0.000000	0.000000	0.000000	0.000000	0.000000	-2.343750	0.000000	0.000000	0	0	0	
1235000	1239	0.000000	2.230000	1.610000	1.490000	0.230000	46.000000	55.000000	6	0.781250	0.000000	0.000000	0.000000	2.260000	1.630000	-2.343750	0.000000	0.000000	0	0	0	
1235250	1216	0.000000	2.300000	1.670000	1.490000	0.230000	46.000000	55.000000	6	0.781250	0.000000	0.000000	0.000000	2.320000	1.690000	-2.343750	0.000000	0.000000	0	0	0	
1235688	1154	0.000000	2.260000	1.670000	1.500000	0.220000	47.000000	55.000000	6	0.781250	0.000000	0.000000	0.000000	2.280000	1.700000	-2.343750	0.000000	0.000000	0	0	0	
1235969	1118	0.000000	2.240000	1.670000	1.500000	0.210000	47.000000	55.000000	6	0.781250	0.000000	0.000000	0.000000	2.270000	1.690000	-2.343750	0.000000	0.000000	0	0	0	
1236234	1089	0.000000	2.220000	1.650000	1.500000	0.220000	47.000000	55.000000	6	0.781250	0.000000	0.000000	0.000000	2.250000	1.680000	-2.343750	0.000000	0.000000	0	0	0	
1236500	1049	0.000000	2.230000	1.670000	1.500000	0.220000	47.000000	55.000000	6	0.781250	0.000000	0.000000	0.000000	2.270000	1.720000	-2.343750	0.000000	0.000000	0	0	0	
1236750	1008	0.000000	2.200000	1.660000	1.500000	0.220000	47.000000	55.000000	6	0.781250	0.000000	0.000000	0.000000	2.250000	1.700000	-2.343750	0.000000	0.000000	0	0	0	
1237000	968	0.000000	2.210000	1.670000	1.500000	0.220000	47.000000	55.000000	6	0.781250	0.000000	0.000000	0.000000	2.260000	1.720000	-2.343750	0.000000	0.000000	0	0	0	
1237266	847	0.000000	2.220000	1.760000	1.500000	0.230000	47.000000	55.000000	6	0.781250	0.000000	0.000000	0.000000	2.290000	1.750000	-2.343750	0.000000	0.000000	0	0	0	
1237516	741	0.000000	2.930000	2.410000	1.460000	0.340000	47.000000	55.000000	6	0.781250	0.000000	0.000000	0.000000	3.330000	2.670000	-2.343750	0.000000	0.000000	0	0	0	
1237766	634	0.000000	4.330000	3.310000	1.470000	0.400000	47.000000	55.000000	6	0.781250	0.000000	0.000000	0.000000	4.540000	3.440000	-2.343750	0.000000	0.000000	0	0	0	
1237984	681	0.000000	4.500000	3.430000	1.490000	0.400000	48.000000	55.000000	6	0.781250	0.000000	0.000000	0.000000	4.520000	3.440000	-2.343750	0.000000	0.000000	0	0	0	
1238234	768	0.000000	4.500000	3.400000	1.500000	0.390000	47.000000	55.000000	6	0.781250	0.000000	0.000000	0.000000	4.490000	3.390000	-2.343750	0.000000	0.000000	0	0	0	
1238484	794	0.000000	4.050000	3.150000	1.500000	0.370000	47.000000	55.000000	6	0.781250	0.000000	0.000000	0.000000	4.100000	3.130000	-2.343750	0.000000	0.000000	0	0	0	
1238766	833	0.000000	3.630000	2.800000	1.490000	0.350000	48.000000	55.000000	6	0.781250	0.000000	0.000000	0.000000	3.610000	2.780000	-2.343750	0.000000	0.000000	0	0	0	
1239016	843	0.000000	3.140000	2.600000	1.500000	0.340000	48.000000	55.000000	6	0.781250	-0.781250	0.005000	0.000000	3.480000	2.660000	-2.343750	-0.781250	0.000000	0	0	0	
1239266	844	0.000000	3.050000	2.530000	1.490000	0.330000	48.000000	55.000000	6	0.781250	-0.781250	0.005000	0.000000	3.060000	2.540000	-2.343750	-0.781250	0.000000	0	0	0	
1239547	828	0.000000	2.970000	2.470000	1.490000	0.330000	48.000000	55.000000	6	0.781250	-0.781250	0.005000	0.000000	2.920000	2.430000	-2.343750	-0.781250	0.000000	0	0	0	
1239813	818	0.000000	3.000000	2.500000	1.490000	0.330000	48.000000	55.000000	6	0.781250	-0.781250	0.005000	0.000000	2.830000	2.340000	-2.343750	-0.781250	0.000000	0	0	0	
1240094	791	0.000000	2.970000	2.480000	1.510000	0.330000	48.000000	55.000000	6	0.781250	-0.781250	0.010000	0.000000	2.830000	2.330000	-2.343750	0.781250	0.000000	0	0	0	
1240359	762	0.000000	3.030000	2.520000	1.490000	0.330000	49.000000	55.000000	6	0.781250	-0.781250	0.010000	0.000000	2.840000	2.340000	-2.343750	0.781250	0.000000	0	0	0	
1240609	745	0.000000	3.090000	2.580000	1.490000	0.340000	48.000000	55.000000	6	0.781250	-0.781250	0.010000	0.000000	2.960000	2.460000	-2.343750	0.781250	0.000000	0	0	0	
1241078	744	0.000000	3.280000	2.650000	1.490000	0.340000	48.000000	55.000000	6	0.781250	2.343750	0.015000	0.000000	3.050000	2.520000	-2.343750	4.687500	0.000000	0	0	0	
1241328	747	0.000000	3.380000	2.710000	1.500000	0.340000	49.000000	55.000000	6	0.781250	2.343750	0.015000	0.000000	3.070000	2.550000	-2.343750	4.687500	0.000000	0	0	0	
1241578	749	0.000000	3.380000	2.710000	1.500000	0.340000	49.000000	55.000000	6	0.781250	2.343750	0.015000	0.000000	3.080000	2.550000	-2.343750	4.687500	0.000000	0	0	0	
1241813	747	0.000000	3.380000	2.710000	1.490000	0.340000	48.000000	55.000000	6	0.781250	2.343750	0.015000	0.000000	3.080000	2.550000	-2.343750	4.687500	0.000000	0	0	0	
1242078	748	0.000000	3.340000	2.690000	1.490000	0.340000	49.000000	55.000000	6	0.781250	2.343750	0.015000	0.000000	3.060000	2.530000	-2.343750	4.687500	0.000000	0	0	0	
1242328	746	0.000000	3.290000	2.660000	1.480000	0.340000	49.000000	55.000000	6	0.781250	3.125000	0.020000	0.000000	3.070000	2.550000	-2.343750	4.687500	0.000000	0	0	0	
1242625	739	0.000000	3.280000	2.660000	1.490000	0.340000	49.000000	55.000000	6	0.781250	3.125000	0.020000	0.000000	3.050000	2.530000	-2.343750	4.687500	0.000000	0	0	0	
1242891	733	0.000000	3.250000	2.650000	1.500000	0.340000	49.000000	55.000000	6	0.781250	3.125000	0.020000	0.000000	3.000000	2.500000	-2.343750	4.687500	0.000000	0	0	0	
1243141	727	0.000000	3.150000	2.620000	1.500000	0.340000	49.000000	55.000000	6	0.781250	3.125000	0.020000	0.000000	2.990000	2.490000	-2.343750	4.687500	0.000000	0	0	0	
1243391	714	0.000000	3.090000	2.570000	1.490000	0.330000	49.000000	55.000000	6	0.781250	1.562500	0.025000	0.000000	2.980000	2.490000	-2.343750	4.687500	0.000000	0	0	0	
1243656	704	0.000000	3.070000	2.540000	1.500000	0.330000	49.000000	55.000000	6	0.781250	1.562500	0.025000	0.000000	2.930000	2.420000	-2.343750	4.687500	0.000000	0	0	0	
1243906	684	0.000000	3.060000	2.550000	1.490000	0.340000	49.000000	55.000000	6	0.781250	1.562500	0.025000	0.000000	2.930000	2.420000	-2.343750	4.687500	0.000000	0	0	0	
1244141	671	0.000000	3.100000	2.570000	1.500000	0.340000	50.000000	55.000000	6	0.781250	1.562500	0.025000	0.000000	2.950000	2.490000	-2.343750	4.687500	0.000000	0	0	0	
1244391	660	0.000000	3.100000	2.580000	1.500000	0.340000	50.000000	55.000000	6	0.781250	0.781250	0.035000	0.000000	2.990000	2.490000	-2.343750	3.125000	0.000000	0	0	0	
1244672	637	0.000000	3.110000	2.600000	1.500000	0.340000	49.000000	55.000000	6	0.781250	0.781250	0.035000	0.000000	2.970000	2.470000	-2.343750	3.125000	0.000000	0	0	0	
1244938	627	0.000000	3.100000	2.590000	1.500000	0.340000	49.000000	55.000000	6	0.781250	0.781250	0.035000	0.000000	2.980000	2.480000	-2.343750	3.125000	0.000000	0	0	0	
1245188	619	0.000000	3.100000	2.570000	1.500000	0.340000	50.000000	55.000000	6	0.781250	0.781250	0.035000	0.000000	2.980000	2.480000	-2.343750	3.125000	0.000000	0	0	0	
1245422	604	0.000000	3.120000	2.590000	1.500000	0.340000	50.000000	55.000000	6	0.781250	1.562500	0.045000	0.000000	2.950000	2.450000	-2.343750	1.562500	0.000000	0	0	0	
1245688	601	0.000000	3.210000	2.650000	1.500000	0.340000	50.000000	55.000000	6	0.781250	1.562500	0.045000	0.000000	2.970000	2.540000	-2.343750	1.562500	0.000000	0	0	0	
1245938	593	0.000000	3.180000	2.650000	1.500000	0.340000	50.000000	56.000000	6	0.781250	1.562500	0.045000	0.000000	3.040000	2.520000	-2.343750	1.562500	0.000000	0	0	0	
1246297	590	0.000000	3.260000	2.700000	1.480000	0.350000	50.000000	56.000000	6	0.781250	1.562500	0.045000	0.000000	3.050000	2.530000	-2.343750	1.562500	0.000000	0	0	0	
1246563	589	0.000000	3.250000	2.690000	1.490000	0.350000	50.000000	56.000000	6	0.781250	1.562500	0.055000	0.000000	3.050000	2.530000	-2.343750	0.781250	0.000000	0	0	0	
1246828	595	0.000000	3.230000	2.670000	1.490000	0.350000	50.000000	56.000000	6	0.781250	1.562500	0.055000	0.000000	3.040000	2.520000	-2.343750	0.781250	0.000000	0	0	0	
1247078	600	0.000000	3.060000	2.540000	1.490000	0.340000	50.000000	56.000000	6	0.781250	1.562500	0.055000	0.000000	3.000000	2.490000	-2.343750	0.781250	0.000000	0	0	0	
1247328	601	0.000000	3.000000	2.490000	1.490000	0.350000	50.000000	56.000000	6	0.781250	1.562500	0.055000	0.000000	3.040000	2.510000	-2.343750	0.781250	0.000000	0	0	0	
1247594	605	0.000000	2.990000	2.490000	1.490000	0.350000	50.000000	56.000000	6	0.781250	2.343750	0.075000	0.000000	3.040000	2.510000	-2.343750	0.000000	0.000000	0	0	0	
1247875	610	0.000000	2.980000	2.480000	1.490000	0.350000	50.000000	56.000000	6	0.781250	2.343750	0.075000	0.000000	2.970000	2.460000	-2.343750	0.000000	0.000000	0	0	0	
1248141	613	0.000000	3.000000	2.490000	1.490000	0.340000	50.000000	56.000000	6	0.781250	2.343750	0.075000	0.000000	3.000000	2.500000	-2.343750	0.000000	0.000000	0	0	0	
1248375	613	0.000000	2.960000	2.460000	1.500000	0.340000	50.000000	56.000000	6	0.781250	2.343750	0.075000	0.000000	2.980000	2.490000	-2.343750	0.000000	0.000000	0	0	0	
1248625	612	0.000000	2.960000	2.450000	1.500000	0.340000	51.000000	56.000000	6	0.781250	0.781250	0.620000	0.000000	2.940000	2.430000	-2.343750	-0.781250	0.000000	0	0	0	
1248891	610	0.000000	2.920000	2.420000	1.500000	0.340000	51.000000	56.000000	6	0.781250	0.781250	0.620000	0.000000	2.960000	2.460000	-2.343750	-0.781250	0.000000	0	0	0	
1249156	607	0.000000	2.910000	2.410000	1.490000	0.340000	51.000000	56.000000	6	0.781250	0.781250	0.620000	0.000000	2.950000	2.450000	-2.343750	-0.781250	0.000000	0	0	0	
1249375	606	0.000000	2.930000	2.420000	1.500000	0.340000	51.000000	56.000000	6	0.781250	0.781250	0.620000	0.000000	2.910000	2.410000	-2.343750	-0.781250	0.000000	0	0	0	
1249641	603	0.000000	2.890000	2.390000	1.490000	0.340000	50.000000	56.000000	6	0.781250	0.781250	0.740000	0.000000	2.920000	2.400000	-2.343750	-0.781250	0.000000	0	0	0	
1249891	602	0.000000	2.890000	2.370000	1.490000	0.350000	51.000000	56.000000	6	0.781250	-0.781250	0.740000	0.000000	2.950000	2.440000	-2.343750	-1.562500	0.000000	0	0	0	
1250156	600	0.000000	2.870000	2.360000	1.480000	0.350000	51.000000	56.000000	6	0.781250	-0.781250	0.740000	0.000000	2.890000	2.390000	-2.343750	-1.562500	0.000000	0	0	0	
1250406	597	0.000000	2.870000	2.360000	1.490000	0.350000	51.000000	56.000000	6	0.781250	-0.781250	0.740000	0.000000	2.910000	2.400000	-2.343750	-1.562500	0.000000	0	0	0	
1250672	601	0.000000	2.840000	2.320000	1.490000	0.350000	51.000000	56.000000	6	0.781250	-0.781250	0.740000	0.000000	2.940000	2.430000	-2.343750	-1.562500	0.000000	0	0	0	
1250922	606	0.000000	2.870000	2.360000	1.490000	0.350000	51.000000	56.000000	6	0.781250	-3.125000	0.760000	0.000000	2.900000	2.390000	-2.343750	-1.562500	0.000000	0	0	0	
1251203	622	0.000000	2.830000	2.320000	1.480000	0.350000	51.000000	56.000000	6	0.781250	-3.125000	0.760000	0.000000	2.860000	2.360000	-2.343750	-1.562500	0.000000	0	0	0	
1251625	581	0.000000	2.900000	2.280000	1.430000	0.950000	51.000000	56.000000	6	0.781250	-3.125000	0.760000	0.000000	3.320000	2.580000	-2.343750	-1.562500	0.000000	0	0	0	
1251906	885	0.000000	11.770000	8.660000	1.390000	0.940000	51.000000	56.000000	6	0.781250	0.781250	0.770000	0.000000	11.570000	8.470000	-2.343750	-1.562500	0.005000	0	0	0	
1252188	987	0.000000	11.230000	7.850000	1.400000	0.910000	51.000000	56.000000	6	0.781250	0.781250	0.770000	0.000000	9.880000	7.280000	-2.343750	1.562500	0.005000	0	0	0	
1252469	1018	0.000000	8.800000	6.650000	1.430000	0.850000	51.000000	56.000000	6	0.781250	0.781250	0.770000	0.000000	8.340000	6.180000	-2.343750	1.562500	0.005000	0	0	0	
1252703	1068	0.000000	7.750000	5.680000	1.430000	0.810000	51.000000	56.000000	6	0.781250	0.781250	0.770000	0.000000	7.310000	5.450000	-2.343750	1.562500	0.005000	0	0	0	
1252969	1020	0.000000	6.810000	5.260000	1.460000	0.800000	51.000000	56.000000	6	0.781250	0.781250	0.875000	0.000000	7.100000	5.380000	-2.343750	1.562500	0.830000	0	0	0	
1253219	1029	0.000000	7.480000	5.580000	1.440000	0.770000	51.000000	56.000000	6	0.781250	-10.937500	0.875000	0.000000	6.780000	5.190000	-2.343750	-9.375000	0.830000	0	0	0	
1253469	1253	0.000000	6.080000	4.870000	1.450000	0.730000	51.000000	56.000000	6	0.781250	-10.937500	0.875000	0.000000	5.880000	4.590000	-2.343750	-9.375000	0.830000	0	0	0	
1253750	1400	0.000000	5.780000	4.630000	1.440000	0.700000	52.000000	56.000000	6	0.781250	-10.937500	0.875000	0.000000	5.790000	4.680000	-2.343750	-9.375000	0.830000	0	0	0	
1253984	1533	0.000000	7.020000	5.330000	1.410000	0.760000	52.000000	56.000000	6	0.781250	-10.937500	0.875000	0.000000	6.840000	5.230000	-2.343750	-9.375000	0.830000	0	0	0	
1254266	1676	0.000000	7.360000	5.430000	1.410000	0.780000	52.000000	56.000000	6	0.781250	6.250000	0.765000	0.000000	6.790000	5.220000	-2.343750	2.343750	0.025000	0	0	0	
1254500	1875	0.000000	7.100000	5.300000	1.410000	0.780000	52.000000	56.000000	6	0.781250	6.250000	0.765000	0.000000	7.100000	5.310000	-2.343750	2.343750	0.025000	0	0	0	
1254750	2034	0.000000	7.290000	5.630000	1.410000	0.790000	52.000000	56.000000	6	0.781250	6.250000	0.765000	0.000000	7.160000	5.510000	-2.343750	2.343750	0.025000	0	0	0	
1254984	2254	0.000000	7.440000	5.890000	1.410000	0.770000	51.000000	56.000000	6	0.781250	6.250000	0.765000	0.000000	7.110000	5.610000	-2.343750	2.343750	0.025000	0	0	0	
1255266	2432	0.000000	7.280000	5.350000	1.470000	0.670000	52.000000	56.000000	6	0.781250	0.781250	0.430000	0.000000	7.400000	5.280000	-2.343750	2.343750	0.035000	0	0	0	
1255516	2358	0.000000	3.610000	2.660000	1.530000	0.350000	52.000000	56.000000	6	0.781250	0.781250	0.430000	0.000000	3.360000	2.530000	-2.343750	2.343750	0.035000	0	0	0	
1255797	2320	0.000000	2.960000	2.210000	1.580000	0.260000	52.000000	56.000000	6	0.781250	0.781250	0.430000	0.000000	2.920000	2.180000	-2.343750	2.343750	0.035000	0	0	0	
1256063	1970	0.000000	2.550000	1.970000	1.570000	0.250000	52.000000	56.000000	6	0.781250	0.781250	0.430000	0.000000	2.530000	1.950000	-2.343750	2.343750	0.035000	0	0	0	
1256344	1530	0.000000	4.530000	3.320000	1.450000	0.400000	52.000000	56.000000	6	0.781250	0.000000	0.745000	0.000000	3.720000	2.880000	-2.343750	0.000000	0.000000	0	0	0	
1256594	1570	0.000000	5.970000	4.490000	1.450000	0.550000	52.000000	56.000000	6	0.781250	0.000000	0.745000	0.000000	5.900000	4.410000	-2.343750	0.000000	0.000000	0	0	0	
1257016	1584	0.000000	5.930000	4.490000	1.430000	0.630000	52.000000	56.000000	6	0.781250	0.000000	0.745000	0.000000	5.730000	4.380000	-2.343750	0.000000	0.000000	0	0	0	
1257297	1610	0.000000	6.010000	4.650000	1.460000	0.640000	52.000000	56.000000	6	0.781250	0.000000	0.045000	0.000000	5.850000	4.500000	-2.343750	0.000000	0.015000	0	0	0	
1257609	1679	0.000000	6.230000	4.780000	1.480000	0.630000	52.000000	56.000000	6	0.781250	0.000000	0.045000	0.000000	6.030000	4.600000	-2.343750	1.562500	0.015000	0	0	0	
1257875	1709	0.000000	6.170000	4.660000	1.450000	0.630000	52.000000	56.000000	6	0.781250	0.000000	0.045000	0.000000	5.960000	4.360000	-2.343750	1.562500	0.015000	0	0	0	
1258125	1755	0.000000	6.070000	4.490000	1.460000	0.620000	52.000000	56.000000	6	0.781250	0.000000	0.045000	0.000000	5.640000	4.030000	-2.343750	1.562500	0.015000	0	0	0	
1258406	1788	0.000000	6.010000	4.370000	1.470000	0.620000	52.000000	56.000000	6	0.781250	0.000000	0.300000	0.000000	4.970000	3.830000	-2.343750	1.562500	0.205000	0	0	0	
1258672	1838	0.000000	5.850000	4.240000	1.470000	0.620000	52.000000	56.000000	6	0.781250	0.000000	0.300000	0.000000	5.000000	3.860000	-2.343750	-2.343750	0.205000	0	0	0	
1258953	1875	0.000000	4.880000	3.680000	1.490000	0.540000	52.000000	56.000000	6	0.781250	0.000000	0.300000	0.000000	4.630000	3.420000	-2.343750	-2.343750	0.205000	0	0	0	
1259234	1899	0.000000	4.170000	3.130000	1.480000	0.470000	52.000000	56.000000	6	0.781250	0.000000	0.300000	0.000000	4.000000	3.040000	-2.343750	-2.343750	0.205000	0	0	0	
1259469	1916	0.000000	3.410000	2.600000	1.520000	0.400000	52.000000	56.000000	6	0.781250	0.000000	0.300000	0.000000	3.240000	2.470000	-2.343750	-2.343750	0.205000	0	0	0	
1259750	1930	0.000000	3.120000	2.350000	1.490000	0.340000	52.000000	56.000000	6	0.781250	-1.562500	0.820000	0.000000	3.080000	2.330000	-2.343750	-3.125000	0.075000	0	0	0	
1260000	1937	0.000000	2.950000	2.230000	1.500000	0.320000	52.000000	56.000000	6	0.781250	-1.562500	0.820000	0.000000	2.930000	2.210000	-2.343750	-3.125000	0.075000	0	0	0	
1260234	1927	0.000000	2.820000	2.140000	1.500000	0.320000	52.000000	56.000000	6	0.781250	-1.562500	0.820000	0.000000	2.830000	2.140000	-2.343750	-3.125000	0.075000	0	0	0	
1260531	1932	0.000000	2.800000	2.150000	1.510000	0.320000	52.000000	56.000000	6	0.781250	-1.562500	0.820000	0.000000	2.810000	2.160000	-2.343750	-3.125000	0.075000	0	0	0	
1260797	1932	0.000000	2.870000	2.180000	1.500000	0.310000	52.000000	56.000000	6	0.781250	-0.781250	0.820000	0.000000	2.890000	2.190000	-2.343750	0.000000	0.080000	0	0	0	
1261047	1917	0.000000	2.780000	2.120000	1.500000	0.300000	52.000000	56.000000	6	0.781250	-0.781250	0.820000	0.000000	2.720000	2.080000	-2.343750	0.000000	0.080000	0	0	0	
1261328	1923	0.000000	2.600000	2.000000	1.520000	0.280000	52.000000	56.000000	6	0.781250	-0.781250	0.820000	0.000000	2.600000	2.000000	-2.343750	0.000000	0.080000	0	0	0	
1261563	1909	0.000000	2.330000	1.800000	1.500000	0.250000	52.000000	56.000000	6	0.781250	-0.781250	0.820000	0.000000	2.390000	1.860000	-2.343750	0.000000	0.080000	0	0	0	
1261859	1888	0.000000	2.330000	1.800000	1.500000	0.240000	52.000000	56.000000	6	0.781250	2.343750	0.790000	0.000000	2.340000	1.820000	-2.343750	6.250000	0.075000	0	0	0	
1262156	1866	0.000000	2.290000	1.780000	1.490000	0.240000	52.000000	56.000000	6	0.781250	2.343750	0.790000	0.000000	2.300000	1.780000	-2.343750	6.250000	0.075000	0	0	0	
1262578	1872	0.000000	2.140000	1.700000	1.520000	0.240000	52.000000	56.000000	6	0.781250	2.343750	0.790000	0.000000	2.220000	1.720000	-2.343750	6.250000	0.075000	0	0	0	
1262844	1799	0.000000	2.140000	1.700000	1.550000	0.240000	52.000000	56.000000	6	0.781250	0.000000	0.630000	0.000000	2.120000	1.700000	-2.343750	0.000000	0.660000	0	0	0	
1263109	1785	0.000000	2.140000	1.700000	1.540000	0.250000	52.000000	56.000000	6	0.781250	0.000000	0.630000	0.000000	2.120000	1.700000	-2.343750	0.000000	0.660000	0	0	0	
1263391	1819	0.000000	2.140000	1.700000	1.550000	0.240000	52.000000	56.000000	6	0.781250	0.000000	0.630000	0.000000	2.120000	1.700000	-2.343750	0.000000	0.660000	0	0	0	
1263672	1722	0.000000	0.000000	0.000000	1.550000	0.230000	52.000000	56.000000	6	0.781250	0.000000	0.630000	0.000000	0.000000	0.000000	-2.343750	0.000000	0.660000	0	0	0	
1263906	1690	0.000000	0.000000	0.000000	1.570000	0.240000	52.000000	56.000000	6	0.781250	0.000000	0.020000	0.000000	0.000000	0.000000	-2.343750	0.000000	0.000000	0	0	0	
1264172	1667	0.000000	0.000000	0.000000	1.570000	0.230000	52.000000	56.000000	6	0.781250	0.000000	0.020000	0.000000	0.000000	0.000000	-2.343750	0.000000	0.000000	0	0	0	
1264422	1632	0.000000	0.000000	0.000000	1.570000	0.230000	52.000000	56.000000	6	0.781250	0.000000	0.020000	0.000000	0.000000	0.000000	-2.343750	0.000000	0.000000	0	0	0	
1264688	1609	0.000000	0.000000	0.000000	1.570000	0.230000	52.000000	56.000000	6	0.781250	0.000000	0.020000	0.000000	0.000000	0.000000	-2.343750	0.000000	0.000000	0	0	0	
1264953	1574	0.000000	0.000000	0.000000	1.570000	0.230000	52.000000	56.000000	6	0.781250	0.000000	0.020000	0.000000	0.000000	0.000000	-2.343750	0.000000	0.000000	0	0	0	
1265188	1548	0.000000	0.000000	0.000000	1.570000	0.230000	52.000000	56.000000	6	0.781250	0.000000	0.000000	0.000000	0.000000	0.000000	-2.343750	0.000000	0.000000	0	0	0	
1265438	1523	0.000000	0.000000	0.000000	1.570000	0.230000	52.000000	56.000000	6	0.781250	0.000000	0.000000	0.000000	0.000000	0.000000	-2.343750	0.000000	0.000000	0	0	0	
1265719	1481	0.000000	0.000000	0.000000	1.570000	0.230000	52.000000	56.000000	6	0.781250	0.000000	0.000000	0.000000	0.000000	0.000000	-2.343750	0.000000	0.000000	0	0	0	
1265969	1451	0.000000	0.000000	0.000000	1.570000	0.230000	52.000000	56.000000	6	0.781250	0.000000	0.000000	0.000000	0.000000	0.000000	-2.343750	0.000000	0.000000	0	0	0	
1266203	1424	0.000000	0.000000	0.000000	1.560000	0.240000	52.000000	56.000000	6	0.781250	0.000000	0.000000	0.000000	0.000000	0.000000	-2.343750	0.000000	0.000000	0	0	0	
1266406	1386	0.000000	0.000000	0.000000	1.570000	0.230000	52.000000	56.000000	6	0.781250	0.000000	0.000000	0.000000	0.000000	0.000000	-2.343750	0.000000	0.000000	0	0	0	
1266641	1342	0.000000	0.000000	0.000000	1.570000	0.230000	52.000000	56.000000	6	0.781250	0.000000	0.000000	0.000000	0.000000	0.000000	-2.343750	0.000000	0.000000	0	0	0	
1266875	1318	0.000000	0.000000	0.000000	1.570000	0.230000	52.000000	56.000000	6	0.781250	0.000000	0.000000	0.000000	0.000000	0.000000	-2.343750	0.000000	0.000000	0	0	0	
1267109	1287	0.000000	0.000000	0.000000	1.570000	0.230000	52.000000	56.000000	6	0.781250	0.000000	0.000000	0.000000	0.000000	0.000000	-2.343750	0.000000	0.000000	0	0	0	
1267391	1253	0.000000	2.140000	1.700000	1.560000	0.230000	52.000000	56.000000	6	0.781250	0.000000	0.000000	0.000000	2.310000	1.720000	-2.343750	0.000000	0.000000	0	0	0	
1267797	1191	0.000000	2.290000	1.660000	1.490000	0.230000	52.000000	56.000000	6	0.781250	0.000000	0.000000	0.000000	2.330000	1.700000	-2.343750	0.000000	0.000000	0	0	0	
1268047	1161	0.000000	2.420000	1.820000	1.480000	0.240000	52.000000	56.000000	6	0.781250	0.000000	0.000000	0.000000	2.470000	1.870000	-2.343750	0.000000	0.000000	0	0	0	
1268281	1135	0.000000	2.480000	1.890000	1.500000	0.250000	52.000000	56.000000	6	0.781250	0.000000	0.000000	0.000000	2.500000	1.910000	-2.343750	0.000000	0.000000	0	0	0	
1268547	1038	0.000000	2.450000	1.900000	1.500000	0.250000	52.000000	56.000000	6	0.781250	0.000000	0.000000	0.000000	2.470000	1.920000	-2.343750	0.000000	0.000000	0	0	0	
1268797	967	0.000000	2.480000	1.950000	1.500000	0.250000	52.000000	56.000000	6	0.781250	0.000000	0.000000	0.000000	2.520000	1.980000	-2.343750	0.000000	0.000000	0	0	0	
1269031	915	0.000000	2.580000	2.020000	1.500000	0.270000	52.000000	56.000000	6	0.781250	0.000000	0.000000	0.000000	2.620000	2.060000	-2.343750	0.000000	0.000000	0	0	0	
1269297	821	0.000000	2.740000	2.220000	1.490000	0.300000	52.000000	56.000000	6	0.781250	0.000000	0.000000	0.000000	2.830000	2.310000	-2.343750	0.000000	0.000000	0	0	0	
1269563	714	0.000000	3.360000	2.670000	1.480000	0.350000	52.000000	56.000000	6	0.781250	0.000000	0.000000	0.000000	3.510000	2.790000	-2.343750	0.000000	0.000000	0	0	0	
1269813	705	0.000000	3.660000	3.040000	1.480000	0.370000	52.000000	56.000000	6	0.781250	0.000000	0.000000	0.000000	3.860000	3.080000	-2.343750	0.000000	0.000000	0	0	0	
1270063	730	0.000000	3.860000	3.150000	1.490000	0.380000	52.000000	56.000000	6	0.781250	0.000000	0.000000	0.000000	4.030000	3.180000	-2.343750	0.000000	0.000000	0	0	0	
1270297	754	0.000000	4.070000	3.170000	1.500000	0.380000	52.000000	56.000000	6	0.781250	0.000000	0.000000	0.000000	4.080000	3.190000	-2.343750	0.000000	0.000000	0	0	0	
1270547	811	0.000000	3.860000	2.980000	1.490000	0.360000	52.000000	56.000000	6	0.781250	0.000000	0.000000	0.000000	3.860000	3.070000	-2.343750	0.000000	0.000000	0	0	0	
1270797	830	0.000000	3.670000	2.900000	1.490000	0.350000	52.000000	56.000000	6	0.781250	0.000000	0.000000	0.000000	3.690000	2.900000	-2.343750	0.000000	0.000000	0	0	0	
1271063	834	0.000000	3.520000	2.700000	1.490000	0.340000	52.000000	56.000000	6	0.781250	0.000000	0.000000	0.000000	3.530000	2.700000	-2.343750	0.000000	0.000000	0	0	0	
1271344	815	0.000000	3.070000	2.560000	1.510000	0.330000	52.000000	56.000000	6	0.781250	0.000000	0.000000	0.000000	3.080000	2.580000	-2.343750	0.000000	0.000000	0	0	0	
1271578	761	0.000000	2.970000	2.490000	1.510000	0.330000	52.000000	56.000000	6	0.781250	-0.781250	0.000000	0.000000	3.050000	2.540000	-2.343750	-0.781250	0.000000	0	0	0	
1271828	736	0.000000	2.980000	2.480000	1.500000	0.330000	52.000000	56.000000	6	0.781250	-0.781250	0.000000	0.000000	3.030000	2.520000	-2.343750	-0.781250	0.000000	0	0	0	
1272078	703	0.000000	3.090000	2.570000	1.500000	0.340000	52.000000	56.000000	6	0.781250	-0.781250	0.000000	0.000000	3.100000	2.580000	-2.343750	-0.781250	0.000000	0	0	0	
1272328	692	0.000000	3.060000	2.550000	1.500000	0.340000	52.000000	56.000000	6	0.781250	-0.781250	0.000000	0.000000	3.080000	2.570000	-2.343750	-0.781250	0.000000	0	0	0	
1272563	670	0.000000	3.090000	2.570000	1.500000	0.340000	52.000000	56.000000	6	0.781250	-0.781250	0.000000	0.000000	3.050000	2.530000	-2.343750	-0.781250	0.000000	0	0	0	
1272969	653	0.000000	3.150000	2.620000	1.510000	0.340000	52.000000	56.000000	6	0.781250	-0.781250	0.005000	0.000000	2.960000	2.460000	-2.343750	-0.781250	0.000000	0	0	0	
1273250	643	0.000000	3.230000	2.680000	1.490000	0.340000	52.000000	57.000000	6	0.781250	-0.781250	0.005000	0.000000	3.030000	2.520000	-2.343750	-0.781250	0.000000	0	0	0	
1273547	621	0.000000	3.240000	2.680000	1.500000	0.340000	52.000000	56.000000	6	0.781250	-0.781250	0.005000	0.000000	3.040000	2.530000	-2.343750	-0.781250	0.000000	0	0	0	
1273828	612	0.000000	3.330000	2.750000	1.500000	0.340000	52.000000	56.000000	6	0.781250	0.781250	0.010000	0.000000	3.080000	2.570000	-2.343750	-0.781250	0.000000	0	0	0	
1274094	600	0.000000	3.340000	2.770000	1.500000	0.350000	52.000000	57.000000	6	0.781250	0.781250	0.010000	0.000000	3.090000	2.570000	-2.343750	-0.781250	0.000000	0	0	0	
1274359	597	0.000000	3.410000	2.820000	1.510000	0.350000	52.000000	57.000000	6	0.781250	0.781250	0.010000	0.000000	3.100000	2.590000	-2.343750	-0.781250	0.000000	0	0	0	
1274594	594	0.000000	3.430000	2.830000	1.500000	0.350000	52.000000	57.000000	6	0.781250	0.781250	0.010000	0.000000	3.150000	2.610000	-2.343750	-0.781250	0.000000	0	0	0	
1274844	593	0.000000	3.430000	2.850000	1.510000	0.350000	52.000000	57.000000	6	0.781250	0.781250	0.015000	0.000000	3.080000	2.580000	-2.343750	-1.562500	0.000000	0	0	0	
1275109	594	0.000000	3.440000	2.840000	1.500000	0.350000	52.000000	57.000000	6	0.781250	0.781250	0.015000	0.000000	3.110000	2.590000	-2.343750	-1.562500	0.000000	0	0	0	
1275328	594	0.000000	3.420000	2.830000	1.500000	0.360000	52.000000	57.000000	6	0.781250	0.781250	0.015000	0.000000	3.090000	2.590000	-2.343750	-1.562500	0.000000	0	0	0	
1275578	594	0.000000	3.430000	2.830000	1.500000	0.360000	52.000000	57.000000	6	0.781250	0.781250	0.015000	0.000000	3.140000	2.610000	-2.343750	-1.562500	0.000000	0	0	0	
1275813	599	0.000000	3.420000	2.820000	1.510000	0.350000	52.000000	57.000000	6	0.781250	0.781250	0.020000	0.000000	3.080000	2.580000	-2.343750	-1.562500	0.000000	0	0	0	
1276063	603	0.000000	3.360000	2.800000	1.500000	0.350000	52.000000	57.000000	6	0.781250	0.781250	0.020000	0.000000	3.080000	2.570000	-2.343750	-1.562500	0.000000	0	0	0	
1276328	609	0.000000	3.350000	2.790000	1.500000	0.350000	52.000000	57.000000	6	0.781250	0.781250	0.020000	0.000000	3.100000	2.590000	-2.343750	-1.562500	0.000000	0	0	0	
1276578	611	0.000000	3.330000	2.770000	1.500000	0.360000	52.000000	57.000000	6	0.781250	0.781250	0.020000	0.000000	3.050000	2.540000	-2.343750	-1.562500	0.000000	0	0	0	
1276844	609	0.000000	3.320000	2.750000	1.510000	0.350000	52.000000	57.000000	6	0.781250	0.781250	0.020000	0.000000	3.080000	2.580000	-2.343750	-1.562500	0.000000	0	0	0	
1277125	608	0.000000	3.320000	2.750000	1.490000	0.350000	52.000000	57.000000	6	0.781250	0.000000	0.025000	0.000000	3.100000	2.590000	-2.343750	-0.781250	0.000000	0	0	0	
1277406	610	0.000000	3.290000	2.730000	1.500000	0.350000	52.000000	57.000000	6	0.781250	0.000000	0.025000	0.000000	3.040000	2.520000	-2.343750	-0.781250	0.000000	0	0	0	
1277672	607	0.000000	3.290000	2.720000	1.500000	0.350000	52.000000	57.000000	6	0.781250	0.000000	0.025000	0.000000	3.080000	2.560000	-2.343750	-0.781250	0.000000	0	0	0	
1277953	610	0.000000	3.220000	2.670000	1.490000	0.350000	52.000000	57.000000	6	0.781250	0.000000	0.025000	0.000000	3.050000	2.530000	-2.343750	-0.781250	0.000000	0	0	0	
1278406	613	0.000000	3.250000	2.680000	1.490000	0.350000	52.000000	57.000000	6	0.781250	0.781250	0.030000	0.000000	3.060000	2.530000	-2.343750	-0.781250	0.000000	0	0	0	
1278688	613	0.000000	3.290000	2.700000	1.490000	0.350000	52.000000	57.000000	6	0.781250	0.781250	0.030000	0.000000	3.070000	2.540000	-2.343750	-0.781250	0.000000	0	0	0	
1278953	615	0.000000	3.260000	2.690000	1.490000	0.350000	52.000000	57.000000	6	0.781250	0.781250	0.030000	0.000000	3.030000	2.500000	-2.343750	-0.781250	0.000000	0	0	0	
1279203	614	0.000000	3.230000	2.670000	1.500000	0.350000	52.000000	57.000000	6	0.781250	0.781250	0.035000	0.000000	3.040000	2.510000	-2.343750	-0.781250	0.000000	0	0	0	
1279484	611	0.000000	3.220000	2.660000	1.490000	0.350000	52.000000	57.000000	6	0.781250	0.781250	0.035000	0.000000	3.030000	2.500000	-2.343750	-0.781250	0.000000	0	0	0	
1279750	611	0.000000	3.230000	2.660000	1.500000	0.350000	53.000000	57.000000	6	0.781250	0.781250	0.035000	0.000000	2.980000	2.470000	-2.343750	-0.781250	0.000000	0	0	0	
1280016	609	0.000000	3.230000	2.660000	1.500000	0.340000	52.000000	57.000000	6	0.781250	0.781250	0.035000	0.000000	3.010000	2.500000	-2.343750	-0.781250	0.000000	0	0	0	
1280313	611	0.000000	3.030000	2.510000	1.500000	0.340000	52.000000	57.000000	6	0.781250	0.781250	0.045000	0.000000	2.950000	2.450000	-2.343750	-1.562500	0.000000	0	0	0	
1280547	610	0.000000	2.940000	2.440000	1.500000	0.340000	53.000000	57.000000	6	0.781250	0.781250	0.045000	0.000000	2.940000	2.440000	-2.343750	-1.562500	0.000000	0	0	0	
1280813	609	0.000000	2.940000	2.430000	1.500000	0.340000	53.000000	57.000000	6	0.781250	0.781250	0.045000	0.000000	2.960000	2.460000	-2.343750	-1.562500	0.000000	0	0	0	
1281063	611	0.000000	2.910000	2.410000	1.500000	0.340000	52.000000	57.000000	6	0.781250	0.781250	0.045000	0.000000	2.940000	2.440000	-2.343750	-1.562500	0.000000	0	0	0	
1281313	613	0.000000	2.900000	2.400000	1.500000	0.350000	52.000000	57.000000	6	0.781250	0.781250	0.045000	0.000000	2.900000	2.400000	-2.343750	-1.562500	0.000000	0	0	0	
1281563	610	0.000000	2.910000	2.400000	1.500000	0.340000	53.000000	57.000000	6	0.781250	0.000000	0.060000	0.000000	2.930000	2.430000	-2.343750	-1.562500	0.000000	0	0	0	
1281813	604	0.000000	2.900000	2.390000	1.500000	0.340000	52.000000	57.000000	6	0.781250	0.000000	0.060000	0.000000	2.940000	2.440000	-2.343750	-1.562500	0.000000	0	0	0	
1282078	608	0.000000	2.820000	2.320000	1.500000	0.340000	52.000000	57.000000	6	0.781250	0.000000	0.060000	0.000000	2.850000	2.350000	-2.343750	-1.562500	0.000000	0	0	0	
1282313	609	0.000000	2.790000	2.270000	1.490000	0.340000	52.000000	57.000000	6	0.781250	0.000000	0.060000	0.000000	2.880000	2.380000	-2.343750	-1.562500	0.000000	0	0	0	
1282547	606	0.000000	2.800000	2.280000	1.500000	0.340000	52.000000	57.000000	6	0.781250	-2.343750	0.075000	0.000000	2.880000	2.370000	-2.343750	-0.781250	0.000000	0	0	0	
1282797	600	0.000000	2.810000	2.290000	1.490000	0.350000	52.000000	57.000000	6	0.781250	-2.343750	0.075000	0.000000	2.870000	2.370000	-2.343750	-0.781250	0.000000	0	0	0	
1283016	598	0.000000	2.820000	2.290000	1.490000	0.350000	53.000000	57.000000	6	0.781250	-2.343750	0.075000	0.000000	2.890000	2.380000	-2.343750	-0.781250	0.000000	0	0	0	
1283281	596	0.000000	2.830000	2.310000	1.500000	0.350000	52.000000	57.000000	6	0.781250	-2.343750	0.075000	0.000000	2.960000	2.460000	-2.343750	-0.781250	0.000000	0	0	0	
1283703	603	0.000000	2.780000	2.260000	1.500000	0.340000	52.000000	57.000000	6	0.781250	-3.125000	0.100000	0.000000	2.860000	2.360000	-2.343750	0.000000	0.000000	0	0	0	
1283969	605	0.000000	2.760000	2.230000	1.500000	0.340000	52.000000	57.000000	6	0.781250	-3.125000	0.100000	0.000000	2.870000	2.370000	-2.343750	0.000000	0.000000	0	0	0	
1284250	600	0.000000	2.800000	2.280000	1.500000	0.350000	52.000000	57.000000	6	0.781250	-3.125000	0.100000	0.000000	2.860000	2.350000	-2.343750	0.000000	0.000000	0	0	0	
1284500	597	0.000000	2.800000	2.270000	1.500000	0.340000	53.000000	57.000000	6	0.781250	-3.125000	0.100000	0.000000	2.840000	2.330000	-2.343750	0.000000	0.000000	0	0	0	
1284719	598	0.000000	2.750000	2.220000	1.520000	0.340000	52.000000	57.000000	6	0.781250	-1.562500	0.140000	0.000000	2.880000	2.380000	-2.343750	0.781250	0.000000	0	0	0	
1284969	601	0.000000	2.740000	2.210000	1.500000	0.350000	52.000000	57.000000	6	0.781250	-1.562500	0.140000	0.000000	2.880000	2.370000	-2.343750	0.781250	0.000000	0	0	0	
1285234	601	0.000000	2.790000	2.260000	1.490000	0.350000	52.000000	57.000000	6	0.781250	-1.562500	0.140000	0.000000	2.830000	2.310000	-2.343750	0.781250	0.000000	0	0	0	
1285453	601	0.000000	2.780000	2.240000	1.500000	0.340000	53.000000	57.000000	6	0.781250	-1.562500	0.140000	0.000000	2.840000	2.370000	-2.343750	0.781250	0.000000	0	0	0	
1285719	607	0.000000	2.780000	2.250000	1.500000	0.340000	52.000000	57.000000	6	0.781250	0.000000	0.115000	0.000000	2.870000	2.360000	-2.343750	0.781250	0.000000	0	0	0	
1285984	610	0.000000	2.800000	2.280000	1.500000	0.350000	53.000000	57.000000	6	0.781250	0.000000	0.115000	0.000000	2.830000	2.300000	-2.343750	1.562500	0.000000	0	0	0	
1286266	610	0.000000	2.790000	2.270000	1.500000	0.340000	52.000000	57.000000	6	0.781250	0.000000	0.115000	0.000000	2.820000	2.310000	-2.343750	1.562500	0.000000	0	0	0	
1286531	611	0.000000	2.740000	2.210000	1.500000	0.340000	52.000000	57.000000	6	0.781250	0.000000	0.115000	0.000000	2.820000	2.310000	-2.343750	1.562500	0.000000	0	0	0	
1286797	610	0.000000	2.740000	2.200000	1.500000	0.340000	53.000000	57.000000	6	0.781250	0.781250	0.095000	0.000000	2.790000	2.260000	-2.343750	1.562500	0.000000	0	0	0	
1287047	608	0.000000	2.750000	2.220000	1.500000	0.340000	53.000000	57.000000	6	0.781250	0.781250	0.095000	0.000000	2.810000	2.290000	-2.343750	1.562500	0.000000	0	0	0	
1287313	607	0.000000	2.710000	2.170000	1.500000	0.340000	53.000000	57.000000	6	0.781250	0.781250	0.095000	0.000000	2.790000	2.260000	-2.343750	1.562500	0.000000	0	0	0	
1287578	606	0.000000	2.710000	2.160000	1.500000	0.350000	53.000000	57.000000	6	0.781250	0.781250	0.095000	0.000000	2.750000	2.220000	-2.343750	1.562500	0.000000	0	0	0	
1287844	607	0.000000	2.710000	2.170000	1.500000	0.340000	53.000000	58.000000	6	0.781250	0.000000	0.090000	0.000000	2.750000	2.220000	-2.343750	1.562500	0.000000	0	0	0	
1288109	608	0.000000	2.690000	2.120000	1.500000	0.340000	53.000000	58.000000	6	0.781250	0.000000	0.090000	0.000000	2.740000	2.210000	-2.343750	0.781250	0.000000	0	0	0	
1288375	607	0.000000	2.660000	2.100000	1.500000	0.340000	53.000000	58.000000	6	0.781250	0.000000	0.090000	0.000000	2.730000	2.190000	-2.343750	0.781250	0.000000	0	0	0	
1288641	610	0.000000	2.670000	2.090000	1.500000	0.340000	53.000000	58.000000	6	0.781250	0.000000	0.090000	0.000000	2.660000	2.080000	-2.343750	0.781250	0.000000	0	0	0	
1289094	613	0.000000	2.590000	2.010000	1.490000	0.340000	53.000000	58.000000	6	0.781250	0.781250	0.090000	0.000000	2.660000	2.100000	-2.343750	-0.781250	0.000000	0	0	0	
1289328	614	0.000000	2.630000	2.050000	1.510000	0.340000	53.000000	58.000000	6	0.781250	0.781250	0.090000	0.000000	2.620000	2.040000	-2.343750	-0.781250	0.000000	0	0	0	
1289609	615	0.000000	2.600000	2.010000	1.500000	0.340000	53.000000	58.000000	6	0.781250	0.781250	0.090000	0.000000	2.620000	2.050000	-2.343750	-0.781250	0.000000	0	0	0	
1289875	614	0.000000	2.580000	1.980000	1.500000	0.340000	53.000000	58.000000	6	0.781250	0.781250	0.090000	0.000000	2.610000	2.030000	-2.343750	-0.781250	0.000000	0	0	0	
1290141	614	0.000000	2.590000	2.000000	1.510000	0.340000	53.000000	58.000000	6	0.781250	-0.781250	0.090000	0.000000	2.560000	1.970000	-2.343750	-3.125000	0.000000	0	0	0	
1290391	610	0.000000	2.570000	1.970000	1.500000	0.340000	53.000000	58.000000	6	0.781250	-0.781250	0.090000	0.000000	2.580000	1.990000	-2.343750	-3.125000	0.000000	0	0	0	
1290672	607	0.000000	2.550000	1.950000	1.500000	0.340000	53.000000	58.000000	6	0.781250	-0.781250	0.090000	0.000000	2.570000	1.980000	-2.343750	-3.125000	0.000000	0	0	0	
1290938	602	0.000000	2.570000	1.970000	1.490000	0.340000	53.000000	58.000000	6	0.781250	-0.781250	0.090000	0.000000	2.520000	1.930000	-2.343750	-3.125000	0.000000	0	0	0	
1291234	594	0.000000	2.520000	1.920000	1.500000	0.340000	53.000000	58.000000	6	0.781250	-3.906250	0.120000	0.000000	2.580000	1.980000	-2.343750	-5.468750	0.000000	0	0	0	
1291516	587	0.000000	2.520000	1.920000	1.500000	0.340000	53.000000	58.000000	6	0.781250	-3.906250	0.120000	0.000000	2.590000	1.990000	-2.343750	-5.468750	0.000000	0	0	0	
1291750	582	0.000000	2.530000	1.930000	1.500000	0.340000	53.000000	58.000000	6	0.781250	-3.906250	0.120000	0.000000	2.540000	1.940000	-2.343750	-5.468750	0.000000	0	0	0	
1292016	576	0.000000	2.550000	1.950000	1.500000	0.360000	53.000000	58.000000	6	0.781250	-3.906250	0.120000	0.000000	2.640000	2.070000	-2.343750	-5.468750	0.000000	0	0	0	
1292281	572	0.000000	2.590000	2.010000	1.500000	0.360000	53.000000	58.000000	6	0.781250	-6.250000	0.720000	0.000000	2.670000	2.120000	-2.343750	-4.687500	0.000000	0	0	0	
1292516	591	0.000000	2.620000	2.040000	1.500000	0.360000	53.000000	58.000000	6	0.781250	-6.250000	0.720000	0.000000	2.680000	2.100000	-2.343750	-4.687500	0.000000	0	0	0	
1292781	593	0.000000	2.620000	2.030000	1.490000	0.370000	53.000000	58.000000	6	0.781250	-6.250000	0.720000	0.000000	2.680000	2.100000	-2.343750	-4.687500	0.000000	0	0	0	
1293031	593	0.000000	2.580000	2.000000	1.500000	0.370000	53.000000	58.000000	6	0.781250	-6.250000	0.720000	0.000000	2.700000	2.170000	-2.343750	-4.687500	0.000000	0	0	0	
1293297	595	0.000000	2.640000	2.070000	1.500000	0.370000	53.000000	58.000000	6	0.781250	-4.687500	0.765000	0.000000	2.690000	2.150000	-2.343750	-1.562500	0.000000	0	0	0	
1293547	591	0.000000	2.660000	2.090000	1.510000	0.370000	53.000000	58.000000	6	0.781250	-4.687500	0.765000	0.000000	2.710000	2.170000	-2.343750	-1.562500	0.000000	0	0	0	
1293781	592	0.000000	2.660000	2.080000	1.490000	0.370000	53.000000	58.000000	6	0.781250	-4.687500	0.765000	0.000000	2.750000	2.230000	-2.343750	-1.562500	0.000000	0	0	0	
1294078	589	0.000000	2.720000	2.180000	1.500000	0.370000	53.000000	58.000000	6	0.781250	-4.687500	0.765000	0.000000	2.760000	2.230000	-2.343750	-1.562500	0.000000	0	0	0	
1294500	588	0.000000	2.740000	2.210000	1.490000	0.370000	53.000000	58.000000	6	0.781250	1.562500	0.750000	0.000000	2.830000	2.320000	-2.343750	2.343750	0.000000	0	0	0	
1294781	593	0.000000	2.790000	2.260000	1.500000	0.380000	53.000000	58.000000	6	0.781250	1.562500	0.750000	0.000000	2.820000	2.310000	-2.343750	2.343750	0.000000	0	0	0	
1295031	603	0.000000	2.840000	2.340000	1.500000	0.370000	53.000000	58.000000	6	0.781250	1.562500	0.750000	0.000000	2.820000	2.320000	-2.343750	2.343750	0.000000	0	0	0	
1295281	610	0.000000	2.830000	2.320000	1.500000	0.370000	53.000000	58.000000	6	0.781250	1.562500	0.750000	0.000000	2.920000	2.400000	-2.343750	2.343750	0.000000	0	0	0	
1295531	607	0.000000	2.900000	2.390000	1.490000	0.390000	53.000000	58.000000	6	0.781250	6.250000	0.660000	0.000000	3.000000	2.490000	-2.343750	5.468750	0.000000	0	0	0	
1295797	524	0.000000	3.180000	2.640000	1.480000	0.420000	54.000000	58.000000	6	0.781250	6.250000	0.660000	0.000000	3.230000	2.670000	-2.343750	5.468750	0.000000	0	0	0	
1296047	506	0.000000	3.460000	2.850000	1.480000	0.460000	53.000000	58.000000	6	0.781250	6.250000	0.660000	0.000000	3.690000	3.000000	-2.343750	5.468750	0.000000	0	0	0	
1296328	541	0.000000	4.290000	3.310000	1.490000	0.470000	53.000000	58.000000	6	0.781250	6.250000	0.660000	0.000000	4.490000	3.240000	-2.343750	5.468750	0.000000	0	0	0	
1296578	619	0.000000	3.870000	3.080000	1.490000	0.440000	53.000000	58.000000	6	0.781250	6.250000	0.120000	0.000000	3.660000	3.010000	-2.343750	6.250000	0.000000	0	0	0	
1296844	670	0.000000	3.440000	2.840000	1.500000	0.420000	53.000000	58.000000	6	0.781250	6.250000	0.120000	0.000000	3.440000	2.850000	-2.343750	6.250000	0.000000	0	0	0	
1297078	678	0.000000	3.020000	2.510000	1.510000	0.400000	53.000000	58.000000	6	0.781250	6.250000	0.120000	0.000000	3.000000	2.500000	-2.343750	6.250000	0.000000	0	0	0	
1297344	666	0.000000	2.950000	2.460000	1.500000	0.390000	54.000000	58.000000	6	0.781250	6.250000	0.120000	0.000000	2.910000	2.420000	-2.343750	6.250000	0.000000	0	0	0	
1297609	657	0.000000	2.900000	2.390000	1.500000	0.390000	53.000000	58.000000	6	0.781250	6.250000	0.100000	0.000000	2.910000	2.460000	-2.343750	6.250000	0.000000	0	0	0	
1297875	650	0.000000	2.910000	2.400000	1.500000	0.390000	53.000000	58.000000	6	0.781250	2.343750	0.100000	0.000000	2.990000	2.490000	-2.343750	2.343750	0.000000	0	0	0	
1298125	653	0.000000	2.940000	2.430000	1.500000	0.380000	54.000000	58.000000	6	0.781250	2.343750	0.100000	0.000000	2.930000	2.440000	-2.343750	2.343750	0.000000	0	0	0	
1298391	650	0.000000	2.820000	2.320000	1.500000	0.380000	53.000000	58.000000	6	0.781250	2.343750	0.100000	0.000000	2.920000	2.410000	-2.343750	2.343750	0.000000	0	0	0	
1298656	643	0.000000	2.800000	2.310000	1.500000	0.380000	54.000000	58.000000	6	0.781250	2.343750	0.100000	0.000000	2.910000	2.420000	-2.343750	2.343750	0.000000	0	0	0	
1298922	640	0.000000	2.900000	2.400000	1.500000	0.380000	53.000000	58.000000	6	0.781250	3.125000	0.115000	0.000000	2.930000	2.430000	-2.343750	4.687500	0.000000	0	0	0	
1299172	668	0.000000	2.860000	2.360000	1.500000	0.380000	53.000000	58.000000	6	0.781250	3.125000	0.115000	0.000000	2.980000	2.480000	-2.343750	4.687500	0.000000	0	0	0	
1299453	668	0.000000	5.850000	4.820000	1.430000	0.590000	54.000000	58.000000	6	0.781250	3.125000	0.115000	0.000000	3.550000	2.910000	-2.343750	4.687500	0.000000	0	0	0	
1299844	913	0.000000	7.870000	6.040000	1.440000	0.670000	54.000000	58.000000	6	0.781250	3.125000	0.115000	0.000000	7.600000	5.880000	-2.343750	4.687500	0.000000	0	0	0	
1300141	996	0.000000	6.740000	5.170000	1.440000	0.660000	54.000000	58.000000	6	0.781250	3.906250	0.115000	0.000000	6.460000	4.990000	-2.343750	6.250000	0.000000	0	0	0	
1300406	1023	0.000000	6.020000	4.540000	1.450000	0.650000	53.000000	58.000000	6	0.781250	3.906250	0.115000	0.000000	5.940000	4.400000	-2.343750	6.250000	0.000000	0	0	0	
1300672	930	0.000000	6.020000	4.520000	1.460000	0.700000	54.000000	58.000000	6	0.781250	3.906250	0.115000	0.000000	6.060000	4.680000	-2.343750	6.250000	0.000000	0	0	0	
1300938	879	0.000000	6.480000	5.100000	1.450000	0.740000	54.000000	58.000000	6	0.781250	-3.906250	0.800000	0.000000	6.630000	5.190000	-2.343750	6.250000	0.005000	0	0	0	
1301219	718	0.000000	7.910000	6.160000	1.440000	0.770000	54.000000	58.000000	6	0.781250	-3.906250	0.800000	0.000000	7.260000	5.810000	-2.343750	-3.906250	0.005000	0	0	0	
1301469	913	0.000000	6.470000	5.060000	1.460000	0.700000	54.000000	58.000000	6	0.781250	-3.906250	0.800000	0.000000	7.020000	5.090000	-2.343750	-3.906250	0.005000	0	0	0	
1301719	991	0.000000	5.930000	4.380000	1.450000	0.660000	54.000000	58.000000	6	0.781250	-3.906250	0.800000	0.000000	5.970000	4.360000	-2.343750	-3.906250	0.005000	0	0	0	
1301984	1156	0.000000	5.840000	4.220000	1.450000	0.640000	54.000000	58.000000	6	0.781250	-5.468750	0.800000	0.000000	5.830000	4.180000	-2.343750	-3.906250	0.010000	0	0	0	
1302234	1233	0.000000	5.080000	3.900000	1.450000	0.620000	54.000000	58.000000	6	0.781250	-5.468750	0.800000	0.000000	5.080000	3.960000	-2.343750	-2.343750	0.010000	0	0	0	
1302484	1333	0.000000	4.980000	3.940000	1.470000	0.600000	54.000000	58.000000	6	0.781250	-5.468750	0.800000	0.000000	4.960000	3.790000	-2.343750	-2.343750	0.010000	0	0	0	
1302766	1428	0.000000	5.600000	4.310000	1.470000	0.610000	54.000000	58.000000	6	0.781250	-5.468750	0.800000	0.000000	5.480000	4.080000	-2.343750	-2.343750	0.010000	0	0	0	
1303000	1526	0.000000	5.730000	4.370000	1.440000	0.650000	54.000000	58.000000	6	0.781250	-5.468750	0.800000	0.000000	5.700000	4.310000	-2.343750	-2.343750	0.010000	0	0	0	
1303281	1641	0.000000	5.750000	4.400000	1.470000	0.650000	53.000000	58.000000	6	0.781250	3.125000	0.080000	0.000000	5.810000	4.260000	-2.343750	-0.781250	0.025000	0	0	0	
1303531	1750	0.000000	6.670000	4.950000	1.420000	0.700000	54.000000	58.000000	6	0.781250	3.125000	0.080000	0.000000	6.060000	4.430000	-2.343750	-0.781250	0.025000	0	0	0	
1303781	1878	0.000000	6.500000	4.760000	1.430000	0.710000	54.000000	58.000000	6	0.781250	3.125000	0.080000	0.000000	6.230000	4.530000	-2.343750	-0.781250	0.025000	0	0	0	
1304047	2023	0.000000	6.100000	4.360000	1.420000	0.700000	53.000000	58.000000	6	0.781250	3.125000	0.080000	0.000000	5.910000	4.230000	-2.343750	-0.781250	0.025000	0	0	0	
1304281	1984	0.000000	3.720000	2.820000	1.510000	0.480000	54.000000	58.000000	6	0.781250	-0.781250	0.690000	0.000000	4.130000	2.660000	-2.343750	-3.125000	0.045000	0	0	0	
1304547	1957	0.000000	2.890000	2.190000	1.510000	0.330000	54.000000	58.000000	6	0.781250	-0.781250	0.690000	0.000000	3.040000	2.290000	-2.343750	-3.125000	0.045000	0	0	0	
1304797	1893	0.000000	2.580000	1.970000	1.550000	0.270000	54.000000	58.000000	6	0.781250	-0.781250	0.690000	0.000000	2.600000	1.990000	-2.343750	-3.125000	0.045000	0	0	0	
1305219	1552	0.000000	2.520000	1.950000	1.500000	0.290000	53.000000	58.000000	6	0.781250	-0.781250	0.690000	0.000000	2.570000	1.970000	-2.343750	-3.125000	0.045000	0	0	0	
1305453	1160	0.000000	4.080000	3.000000	1.470000	0.380000	54.000000	58.000000	6	0.781250	0.000000	0.045000	0.000000	4.030000	2.980000	-2.343750	0.000000	0.000000	0	0	0	
1305703	1165	0.000000	4.230000	3.110000	1.460000	0.410000	54.000000	58.000000	6	0.781250	0.000000	0.045000	0.000000	4.130000	3.060000	-2.343750	0.000000	0.000000	0	0	0	
1305984	1244	0.000000	4.390000	3.240000	1.480000	0.430000	53.000000	58.000000	6	0.781250	0.000000	0.045000	0.000000	4.290000	3.190000	-2.343750	0.000000	0.000000	0	0	0	
1306234	1234	0.000000	4.520000	3.300000	1.460000	0.430000	54.000000	58.000000	6	0.781250	0.000000	0.045000	0.000000	4.480000	3.290000	-2.343750	0.000000	0.000000	0	0	0	
1306484	1208	0.000000	4.410000	3.270000	1.480000	0.420000	54.000000	58.000000	6	0.781250	0.000000	0.030000	0.000000	4.300000	3.220000	-2.343750	0.000000	0.010000	0	0	0	
1306766	1220	0.000000	4.300000	3.210000	1.470000	0.410000	54.000000	58.000000	6	0.781250	0.000000	0.030000	0.000000	4.220000	3.160000	-2.343750	0.000000	0.010000	0	0	0	
1306984	1224	0.000000	4.250000	3.110000	1.480000	0.410000	54.000000	58.000000	6	0.781250	0.000000	0.030000	0.000000	4.180000	3.070000	-2.343750	0.000000	0.010000	0	0	0	
1307266	1218	0.000000	4.310000	3.120000	1.480000	0.410000	54.000000	58.000000	6	0.781250	0.000000	0.030000	0.000000	4.000000	3.030000	-2.343750	0.000000	0.010000	0	0	0	
1307516	1220	0.000000	4.240000	3.090000	1.480000	0.400000	54.000000	58.000000	6	0.781250	0.000000	0.770000	0.000000	4.000000	2.940000	-2.343750	0.000000	0.800000	0	0	0	
1307781	1224	0.000000	3.780000	2.740000	1.490000	0.360000	54.000000	58.000000	6	0.781250	1.562500	0.770000	0.000000	3.760000	2.660000	-2.343750	1.562500	0.800000	0	0	0	
1308031	1219	0.000000	3.100000	2.320000	1.510000	0.310000	53.000000	58.000000	6	0.781250	1.562500	0.770000	0.000000	3.010000	2.260000	-2.343750	1.562500	0.800000	0	0	0	
1308297	1201	0.000000	2.670000	2.000000	1.510000	0.280000	54.000000	58.000000	6	0.781250	1.562500	0.770000	0.000000	2.660000	1.980000	-2.343750	1.562500	0.800000	0	0	0	
1308563	1162	0.000000	2.440000	1.850000	1.510000	0.260000	53.000000	58.000000	6	0.781250	1.562500	0.845000	0.000000	2.430000	1.850000	-2.343750	1.562500	0.800000	0	0	0	
1308797	1155	0.000000	2.350000	1.760000	1.520000	0.250000	54.000000	58.000000	6	0.781250	-3.125000	0.845000	0.000000	2.380000	1.790000	-2.343750	-2.343750	0.800000	0	0	0	
1309078	1147	0.000000	2.280000	1.700000	1.510000	0.250000	54.000000	58.000000	6	0.781250	-3.125000	0.845000	0.000000	2.320000	1.750000	-2.343750	-2.343750	0.800000	0	0	0	
1309359	1116	0.000000	2.250000	1.680000	1.510000	0.250000	54.000000	58.000000	6	0.781250	-3.125000	0.845000	0.000000	2.300000	1.730000	-2.343750	-2.343750	0.800000	0	0	0	
1309594	1106	0.000000	2.240000	1.670000	1.510000	0.250000	54.000000	58.000000	6	0.781250	-3.125000	0.845000	0.000000	2.290000	1.730000	-2.343750	-2.343750	0.800000	0	0	0	
1309875	1070	0.000000	2.280000	1.720000	1.500000	0.250000	53.000000	58.000000	6	0.781250	0.000000	0.710000	0.000000	2.330000	1.780000	-2.343750	1.562500	0.015000	0	0	0	
1310125	1050	0.000000	2.300000	1.750000	1.500000	0.250000	54.000000	58.000000	6	0.781250	0.000000	0.710000	0.000000	2.320000	1.770000	-2.343750	1.562500	0.015000	0	0	0	
1310563	1012	0.000000	2.520000	1.980000	1.490000	0.280000	53.000000	58.000000	6	0.781250	0.000000	0.710000	0.000000	2.600000	2.060000	-2.343750	1.562500	0.015000	0	0	0	
1310813	958	0.000000	2.790000	2.230000	1.480000	0.310000	54.000000	58.000000	6	0.781250	7.031250	0.065000	0.000000	2.780000	2.240000	-2.343750	7.031250	0.020000	0	0	0	
1311094	881	0.000000	2.860000	2.310000	1.500000	0.310000	54.000000	58.000000	6	0.781250	7.031250	0.065000	0.000000	2.850000	2.300000	-2.343750	7.031250	0.020000	0	0	0	
1311313	835	0.000000	2.820000	2.320000	1.510000	0.310000	54.000000	58.000000	6	0.781250	7.031250	0.065000	0.000000	2.890000	2.400000	-2.343750	7.031250	0.020000	0	0	0	
1311563	754	0.000000	2.870000	2.360000	1.490000	0.330000	53.000000	58.000000	6	0.781250	7.031250	0.065000	0.000000	2.970000	2.470000	-2.343750	7.031250	0.020000	0	0	0	
1311828	715	0.000000	3.280000	2.690000	1.490000	0.350000	54.000000	58.000000	6	0.781250	7.031250	0.065000	0.000000	3.340000	2.730000	-2.343750	7.031250	0.020000	0	0	0	
1312047	713	0.000000	3.460000	2.840000	1.480000	0.360000	54.000000	58.000000	6	0.781250	8.593750	0.060000	0.000000	3.540000	2.920000	-2.343750	10.156250	0.025000	0	0	0	
1312313	762	0.000000	3.670000	2.950000	1.480000	0.380000	54.000000	58.000000	6	0.781250	8.593750	0.060000	0.000000	3.860000	3.050000	-2.343750	10.156250	0.025000	0	0	0	
1312563	832	0.000000	4.020000	3.040000	1.480000	0.380000	53.000000	58.000000	6	0.781250	8.593750	0.060000	0.000000	4.000000	3.020000	-2.343750	10.156250	0.025000	0	0	0	
1312797	920	0.000000	4.460000	3.180000	1.460000	0.410000	53.000000	58.000000	6	0.781250	8.593750	0.060000	0.000000	3.980000	2.980000	-2.343750	10.156250	0.025000	0	0	0	
1313063	1092	0.000000	4.870000	3.460000	1.450000	0.440000	54.000000	58.000000	6	0.781250	4.687500	0.065000	0.000000	4.860000	3.490000	-2.343750	6.250000	0.025000	0	0	0	
1313313	1059	0.000000	4.750000	3.370000	1.470000	0.470000	53.000000	58.000000	6	0.781250	4.687500	0.065000	0.000000	4.640000	3.290000	-2.343750	6.250000	0.025000	0	0	0	
1313563	1116	0.000000	4.680000	3.340000	1.480000	0.500000	54.000000	58.000000	6	0.781250	4.687500	0.065000	0.000000	4.580000	3.250000	-2.343750	6.250000	0.025000	0	0	0	
1313828	1088	0.000000	4.620000	3.280000	1.480000	0.500000	53.000000	58.000000	6	0.781250	4.687500	0.065000	0.000000	4.640000	3.300000	-2.343750	6.250000	0.025000	0	0	0	
1314063	1164	0.000000	4.670000	3.340000	1.470000	0.510000	54.000000	58.000000	6	0.781250	-2.343750	0.610000	0.000000	4.230000	3.140000	-2.343750	-3.906250	0.345000	0	0	0	
1314297	1159	0.000000	4.630000	3.360000	1.490000	0.510000	54.000000	58.000000	6	0.781250	-2.343750	0.610000	0.000000	4.430000	3.160000	-2.343750	-3.906250	0.345000	0	0	0	
1314547	1225	0.000000	4.380000	3.250000	1.480000	0.490000	54.000000	58.000000	6	0.781250	-2.343750	0.610000	0.000000	4.270000	3.200000	-2.343750	-3.906250	0.345000	0	0	0	
1314797	1262	0.000000	4.410000	3.250000	1.470000	0.480000	54.000000	58.000000	6	0.781250	-2.343750	0.610000	0.000000	4.300000	3.130000	-2.343750	-3.906250	0.345000	0	0	0	
1315078	1268	0.000000	4.260000	3.210000	1.480000	0.470000	53.000000	58.000000	6	0.781250	0.000000	0.705000	0.000000	4.010000	3.040000	-2.343750	-1.562500	0.065000	0	0	0	
1315328	1333	0.000000	4.250000	3.190000	1.480000	0.460000	53.000000	58.000000	6	0.781250	0.000000	0.705000	0.000000	4.140000	3.160000	-2.343750	-1.562500	0.065000	0	0	0	
1315750	1314	0.000000	4.400000	3.270000	1.470000	0.440000	53.000000	58.000000	6	0.781250	0.000000	0.705000	0.000000	4.140000	3.100000	-2.343750	-1.562500	0.065000	0	0	0	
1316016	1324	0.000000	4.130000	3.120000	1.500000	0.430000	54.000000	58.000000	6	0.781250	0.000000	0.705000	0.000000	4.040000	3.110000	-2.343750	-1.562500	0.065000	0	0	0	
1316266	1319	0.000000	3.770000	2.930000	1.490000	0.400000	53.000000	58.000000	6	0.781250	7.031250	0.070000	0.000000	4.000000	2.880000	-2.343750	5.468750	0.030000	0	0	0	
1316547	1294	0.000000	3.640000	2.500000	1.510000	0.340000	54.000000	58.000000	6	0.781250	7.031250	0.070000	0.000000	3.440000	2.570000	-2.343750	5.468750	0.030000	0	0	0	
1316797	1261	0.000000	2.890000	2.110000	1.500000	0.300000	54.000000	58.000000	6	0.781250	7.031250	0.070000	0.000000	2.910000	2.120000	-2.343750	5.468750	0.030000	0	0	0	
1317063	1232	0.000000	2.630000	1.970000	1.500000	0.290000	53.000000	58.000000	6	0.781250	7.031250	0.070000	0.000000	2.670000	1.990000	-2.343750	5.468750	0.030000	0	0	0	
1317328	1161	0.000000	2.630000	2.020000	1.490000	0.300000	54.000000	58.000000	6	0.781250	-0.781250	0.800000	0.000000	2.620000	2.020000	-2.343750	0.000000	0.765000	0	0	0	
1317578	1137	0.000000	2.690000	2.110000	1.500000	0.310000	53.000000	58.000000	6	0.781250	-0.781250	0.800000	0.000000	2.860000	2.160000	-2.343750	0.000000	0.765000	0	0	0	
1317828	1138	0.000000	3.120000	2.390000	1.470000	0.370000	54.000000	58.000000	6	0.781250	-0.781250	0.800000	0.000000	3.330000	2.490000	-2.343750	0.000000	0.765000	0	0	0	
1318094	1083	0.000000	4.490000	3.180000	1.480000	0.440000	53.000000	58.000000	6	0.781250	-0.781250	0.800000	0.000000	4.460000	3.160000	-2.343750	0.000000	0.765000	0	0	0	
1318359	1073	0.000000	4.660000	3.330000	1.490000	0.490000	54.000000	58.000000	6	0.781250	0.000000	0.770000	0.000000	4.590000	3.270000	-2.343750	0.000000	0.040000	0	0	0	
1318641	1093	0.000000	4.550000	3.240000	1.490000	0.490000	54.000000	58.000000	6	0.781250	0.000000	0.770000	0.000000	4.550000	3.250000	-2.343750	1.562500	0.040000	0	0	0	
1318891	1095	0.000000	4.620000	3.310000	1.480000	0.500000	54.000000	58.000000	6	0.781250	0.000000	0.770000	0.000000	4.300000	3.140000	-2.343750	1.562500	0.040000	0	0	0	
1319156	1090	0.000000	4.670000	3.310000	1.480000	0.500000	54.000000	58.000000	6	0.781250	0.000000	0.770000	0.000000	4.290000	3.120000	-2.343750	1.562500	0.040000	0	0	0	
1319422	1106	0.000000	4.430000	3.150000	1.500000	0.490000	53.000000	59.000000	6	0.781250	0.000000	0.760000	0.000000	4.250000	3.130000	-2.343750	1.562500	0.685000	0	0	0	
1319688	1101	0.000000	4.290000	3.130000	1.480000	0.500000	53.000000	58.000000	6	0.781250	-6.250000	0.760000	0.000000	4.030000	2.960000	-2.343750	-8.593750	0.685000	0	0	0	
1319953	1157	0.000000	4.450000	3.170000	1.490000	0.490000	54.000000	59.000000	6	0.781250	-6.250000	0.760000	0.000000	4.120000	3.070000	-2.343750	-8.593750	0.685000	0	0	0	
1320219	1134	0.000000	4.200000	3.080000	1.480000	0.500000	53.000000	59.000000	6	0.781250	-6.250000	0.760000	0.000000	4.200000	3.080000	-2.343750	-8.593750	0.685000	0	0	0	
1320484	1171	0.000000	4.520000	3.220000	1.480000	0.490000	53.000000	59.000000	6	0.781250	-6.250000	0.760000	0.000000	4.130000	3.070000	-2.343750	-8.593750	0.685000	0	0	0	
1320734	1147	0.000000	4.430000	3.160000	1.480000	0.480000	53.000000	59.000000	6	0.781250	-2.343750	0.730000	0.000000	4.100000	3.030000	-2.343750	-2.343750	0.035000	0	0	0	
1321156	1144	0.000000	4.040000	3.020000	1.470000	0.470000	53.000000	59.000000	6	0.781250	-2.343750	0.730000	0.000000	4.140000	3.070000	-2.343750	-2.343750	0.035000	0	0	0	
1321422	1180	0.000000	4.420000	3.160000	1.500000	0.470000	53.000000	59.000000	6	0.781250	-2.343750	0.730000	0.000000	4.000000	3.010000	-2.343750	-2.343750	0.035000	0	0	0	
1321688	1176	0.000000	4.170000	3.120000	1.490000	0.470000	54.000000	59.000000	6	0.781250	2.343750	0.090000	0.000000	4.110000	3.080000	-2.343750	-2.343750	0.035000	0	0	0	
1321953	1199	0.000000	4.360000	3.150000	1.490000	0.470000	53.000000	59.000000	6	0.781250	2.343750	0.090000	0.000000	4.250000	3.100000	-2.343750	0.000000	0.035000	0	0	0	
1322219	1227	0.000000	4.330000	3.220000	1.460000	0.460000	54.000000	59.000000	6	0.781250	2.343750	0.090000	0.000000	4.000000	3.010000	-2.343750	0.000000	0.035000	0	0	0	
1322500	1232	0.000000	4.320000	3.150000	1.500000	0.460000	54.000000	59.000000	6	0.781250	2.343750	0.090000	0.000000	4.210000	3.050000	-2.343750	0.000000	0.035000	0	0	0	
1322750	1249	0.000000	4.190000	3.100000	1.480000	0.460000	54.000000	59.000000	6	0.781250	3.125000	0.705000	0.000000	4.000000	3.040000	-2.343750	0.781250	0.070000	0	0	0	
1323016	1276	0.000000	4.270000	3.150000	1.480000	0.460000	53.000000	59.000000	6	0.781250	3.125000	0.705000	0.000000	3.840000	2.990000	-2.343750	0.781250	0.070000	0	0	0	
1323266	1288	0.000000	4.010000	3.010000	1.470000	0.460000	54.000000	59.000000	6	0.781250	3.125000	0.705000	0.000000	3.980000	2.990000	-2.343750	0.781250	0.070000	0	0	0	
1323484	1325	0.000000	3.950000	3.010000	1.470000	0.460000	53.000000	59.000000	6	0.781250	3.125000	0.705000	0.000000	3.810000	2.950000	-2.343750	0.781250	0.070000	0	0	0	
1323766	1345	0.000000	3.930000	3.040000	1.480000	0.440000	54.000000	59.000000	6	0.781250	3.125000	0.705000	0.000000	3.670000	2.800000	-2.343750	0.781250	0.090000	0	0	0	
1324016	1350	0.000000	3.480000	2.540000	1.500000	0.360000	53.000000	59.000000	6	0.781250	5.468750	0.705000	0.000000	3.420000	2.400000	-2.343750	0.781250	0.090000	0	0	0	
1324250	1355	0.000000	2.810000	2.050000	1.500000	0.330000	53.000000	59.000000	6	0.781250	5.468750	0.705000	0.000000	2.670000	1.960000	-2.343750	0.781250	0.090000	0	0	0	
1324531	1328	0.000000	2.620000	1.940000	1.500000	0.320000	54.000000	59.000000	6	0.781250	5.468750	0.705000	0.000000	2.490000	1.820000	-2.343750	0.781250	0.090000	0	0	0	
1324813	1311	0.000000	2.540000	1.880000	1.510000	0.310000	54.000000	59.000000	6	0.781250	5.468750	0.705000	0.000000	2.540000	1.890000	-2.343750	0.781250	0.090000	0	0	0	
1325047	1295	0.000000	2.530000	1.870000	1.510000	0.320000	53.000000	59.000000	6	0.781250	-3.125000	0.800000	0.000000	2.620000	1.940000	-2.343750	-0.781250	0.715000	0	0	0	
1325328	1276	0.000000	2.560000	1.910000	1.500000	0.310000	53.000000	59.000000	6	0.781250	-3.125000	0.800000	0.000000	2.640000	1.980000	-2.343750	-0.781250	0.715000	0	0	0	
1325563	1257	0.000000	2.420000	1.790000	1.500000	0.300000	53.000000	59.000000	6	0.781250	-3.125000	0.800000	0.000000	2.490000	1.860000	-2.343750	-0.781250	0.715000	0	0	0	
1325844	1198	0.000000	2.320000	1.740000	1.520000	0.280000	53.000000	59.000000	6	0.781250	-3.125000	0.800000	0.000000	2.430000	1.850000	-2.343750	-0.781250	0.715000	0	0	0	
1326125	1186	0.000000	2.330000	1.740000	1.520000	0.270000	53.000000	59.000000	6	0.781250	0.000000	0.595000	0.000000	2.440000	1.830000	-2.343750	5.468750	0.025000	0	0	0	
1326547	1132	0.000000	2.330000	1.760000	1.500000	0.270000	54.000000	59.000000	6	0.781250	0.000000	0.595000	0.000000	2.420000	1.840000	-2.343750	5.468750	0.025000	0	0	0	
1326797	1075	0.000000	2.400000	1.860000	1.520000	0.270000	53.000000	59.000000	6	0.781250	0.000000	0.595000	0.000000	2.430000	1.890000	-2.343750	5.468750	0.025000	0	0	0	
1327063	1042	0.000000	2.400000	1.860000	1.520000	0.270000	53.000000	59.000000	6	0.781250	0.000000	0.065000	0.000000	2.420000	1.880000	-2.343750	5.468750	0.025000	0	0	0	
1327328	1006	0.000000	2.470000	1.940000	1.510000	0.280000	53.000000	59.000000	6	0.781250	7.812500	0.065000	0.000000	2.500000	1.980000	-2.343750	7.812500	0.025000	0	0	0	
1327625	995	0.000000	2.550000	2.020000	1.500000	0.280000	53.000000	59.000000	6	0.781250	7.812500	0.065000	0.000000	2.510000	1.980000	-2.343750	7.812500	0.025000	0	0	0	
1327891	937	0.000000	2.620000	2.080000	1.500000	0.290000	53.000000	59.000000	6	0.781250	7.812500	0.065000	0.000000	2.570000	2.040000	-2.343750	7.812500	0.025000	0	0	0	
1328188	914	0.000000	2.660000	2.110000	1.500000	0.300000	53.000000	59.000000	6	0.781250	10.937500	0.065000	0.000000	2.680000	2.140000	-2.343750	8.593750	0.035000	0	0	0	
1328484	887	0.000000	2.690000	2.150000	1.500000	0.310000	53.000000	59.000000	6	0.781250	10.937500	0.065000	0.000000	2.680000	2.130000	-2.343750	8.593750	0.035000	0	0	0	
1328766	849	0.000000	2.870000	2.360000	1.490000	0.330000	53.000000	59.000000	6	0.781250	10.937500	0.065000	0.000000	2.790000	2.260000	-2.343750	8.593750	0.035000	0	0	0	
1329000	824	0.000000	2.950000	2.450000	1.490000	0.340000	53.000000	59.000000	6	0.781250	10.937500	0.065000	0.000000	3.000000	2.490000	-2.343750	8.593750	0.035000	0	0	0	
1329250	813	0.000000	3.430000	2.680000	1.500000	0.360000	53.000000	59.000000	6	0.781250	10.937500	0.065000	0.000000	3.140000	2.620000	-2.343750	8.593750	0.035000	0	0	0	
1329531	781	0.000000	3.480000	2.760000	1.490000	0.380000	53.000000	59.000000	6	0.781250	7.031250	0.090000	0.000000	3.430000	2.700000	-2.343750	3.906250	0.045000	0	0	0	
1329781	774	0.000000	3.580000	2.800000	1.490000	0.390000	53.000000	59.000000	6	0.781250	7.031250	0.090000	0.000000	3.560000	2.800000	-2.343750	3.906250	0.045000	0	0	0	
1330047	764	0.000000	3.620000	2.890000	1.470000	0.420000	53.000000	59.000000	6	0.781250	7.031250	0.090000	0.000000	3.600000	2.860000	-2.343750	3.906250	0.045000	0	0	0	
1330297	763	0.000000	3.930000	3.030000	1.500000	0.430000	53.000000	59.000000	6	0.781250	7.031250	0.090000	0.000000	3.690000	2.940000	-2.343750	3.906250	0.045000	0	0	0	
1330547	765	0.000000	3.580000	2.880000	1.490000	0.440000	53.000000	59.000000	6	0.781250	0.000000	0.740000	0.000000	3.630000	2.930000	-2.343750	-0.781250	0.050000	0	0	0	
1330797	770	0.000000	3.640000	2.890000	1.490000	0.440000	53.000000	59.000000	6	0.781250	0.000000	0.740000	0.000000	3.630000	2.900000	-2.343750	-0.781250	0.050000	0	0	0	
1331047	786	0.000000	3.720000	2.950000	1.490000	0.440000	53.000000	59.000000	6	0.781250	0.000000	0.740000	0.000000	3.620000	2.890000	-2.343750	-0.781250	0.050000	0	0	0	
1331281	793	0.000000	3.590000	2.800000	1.500000	0.430000	53.000000	59.000000	6	0.781250	0.000000	0.740000	0.000000	3.700000	2.910000	-2.343750	-0.781250	0.050000	0	0	0	
1331531	827	0.000000	3.600000	2.770000	1.490000	0.430000	53.000000	59.000000	6	0.781250	-4.687500	0.795000	0.000000	3.690000	2.880000	-2.343750	-2.343750	0.050000	0	0	0	
1331953	838	0.000000	3.620000	2.780000	1.490000	0.440000	53.000000	59.000000	6	0.781250	-4.687500	0.795000	0.000000	3.630000	2.790000	-2.343750	-2.343750	0.050000	0	0	0	
1332219	840	0.000000	3.510000	2.690000	1.490000	0.440000	53.000000	59.000000	6	0.781250	-4.687500	0.795000	0.000000	3.620000	2.780000	-2.343750	-2.343750	0.050000	0	0	0	
1332516	848	0.000000	2.890000	2.390000	1.500000	0.400000	53.000000	59.000000	6	0.781250	-9.375000	0.805000	0.000000	3.040000	2.530000	-2.343750	-2.343750	0.060000	0	0	0	
1332797	823	0.000000	2.830000	2.310000	1.500000	0.380000	53.000000	59.000000	6	0.781250	-9.375000	0.805000	0.000000	2.860000	2.340000	-2.343750	-5.468750	0.060000	0	0	0	
1333031	818	0.000000	2.750000	2.230000	1.500000	0.370000	53.000000	59.000000	6	0.781250	-9.375000	0.805000	0.000000	2.830000	2.330000	-2.343750	-5.468750	0.060000	0	0	0	
1333297	816	0.000000	2.720000	2.210000	1.500000	0.350000	53.000000	59.000000	6	0.781250	-9.375000	0.805000	0.000000	2.780000	2.250000	-2.343750	-5.468750	0.060000	0	0	0	
1333531	756	0.000000	2.820000	2.390000	1.500000	0.380000	53.000000	59.000000	6	0.781250	-9.375000	0.805000	0.000000	2.860000	2.350000	-2.343750	-5.468750	0.060000	0	0	0	
1333781	760	0.000000	2.880000	2.370000	1.500000	0.370000	53.000000	59.000000	6	0.781250	-3.906250	0.795000	0.000000	2.990000	2.480000	-2.343750	0.000000	0.065000	0	0	0	
1334047	750	0.000000	3.060000	2.540000	1.480000	0.390000	53.000000	59.000000	6	0.781250	-3.906250	0.795000	0.000000	3.190000	2.640000	-2.343750	0.000000	0.065000	0	0	0	
1334297	734	0.000000	3.420000	2.790000	1.490000	0.420000	53.000000	59.000000	6	0.781250	-3.906250	0.795000	0.000000	3.510000	2.850000	-2.343750	0.000000	0.065000	0	0	0	
1334547	700	0.000000	3.590000	2.950000	1.490000	0.430000	53.000000	59.000000	6	0.781250	-3.906250	0.795000	0.000000	3.720000	3.010000	-2.343750	0.000000	0.065000	0	0	0	
1334813	689	0.000000	3.930000	3.130000	1.480000	0.480000	53.000000	59.000000	6	0.781250	2.343750	0.730000	0.000000	4.410000	3.350000	-2.343750	4.687500	0.065000	0	0	0	
1335047	665	0.000000	4.810000	3.740000	1.500000	0.560000	52.000000	59.000000	6	0.781250	2.343750	0.730000	0.000000	4.860000	3.810000	-2.343750	4.687500	0.065000	0	0	0	
1335313	657	0.000000	5.520000	4.180000	1.490000	0.590000	53.000000	59.000000	6	0.781250	2.343750	0.730000	0.000000	5.570000	4.350000	-2.343750	4.687500	0.065000	0	0	0	
1335547	737	0.000000	5.610000	4.380000	1.490000	0.600000	53.000000	59.000000	6	0.781250	2.343750	0.730000	0.000000	5.590000	4.400000	-2.343750	4.687500	0.065000	0	0	0	
1335813	881	0.000000	5.140000	3.970000	1.490000	0.540000	53.000000	59.000000	6	0.781250	-3.125000	0.655000	0.000000	4.970000	3.780000	-2.343750	4.687500	0.085000	0	0	0	
1336078	1080	0.000000	3.700000	2.770000	1.490000	0.460000	53.000000	59.000000	6	0.781250	-3.125000	0.655000	0.000000	4.260000	3.040000	-2.343750	0.781250	0.085000	0	0	0	
1336313	1136	0.000000	3.390000	2.530000	1.500000	0.420000	53.000000	59.000000	6	0.781250	-3.125000	0.655000	0.000000	3.360000	2.650000	-2.343750	0.781250	0.085000	0	0	0	
1336563	1169	0.000000	3.150000	2.400000	1.500000	0.390000	52.000000	59.000000	6	0.781250	-3.125000	0.655000	0.000000	3.170000	2.410000	-2.343750	0.781250	0.085000	0	0	0	
1336828	1166	0.000000	2.990000	2.250000	1.500000	0.370000	53.000000	59.000000	6	0.781250	-3.125000	0.655000	0.000000	3.130000	2.380000	-2.343750	0.781250	0.085000	0	0	0	
1337250	1161	0.000000	2.930000	2.190000	1.500000	0.340000	52.000000	59.000000	6	0.781250	-4.687500	0.775000	0.000000	2.970000	2.230000	-2.343750	0.781250	0.445000	0	0	0	
1337500	1116	0.000000	2.830000	2.160000	1.500000	0.340000	53.000000	59.000000	6	0.781250	-4.687500	0.775000	0.000000	2.860000	2.200000	-2.343750	0.781250	0.445000	0	0	0	
1337750	1076	0.000000	2.800000	2.170000	1.510000	0.340000	53.000000	59.000000	6	0.781250	-4.687500	0.775000	0.000000	2.890000	2.260000	-2.343750	0.781250	0.445000	0	0	0	
1338016	1013	0.000000	2.660000	2.140000	1.500000	0.340000	53.000000	60.000000	6	0.781250	-4.687500	0.775000	0.000000	2.740000	2.200000	-2.343750	0.781250	0.445000	0	0	0	
1338281	879	0.000000	2.810000	2.280000	1.500000	0.340000	53.000000	60.000000	6	0.781250	2.343750	0.085000	0.000000	2.850000	2.310000	-2.343750	3.906250	0.045000	0	0	0	
1338547	748	0.000000	2.830000	2.330000	1.490000	0.350000	52.000000	60.000000	6	0.781250	2.343750	0.085000	0.000000	2.920000	2.420000	-2.343750	3.906250	0.045000	0	0	0	
1338797	709	0.000000	2.970000	2.480000	1.490000	0.360000	53.000000	60.000000	6	0.781250	2.343750	0.085000	0.000000	3.090000	2.570000	-2.343750	3.906250	0.045000	0	0	0	
1339047	657	0.000000	3.160000	2.630000	1.500000	0.370000	52.000000	60.000000	6	0.781250	2.343750	0.085000	0.000000	3.180000	2.640000	-2.343750	3.906250	0.045000	0	0	0	
1339328	632	0.000000	3.320000	2.750000	1.490000	0.380000	53.000000	60.000000	6	0.781250	7.031250	0.080000	0.000000	3.370000	2.800000	-2.343750	7.031250	0.045000	0	0	0	
1339578	622	0.000000	3.310000	2.730000	1.510000	0.380000	52.000000	60.000000	6	0.781250	7.031250	0.080000	0.000000	3.410000	2.810000	-2.343750	7.031250	0.045000	0	0	0	
1339844	604	0.000000	3.420000	2.820000	1.490000	0.390000	53.000000	60.000000	6	0.781250	7.031250	0.080000	0.000000	3.410000	2.810000	-2.343750	7.031250	0.045000	0	0	0	
1340109	598	0.000000	3.490000	2.900000	1.490000	0.410000	53.000000	60.000000	6	0.781250	7.031250	0.080000	0.000000	3.470000	2.860000	-2.343750	7.031250	0.045000	0	0	0	
1340375	590	0.000000	3.570000	2.950000	1.500000	0.410000	53.000000	60.000000	6	0.781250	5.468750	0.080000	0.000000	3.630000	2.990000	-2.343750	3.906250	0.045000	0	0	0	
1340609	584	0.000000	3.690000	3.020000	1.490000	0.430000	53.000000	60.000000	6	0.781250	5.468750	0.080000	0.000000	3.580000	2.950000	-2.343750	3.906250	0.045000	0	0	0	
1340859	591	0.000000	4.740000	3.610000	1.470000	0.560000	53.000000	60.000000	6	0.781250	5.468750	0.080000	0.000000	4.840000	3.740000	-2.343750	3.906250	0.045000	0	0	0	
1341094	683	0.000000	5.650000	4.570000	1.490000	0.580000	53.000000	60.000000	6	0.781250	5.468750	0.080000	0.000000	5.590000	4.360000	-2.343750	3.906250	0.045000	0	0	0	
1341344	960	0.000000	5.900000	4.370000	1.490000	0.570000	53.000000	60.000000	6	0.781250	3.906250	0.085000	0.000000	5.670000	4.310000	-2.343750	1.562500	0.050000	0	0	0	
1341641	1185	0.000000	5.700000	4.100000	1.460000	0.570000	53.000000	60.000000	6	0.781250	3.906250	0.085000	0.000000	5.690000	4.090000	-2.343750	1.562500	0.050000	0	0	0	
1341875	1173	0.000000	5.670000	4.140000	1.470000	0.620000	53.000000	60.000000	6	0.781250	3.906250	0.085000	0.000000	5.630000	4.030000	-2.343750	1.562500	0.050000	0	0	0	
1342125	1112	0.000000	5.960000	4.600000	1.460000	0.710000	52.000000	60.000000	6	0.781250	3.906250	0.085000	0.000000	5.880000	4.510000	-2.343750	1.562500	0.050000	0	0	0	
1342578	1094	0.000000	6.340000	5.020000	1.490000	0.680000	52.000000	60.000000	6	0.781250	-2.343750	0.760000	0.000000	6.090000	4.850000	-2.343750	-3.906250	0.610000	0	0	0	
1342828	902	0.000000	5.760000	4.220000	1.510000	0.550000	52.000000	60.000000	6	0.781250	-2.343750	0.760000	0.000000	5.110000	3.920000	-2.343750	-3.906250	0.610000	0	0	0	
1343078	1008	0.000000	4.510000	3.240000	1.500000	0.450000	53.000000	60.000000	6	0.781250	-2.343750	0.760000	0.000000	4.470000	3.220000	-2.343750	-3.906250	0.610000	0	0	0	
1343344	1039	0.000000	3.040000	2.440000	1.510000	0.390000	52.000000	60.000000	6	0.781250	-2.343750	0.760000	0.000000	3.490000	2.640000	-2.343750	-3.906250	0.610000	0	0	0	
1343578	997	0.000000	2.840000	2.300000	1.500000	0.370000	52.000000	60.000000	6	0.781250	-11.718750	0.755000	0.000000	2.870000	2.310000	-2.343750	-9.375000	0.255000	0	0	0	
1343828	876	0.000000	2.860000	2.320000	1.500000	0.370000	53.000000	60.000000	6	0.781250	-11.718750	0.755000	0.000000	2.920000	2.380000	-2.343750	-9.375000	0.255000	0	0	0	
1344063	829	0.000000	2.900000	2.400000	1.500000	0.370000	52.000000	60.000000	6	0.781250	-11.718750	0.755000	0.000000	3.050000	2.530000	-2.343750	-9.375000	0.255000	0	0	0	
1344297	764	0.000000	3.110000	2.600000	1.500000	0.360000	52.000000	60.000000	6	0.781250	-11.718750	0.755000	0.000000	3.100000	2.580000	-2.343750	-9.375000	0.255000	0	0	0	
1344578	750	0.000000	3.180000	2.640000	1.490000	0.360000	52.000000	60.000000	6	0.781250	0.781250	0.780000	0.000000	3.320000	2.680000	-2.343750	3.906250	0.635000	0	0	0	
1344797	752	0.000000	3.080000	2.580000	1.500000	0.350000	52.000000	60.000000	6	0.781250	0.781250	0.780000	0.000000	3.290000	2.650000	-2.343750	3.906250	0.635000	0	0	0	
1345047	754	0.000000	3.100000	2.580000	1.500000	0.340000	52.000000	60.000000	6	0.781250	0.781250	0.780000	0.000000	3.090000	2.570000	-2.343750	3.906250	0.635000	0	0	0	
1345313	746	0.000000	3.710000	2.960000	1.460000	0.410000	53.000000	60.000000	6	0.781250	0.781250	0.780000	0.000000	3.930000	3.130000	-2.343750	3.906250	0.635000	0	0	0	
1345578	720	0.000000	5.040000	3.970000	1.460000	0.530000	53.000000	60.000000	6	0.781250	0.781250	0.700000	0.000000	5.610000	4.180000	-2.343750	3.906250	0.620000	0	0	0	
1345844	868	0.000000	5.720000	4.520000	1.470000	0.530000	53.000000	60.000000	6	0.781250	8.593750	0.700000	0.000000	5.660000	4.300000	-2.343750	7.812500	0.620000	0	0	0	
1346094	967	0.000000	5.860000	4.300000	1.480000	0.550000	52.000000	60.000000	6	0.781250	8.593750	0.700000	0.000000	5.200000	3.980000	-2.343750	7.812500	0.620000	0	0	0	
1346375	884	0.000000	5.650000	4.030000	1.490000	0.570000	52.000000	60.000000	6	0.781250	8.593750	0.700000	0.000000	5.180000	4.000000	-2.343750	7.812500	0.620000	0	0	0	
1346625	826	0.000000	5.690000	4.360000	1.490000	0.590000	52.000000	60.000000	6	0.781250	8.593750	0.700000	0.000000	5.620000	4.180000	-2.343750	7.812500	0.620000	0	0	0	
1346875	713	0.000000	5.640000	4.370000	1.480000	0.610000	53.000000	60.000000	6	0.781250	-5.468750	0.535000	0.000000	5.570000	4.200000	-2.343750	-4.687500	0.585000	0	0	0	
1347156	649	0.000000	5.800000	4.840000	1.470000	0.710000	52.000000	60.000000	6	0.781250	-5.468750	0.535000	0.000000	6.180000	5.110000	-2.343750	-4.687500	0.585000	0	0	0	
1347391	548	0.000000	7.080000	5.750000	1.520000	0.720000	52.000000	60.000000	6	0.781250	-5.468750	0.535000	0.000000	7.240000	5.870000	-2.343750	-4.687500	0.585000	0	0	0	
1347797	1065	0.000000	4.870000	3.600000	1.510000	0.460000	52.000000	60.000000	6	0.781250	-5.468750	0.705000	0.000000	4.830000	3.550000	-2.343750	-4.687500	0.625000	0	0	0	
1348047	1103	0.000000	3.060000	2.390000	1.520000	0.380000	52.000000	60.000000	6	0.781250	-5.468750	0.705000	0.000000	3.330000	2.540000	-2.343750	-3.906250	0.625000	0	0	0	
1348328	1077	0.000000	2.800000	2.160000	1.510000	0.360000	53.000000	60.000000	6	0.781250	-5.468750	0.705000	0.000000	2.870000	2.250000	-2.343750	-3.906250	0.625000	0	0	0	
1348563	972	0.000000	2.790000	2.240000	1.490000	0.360000	52.000000	60.000000	6	0.781250	-5.468750	0.705000	0.000000	2.910000	2.370000	-2.343750	-3.906250	0.625000	0	0	0	
1348813	851	0.000000	2.860000	2.330000	1.500000	0.340000	52.000000	60.000000	6	0.781250	-5.468750	0.705000	0.000000	2.860000	2.320000	-2.343750	-3.906250	0.625000	0	0	0	
1349078	791	0.000000	2.860000	2.370000	1.490000	0.350000	52.000000	60.000000	6	0.781250	-3.125000	0.815000	0.000000	2.910000	2.410000	-2.343750	0.781250	0.705000	0	0	0	
1349328	761	0.000000	3.150000	2.600000	1.480000	0.370000	53.000000	60.000000	6	0.781250	-3.125000	0.815000	0.000000	3.430000	2.720000	-2.343750	0.781250	0.705000	0	0	0	
1349578	754	0.000000	3.380000	2.720000	1.500000	0.360000	52.000000	60.000000	6	0.781250	-3.125000	0.815000	0.000000	3.420000	2.740000	-2.343750	0.781250	0.705000	0	0	0	
1349797	757	0.000000	3.150000	2.610000	1.500000	0.350000	52.000000	60.000000	6	0.781250	-3.125000	0.815000	0.000000	3.160000	2.630000	-2.343750	0.781250	0.705000	0	0	0	
1350094	739	0.000000	3.070000	2.560000	1.500000	0.350000	52.000000	60.000000	6	0.781250	7.812500	0.785000	0.000000	3.160000	2.630000	-2.343750	9.375000	0.695000	0	0	0	
1350375	725	0.000000	3.080000	2.570000	1.500000	0.340000	52.000000	60.000000	6	0.781250	7.812500	0.785000	0.000000	3.100000	2.580000	-2.343750	9.375000	0.695000	0	0	0	
1350641	726	0.000000	3.080000	2.570000	1.490000	0.340000	53.000000	60.000000	6	0.781250	7.812500	0.785000	0.000000	3.080000	2.580000	-2.343750	9.375000	0.695000	0	0	0	
1350859	708	0.000000	3.050000	2.540000	1.500000	0.340000	52.000000	60.000000	6	0.781250	7.812500	0.785000	0.000000	3.140000	2.610000	-2.343750	9.375000	0.695000	0	0	0	
1351156	699	0.000000	3.070000	2.550000	1.500000	0.340000	53.000000	60.000000	6	0.781250	7.031250	0.680000	0.000000	3.080000	2.560000	-2.343750	6.250000	0.685000	0	0	0	
1351438	701	0.000000	3.020000	2.510000	1.510000	0.340000	53.000000	60.000000	6	0.781250	7.031250	0.680000	0.000000	3.070000	2.580000	-2.343750	6.250000	0.685000	0	0	0	
1351719	691	0.000000	3.030000	2.520000	1.500000	0.340000	53.000000	60.000000	6	0.781250	7.031250	0.680000	0.000000	3.090000	2.580000	-2.343750	6.250000	0.685000	0	0	0	
1352000	664	0.000000	3.410000	2.810000	1.490000	0.370000	52.000000	60.000000	6	0.781250	7.031250	0.680000	0.000000	3.430000	2.820000	-2.343750	6.250000	0.685000	0	0	0	
1352281	660	0.000000	3.520000	2.870000	1.520000	0.370000	52.000000	60.000000	6	0.781250	4.687500	0.650000	0.000000	3.480000	2.890000	-2.343750	3.125000	0.680000	0	0	0	
1352578	685	0.000000	3.280000	2.750000	1.510000	0.360000	52.000000	60.000000	6	0.781250	4.687500	0.650000	0.000000	3.320000	2.760000	-2.343750	3.125000	0.680000	0	0	0	
1352828	718	0.000000	3.350000	2.760000	1.510000	0.360000	52.000000	60.000000	6	0.781250	4.687500	0.650000	0.000000	3.180000	2.720000	-2.343750	3.125000	0.680000	0	0	0	
1353234	738	0.000000	3.350000	2.720000	1.510000	0.350000	52.000000	60.000000	6	0.781250	4.687500	0.655000	0.000000	3.390000	2.750000	-2.343750	3.125000	0.675000	0	0	0	
1353500	758	0.000000	2.990000	2.500000	1.500000	0.340000	52.000000	60.000000	6	0.781250	1.562500	0.655000	0.000000	2.960000	2.460000	-2.343750	0.000000	0.675000	0	0	0	
1353766	756	0.000000	2.870000	2.380000	1.500000	0.340000	52.000000	60.000000	6	0.781250	1.562500	0.655000	0.000000	2.880000	2.390000	-2.343750	0.000000	0.675000	0	0	0	
1354031	752	0.000000	2.810000	2.300000	1.500000	0.340000	53.000000	60.000000	6	0.781250	1.562500	0.655000	0.000000	2.850000	2.350000	-2.343750	0.000000	0.675000	0	0	0	
1354281	735	0.000000	2.810000	2.310000	1.500000	0.330000	52.000000	60.000000	6	0.781250	1.562500	0.655000	0.000000	2.840000	2.340000	-2.343750	0.000000	0.675000	0	0	0	
1354531	720	0.000000	2.810000	2.320000	1.510000	0.340000	52.000000	60.000000	6	0.781250	-1.562500	0.730000	0.000000	2.830000	2.330000	-2.343750	-2.343750	0.675000	0	0	0	
1354813	701	0.000000	2.810000	2.310000	1.510000	0.340000	53.000000	60.000000	6	0.781250	-1.562500	0.730000	0.000000	2.930000	2.430000	-2.343750	-2.343750	0.675000	0	0	0	
1355078	694	0.000000	2.890000	2.390000	1.500000	0.340000	52.000000	60.000000	6	0.781250	-1.562500	0.730000	0.000000	3.020000	2.510000	-2.343750	-2.343750	0.675000	0	0	0	
1355313	703	0.000000	3.080000	2.550000	1.500000	0.340000	53.000000	60.000000	6	0.781250	-1.562500	0.730000	0.000000	3.080000	2.570000	-2.343750	-2.343750	0.675000	0	0	0	
1355578	723	0.000000	3.040000	2.510000	1.490000	0.350000	52.000000	60.000000	6	0.781250	-1.562500	0.760000	0.000000	3.150000	2.610000	-2.343750	0.781250	0.670000	0	0	0	
1355828	732	0.000000	3.070000	2.540000	1.500000	0.340000	52.000000	60.000000	6	0.781250	-1.562500	0.760000	0.000000	3.120000	2.590000	-2.343750	0.781250	0.670000	0	0	0	
1356109	743	0.000000	3.060000	2.540000	1.500000	0.340000	52.000000	60.000000	6	0.781250	-1.562500	0.760000	0.000000	3.100000	2.580000	-2.343750	0.781250	0.670000	0	0	0	
1356344	751	0.000000	3.020000	2.500000	1.500000	0.340000	53.000000	60.000000	6	0.781250	-1.562500	0.760000	0.000000	3.110000	2.590000	-2.343750	0.781250	0.670000	0	0	0	
1356609	750	0.000000	2.960000	2.450000	1.500000	0.340000	53.000000	60.000000	6	0.781250	-1.562500	0.730000	0.000000	3.030000	2.520000	-2.343750	0.000000	0.670000	0	0	0	
1356859	745	0.000000	3.000000	2.490000	1.500000	0.340000	53.000000	60.000000	6	0.781250	-1.562500	0.730000	0.000000	3.030000	2.500000	-2.343750	0.000000	0.670000	0	0	0	
1357109	741	0.000000	2.930000	2.420000	1.490000	0.340000	52.000000	60.000000	6	0.781250	-1.562500	0.730000	0.000000	3.040000	2.510000	-2.343750	0.000000	0.670000	0	0	0	
1357375	735	0.000000	2.930000	2.410000	1.500000	0.340000	52.000000	60.000000	6	0.781250	-1.562500	0.730000	0.000000	3.050000	2.530000	-2.343750	0.000000	0.670000	0	0	0	
1357609	733	0.000000	2.940000	2.440000	1.490000	0.340000	52.000000	60.000000	6	0.781250	-1.562500	0.675000	0.000000	2.950000	2.440000	-2.343750	0.000000	0.665000	0	0	0	
1357891	725	0.000000	3.000000	2.500000	1.490000	0.340000	53.000000	60.000000	6	0.781250	-1.562500	0.675000	0.000000	2.960000	2.460000	-2.343750	-1.562500	0.665000	0	0	0	
1358156	701	0.000000	3.300000	2.720000	1.500000	0.390000	52.000000	60.000000	6	0.781250	-1.562500	0.675000	0.000000	3.420000	2.810000	-2.343750	-1.562500	0.665000	0	0	0	
1358578	724	0.000000	3.990000	3.160000	1.500000	0.420000	53.000000	60.000000	6	0.781250	-1.562500	0.675000	0.000000	3.860000	3.060000	-2.343750	-1.562500	0.665000	0	0	0	
1358844	747	0.000000	3.990000	3.160000	1.490000	0.420000	53.000000	60.000000	6	0.781250	-1.562500	0.665000	0.000000	4.030000	3.170000	-2.343750	-3.125000	0.665000	0	0	0	
1359094	778	0.000000	4.580000	3.430000	1.480000	0.450000	53.000000	60.000000	6	0.781250	-1.562500	0.665000	0.000000	4.420000	3.340000	-2.343750	-3.125000	0.665000	0	0	0	
1359359	849	0.000000	4.110000	3.170000	1.530000	0.400000	52.000000	60.000000	6	0.781250	-1.562500	0.665000	0.000000	3.890000	2.990000	-2.343750	-3.125000	0.665000	0	0	0	
1359625	865	0.000000	3.340000	2.590000	1.520000	0.360000	52.000000	60.000000	6	0.781250	-1.562500	0.665000	0.000000	3.340000	2.600000	-2.343750	-3.125000	0.665000	0	0	0	
1359891	856	0.000000	3.210000	2.540000	1.510000	0.350000	52.000000	60.000000	6	0.781250	-3.125000	0.650000	0.000000	3.270000	2.560000	-2.343750	-3.125000	0.665000	0	0	0	
1360141	852	0.000000	3.210000	2.530000	1.500000	0.350000	53.000000	60.000000	6	0.781250	-3.125000	0.650000	0.000000	3.120000	2.500000	-2.343750	-3.125000	0.665000	0	0	0	
1360375	851	0.000000	3.130000	2.490000	1.500000	0.360000	52.000000	60.000000	6	0.781250	-3.125000	0.650000	0.000000	3.270000	2.560000	-2.343750	-3.125000	0.665000	0	0	0	
1360625	841	0.000000	2.970000	2.480000	1.510000	0.350000	53.000000	60.000000	6	0.781250	-3.125000	0.650000	0.000000	2.980000	2.500000	-2.343750	-3.125000	0.665000	0	0	0	
1360891	823	0.000000	3.050000	2.530000	1.490000	0.360000	52.000000	60.000000	6	0.781250	-3.125000	0.745000	0.000000	3.060000	2.530000	-2.343750	-3.125000	0.660000	0	0	0	
1361156	797	0.000000	3.030000	2.510000	1.500000	0.370000	53.000000	60.000000	6	0.781250	-7.031250	0.745000	0.000000	3.100000	2.590000	-2.343750	-4.687500	0.660000	0	0	0	
1361391	783	0.000000	3.110000	2.600000	1.500000	0.380000	53.000000	60.000000	6	0.781250	-7.031250	0.745000	0.000000	3.420000	2.690000	-2.343750	-4.687500	0.660000	0	0	0	
1361672	774	0.000000	3.360000	2.670000	1.510000	0.370000	52.000000	60.000000	6	0.781250	-7.031250	0.745000	0.000000	3.160000	2.620000	-2.343750	-4.687500	0.660000	0	0	0	
1361938	775	0.000000	3.030000	2.510000	1.510000	0.340000	53.000000	60.000000	6	0.781250	-7.031250	0.760000	0.000000	3.080000	2.560000	-2.343750	-4.687500	0.660000	0	0	0	
1362203	782	0.000000	2.850000	2.330000	1.500000	0.340000	52.000000	60.000000	6	0.781250	-3.125000	0.760000	0.000000	2.950000	2.440000	-2.343750	-0.781250	0.660000	0	0	0	
1362469	767	0.000000	3.080000	2.530000	1.490000	0.360000	52.000000	60.000000	6	0.781250	-3.125000	0.760000	0.000000	3.120000	2.570000	-2.343750	-0.781250	0.660000	0	0	0	
1362750	757	0.000000	3.190000	2.620000	1.490000	0.370000	53.000000	60.000000	6	0.781250	-3.125000	0.760000	0.000000	3.360000	2.650000	-2.343750	-0.781250	0.660000	0	0	0	
1363000	765	0.000000	3.200000	2.630000	1.500000	0.360000	52.000000	60.000000	6	0.781250	-3.125000	0.760000	0.000000	3.480000	2.750000	-2.343750	-0.781250	0.660000	0	0	0	
1363250	771	0.000000	3.080000	2.530000	1.500000	0.360000	53.000000	60.000000	6	0.781250	-3.125000	0.705000	0.000000	3.100000	2.560000	-2.343750	-1.562500	0.655000	0	0	0	
1363500	744	0.000000	3.130000	2.590000	1.490000	0.370000	52.000000	60.000000	6	0.781250	-3.125000	0.705000	0.000000	3.140000	2.600000	-2.343750	-1.562500	0.655000	0	0	0	
1363906	712	0.000000	3.400000	2.760000	1.500000	0.390000	52.000000	60.000000	6	0.781250	-3.125000	0.705000	0.000000	3.390000	2.760000	-2.343750	-1.562500	0.655000	0	0	0	
1364188	687	0.000000	3.600000	2.930000	1.470000	0.450000	53.000000	60.000000	6	0.781250	-3.125000	0.645000	0.000000	3.660000	2.970000	-2.343750	-1.562500	0.650000	0	0	0	
1364453	704	0.000000	4.190000	3.240000	1.490000	0.440000	52.000000	60.000000	6	0.781250	-3.906250	0.645000	0.000000	4.240000	3.260000	-2.343750	-3.906250	0.650000	0	0	0	
1364766	749	0.000000	3.860000	3.000000	1.490000	0.420000	52.000000	60.000000	6	0.781250	-3.906250	0.645000	0.000000	3.660000	2.930000	-2.343750	-3.906250	0.650000	0	0	0	
1365031	784	0.000000	3.870000	2.950000	1.490000	0.420000	52.000000	60.000000	6	0.781250	-3.906250	0.645000	0.000000	3.690000	2.920000	-2.343750	-3.906250	0.650000	0	0	0	
1365297	779	0.000000	3.660000	2.850000	1.480000	0.420000	53.000000	60.000000	6	0.781250	-6.250000	0.640000	0.000000	3.660000	2.890000	-2.343750	-7.031250	0.645000	0	0	0	
1365563	800	0.000000	3.660000	2.870000	1.490000	0.420000	53.000000	60.000000	6	0.781250	-6.250000	0.640000	0.000000	3.570000	2.800000	-2.343750	-7.031250	0.645000	0	0	0	
1365781	801	0.000000	3.540000	2.750000	1.500000	0.410000	52.000000	60.000000	6	0.781250	-6.250000	0.640000	0.000000	3.420000	2.670000	-2.343750	-7.031250	0.645000	0	0	0	
1366047	777	0.000000	3.140000	2.600000	1.490000	0.400000	52.000000	60.000000	6	0.781250	-6.250000	0.640000	0.000000	3.190000	2.630000	-2.343750	-7.031250	0.645000	0	0	0	
1366297	770	0.000000	3.110000	2.560000	1.500000	0.400000	52.000000	60.000000	6	0.781250	-6.250000	0.640000	0.000000	3.100000	2.550000	-2.343750	-7.031250	0.645000	0	0	0	
1366547	755	0.000000	3.090000	2.560000	1.500000	0.390000	53.000000	60.000000	6	0.781250	-10.156250	0.705000	0.000000	3.080000	2.540000	-2.343750	-10.156250	0.645000	0	0	0	
1366813	744	0.000000	2.970000	2.460000	1.500000	0.380000	52.000000	60.000000	6	0.781250	-10.156250	0.705000	0.000000	3.060000	2.520000	-2.343750	-10.156250	0.645000	0	0	0	
1367078	732	0.000000	2.950000	2.420000	1.500000	0.380000	53.000000	60.000000	6	0.781250	-10.156250	0.705000	0.000000	2.980000	2.460000	-2.343750	-10.156250	0.645000	0	0	0	
1367328	724	0.000000	2.990000	2.470000	1.500000	0.380000	53.000000	60.000000	6	0.781250	-10.156250	0.705000	0.000000	2.980000	2.460000	-2.343750	-10.156250	0.645000	0	0	0	
1367578	722	0.000000	2.940000	2.410000	1.500000	0.380000	53.000000	60.000000	6	0.781250	-10.156250	0.740000	0.000000	3.040000	2.500000	-2.343750	-8.593750	0.645000	0	0	0	
1367844	708	0.000000	2.980000	2.460000	1.500000	0.380000	52.000000	60.000000	6	0.781250	-10.156250	0.740000	0.000000	3.070000	2.520000	-2.343750	-8.593750	0.645000	0	0	0	
1368109	701	0.000000	2.980000	2.460000	1.500000	0.370000	52.000000	60.000000	6	0.781250	-10.156250	0.740000	0.000000	2.980000	2.450000	-2.343750	-8.593750	0.645000	0	0	0	
1368375	739	0.000000	2.890000	2.370000	1.500000	0.370000	53.000000	60.000000	6	0.781250	-10.156250	0.740000	0.000000	2.970000	2.450000	-2.343750	-8.593750	0.645000	0	0	0	
1368609	764	0.000000	2.990000	2.470000	1.500000	0.380000	53.000000	60.000000	6	0.781250	-10.156250	0.720000	0.000000	3.110000	2.560000	-2.343750	-8.593750	0.645000	0	0	0	
1368891	799	0.000000	3.180000	2.620000	1.490000	0.390000	53.000000	60.000000	6	0.781250	-10.156250	0.720000	0.000000	3.180000	2.620000	-2.343750	-8.593750	0.645000	0	0	0	
1369297	723	0.000000	3.300000	2.690000	1.500000	0.410000	53.000000	60.000000	6	0.781250	-10.156250	0.720000	0.000000	3.450000	2.760000	-2.343750	-8.593750	0.645000	0	0	0	
1369563	694	0.000000	3.260000	2.670000	1.510000	0.400000	53.000000	60.000000	6	0.781250	-10.156250	0.720000	0.000000	3.250000	2.680000	-2.343750	-8.593750	0.645000	0	0	0	
1369828	726	0.000000	3.270000	2.650000	1.510000	0.400000	53.000000	60.000000	6	0.781250	-7.031250	0.665000	0.000000	3.340000	2.700000	-2.343750	-6.250000	0.640000	0	0	0	
1370078	728	0.000000	3.170000	2.610000	1.500000	0.390000	53.000000	60.000000	6	0.781250	-7.031250	0.665000	0.000000	3.310000	2.690000	-2.343750	-6.250000	0.640000	0	0	0	
1370297	740	0.000000	3.110000	2.560000	1.500000	0.380000	53.000000	60.000000	6	0.781250	-7.031250	0.665000	0.000000	3.320000	2.670000	-2.343750	-6.250000	0.640000	0	0	0	
1370578	739	0.000000	3.060000	2.520000	1.500000	0.370000	53.000000	60.000000	6	0.781250	-7.031250	0.665000	0.000000	3.050000	2.510000	-2.343750	-6.250000	0.640000	0	0	0	
1370797	723	0.000000	2.980000	2.460000	1.510000	0.370000	53.000000	60.000000	6	0.781250	-3.906250	0.625000	0.000000	3.070000	2.540000	-2.343750	-3.125000	0.635000	0	0	0	
1371078	707	0.000000	3.000000	2.480000	1.490000	0.370000	53.000000	60.000000	6	0.781250	-3.906250	0.625000	0.000000	3.080000	2.560000	-2.343750	-3.125000	0.635000	0	0	0	
1371328	696	0.000000	3.010000	2.500000	1.510000	0.360000	53.000000	60.000000	6	0.781250	-3.906250	0.625000	0.000000	3.040000	2.500000	-2.343750	-3.125000	0.635000	0	0	0	
1371594	690	0.000000	2.940000	2.430000	1.510000	0.370000	53.000000	60.000000	6	0.781250	-3.906250	0.625000	0.000000	3.040000	2.500000	-2.343750	-3.125000	0.635000	0	0	0	
1371859	675	0.000000	2.940000	2.420000	1.500000	0.360000	53.000000	60.000000	6	0.781250	-2.343750	0.560000	0.000000	2.970000	2.460000	-2.343750	-2.343750	0.630000	0	0	0	
1372109	669	0.000000	3.010000	2.480000	1.500000	0.360000	53.000000	60.000000	6	0.781250	-2.343750	0.560000	0.000000	2.970000	2.460000	-2.343750	-2.343750	0.630000	0	0	0	
1372375	656	0.000000	2.940000	2.410000	1.510000	0.360000	53.000000	60.000000	6	0.781250	-2.343750	0.560000	0.000000	2.970000	2.450000	-2.343750	-2.343750	0.630000	0	0	0	
1372625	653	0.000000	2.930000	2.410000	1.500000	0.360000	53.000000	60.000000	6	0.781250	-2.343750	0.560000	0.000000	3.050000	2.500000	-2.343750	-2.343750	0.630000	0	0	0	
1372859	654	0.000000	2.960000	2.440000	1.510000	0.360000	53.000000	60.000000	6	0.781250	-2.343750	0.560000	0.000000	2.980000	2.450000	-2.343750	-2.343750	0.630000	0	0	0	
1373109	599	0.000000	2.970000	2.460000	1.510000	0.360000	53.000000	60.000000	6	0.781250	-2.343750	0.115000	0.000000	2.960000	2.450000	-2.343750	-1.562500	0.625000	0	0	0	
1373359	553	0.000000	3.070000	2.530000	1.500000	0.380000	53.000000	60.000000	6	0.781250	-2.343750	0.115000	0.000000	3.060000	2.530000	-2.343750	-1.562500	0.625000	0	0	0	
1373609	511	0.000000	3.470000	2.840000	1.500000	0.410000	53.000000	60.000000	6	0.781250	-2.343750	0.115000	0.000000	3.250000	2.670000	-2.343750	-1.562500	0.625000	0	0	0	
1373859	490	0.000000	4.420000	3.360000	1.490000	0.450000	53.000000	60.000000	6	0.781250	-2.343750	0.115000	0.000000	3.650000	2.970000	-2.343750	-1.562500	0.625000	0	0	0	
1374109	513	0.000000	4.540000	3.440000	1.500000	0.480000	53.000000	60.000000	6	0.781250	-0.781250	0.115000	0.000000	4.560000	3.460000	-2.343750	-1.562500	0.620000	0	0	0	
1374547	609	0.000000	4.240000	3.280000	1.510000	0.450000	53.000000	60.000000	6	0.781250	-0.781250	0.115000	0.000000	3.960000	3.150000	-2.343750	-1.562500	0.620000	0	0	0	
1374797	634	0.000000	3.860000	3.070000	1.500000	0.440000	53.000000	60.000000	6	0.781250	-0.781250	0.115000	0.000000	3.860000	3.070000	-2.343750	-1.562500	0.620000	0	0	0	
1375063	631	0.000000	3.420000	2.800000	1.510000	0.430000	53.000000	60.000000	6	0.781250	-4.687500	0.135000	0.000000	3.550000	2.790000	-2.343750	-1.562500	0.625000	0	0	0	
1375313	618	0.000000	3.430000	2.820000	1.500000	0.430000	53.000000	60.000000	6	0.781250	-4.687500	0.135000	0.000000	3.350000	2.760000	-2.343750	-5.468750	0.625000	0	0	0	
1375563	593	0.000000	3.450000	2.820000	1.470000	0.470000	53.000000	60.000000	6	0.781250	-4.687500	0.135000	0.000000	3.510000	2.880000	-2.343750	-5.468750	0.625000	0	0	0	
1375828	567	0.000000	4.050000	3.160000	1.470000	0.520000	53.000000	60.000000	6	0.781250	-4.687500	0.135000	0.000000	4.380000	3.330000	-2.343750	-5.468750	0.625000	0	0	0	
1376063	594	0.000000	4.700000	3.610000	1.500000	0.520000	53.000000	60.000000	6	0.781250	-4.687500	0.135000	0.000000	4.670000	3.550000	-2.343750	-5.468750	0.625000	0	0	0	
1376297	618	0.000000	4.670000	3.530000	1.490000	0.530000	53.000000	60.000000	6	0.781250	-3.125000	0.710000	0.000000	4.750000	3.700000	-2.343750	-0.781250	0.610000	0	0	0	
1376578	649	0.000000	4.540000	3.440000	1.500000	0.510000	53.000000	60.000000	6	0.781250	-3.125000	0.710000	0.000000	4.710000	3.610000	-2.343750	-0.781250	0.610000	0	0	0	
1376844	673	0.000000	4.130000	3.210000	1.480000	0.500000	53.000000	60.000000	6	0.781250	-3.125000	0.710000	0.000000	4.160000	3.230000	-2.343750	-0.781250	0.610000	0	0	0	
1377094	673	0.000000	3.660000	3.010000	1.500000	0.480000	53.000000	60.000000	6	0.781250	-3.125000	0.710000	0.000000	3.870000	3.060000	-2.343750	-0.781250	0.610000	0	0	0	
1377344	646	0.000000	3.550000	2.920000	1.500000	0.480000	53.000000	60.000000	6	0.781250	-7.031250	0.730000	0.000000	3.870000	3.070000	-2.343750	-3.125000	0.615000	0	0	0	
1377609	609	0.000000	3.920000	3.160000	1.480000	0.510000	54.000000	60.000000	6	0.781250	-7.031250	0.730000	0.000000	4.250000	3.270000	-2.343750	-3.125000	0.615000	0	0	0	
1377891	542	0.000000	5.600000	4.130000	1.470000	0.620000	53.000000	60.000000	6	0.781250	-7.031250	0.730000	0.000000	5.720000	4.380000	-2.343750	-3.125000	0.615000	0	0	0	
1378125	479	0.000000	5.810000	4.830000	1.510000	0.660000	54.000000	60.000000	6	0.781250	-7.031250	0.730000	0.000000	5.980000	4.970000	-2.343750	-3.125000	0.615000	0	0	0	
1378406	602	0.000000	5.750000	4.820000	1.500000	0.640000	53.000000	60.000000	6	0.781250	-0.781250	0.725000	0.000000	5.690000	4.690000	-2.343750	1.562500	0.605000	0	0	0	
1378672	643	0.000000	5.610000	4.240000	1.490000	0.620000	54.000000	60.000000	6	0.781250	-0.781250	0.725000	0.000000	5.590000	4.210000	-2.343750	1.562500	0.605000	0	0	0	
1378906	655	0.000000	4.860000	3.790000	1.490000	0.590000	54.000000	60.000000	6	0.781250	-0.781250	0.725000	0.000000	4.960000	3.900000	-2.343750	1.562500	0.605000	0	0	0	
1379172	663	0.000000	4.630000	3.520000	1.490000	0.570000	53.000000	60.000000	6	0.781250	-0.781250	0.725000	0.000000	4.730000	3.630000	-2.343750	1.562500	0.605000	0	0	0	
1379422	661	0.000000	4.310000	3.300000	1.480000	0.560000	53.000000	60.000000	6	0.781250	-10.937500	0.690000	0.000000	4.300000	3.290000	-2.343750	-7.031250	0.615000	0	0	0	
1379875	655	0.000000	4.080000	3.190000	1.510000	0.550000	53.000000	60.000000	6	0.781250	-10.937500	0.690000	0.000000	4.400000	3.350000	-2.343750	-7.031250	0.615000	0	0	0	
1380141	651	0.000000	4.410000	3.350000	1.490000	0.550000	53.000000	60.000000	6	0.781250	-10.937500	0.690000	0.000000	4.300000	3.300000	-2.343750	-7.031250	0.615000	0	0	0	
1380391	658	0.000000	4.320000	3.310000	1.490000	0.550000	53.000000	60.000000	6	0.781250	-10.937500	0.690000	0.000000	4.510000	3.410000	-2.343750	-7.031250	0.615000	0	0	0	
1380625	698	0.000000	4.240000	3.250000	1.480000	0.540000	53.000000	60.000000	6	0.781250	-4.687500	0.730000	0.000000	4.510000	3.420000	-2.343750	-3.125000	0.630000	0	0	0	
1380859	748	0.000000	4.030000	3.120000	1.490000	0.500000	53.000000	60.000000	6	0.781250	-4.687500	0.730000	0.000000	3.870000	3.060000	-2.343750	-3.125000	0.630000	0	0	0	
1381141	750	0.000000	3.560000	2.830000	1.490000	0.480000	53.000000	60.000000	6	0.781250	-4.687500	0.730000	0.000000	3.660000	2.950000	-2.343750	-3.125000	0.630000	0	0	0	
1381406	739	0.000000	3.490000	2.810000	1.490000	0.470000	53.000000	60.000000	6	0.781250	-4.687500	0.730000	0.000000	3.630000	2.920000	-2.343750	-3.125000	0.630000	0	0	0	
1381656	736	0.000000	3.540000	2.840000	1.500000	0.460000	54.000000	60.000000	6	0.781250	-4.687500	0.675000	0.000000	3.550000	2.850000	-2.343750	-3.125000	0.625000	0	0	0	
1381922	729	0.000000	3.430000	2.770000	1.490000	0.450000	53.000000	60.000000	6	0.781250	-4.687500	0.675000	0.000000	3.510000	2.840000	-2.343750	-1.562500	0.625000	0	0	0	
1382172	719	0.000000	3.390000	2.760000	1.500000	0.440000	54.000000	60.000000	6	0.781250	-4.687500	0.675000	0.000000	3.520000	2.860000	-2.343750	-1.562500	0.625000	0	0	0	
1382422	718	0.000000	3.460000	2.810000	1.500000	0.440000	54.000000	60.000000	6	0.781250	-4.687500	0.675000	0.000000	3.450000	2.800000	-2.343750	-1.562500	0.625000	0	0	0	
1382672	712	0.000000	3.370000	2.750000	1.500000	0.440000	54.000000	60.000000	6	0.781250	-4.687500	0.675000	0.000000	3.380000	2.760000	-2.343750	-1.562500	0.625000	0	0	0	
1382906	676	0.000000	3.300000	2.700000	1.500000	0.440000	54.000000	60.000000	6	0.781250	-2.343750	0.650000	0.000000	3.440000	2.810000	-2.343750	-0.781250	0.625000	0	0	0	
1383172	643	0.000000	3.470000	2.840000	1.490000	0.450000	54.000000	61.000000	6	0.781250	-2.343750	0.650000	0.000000	3.520000	2.890000	-2.343750	-0.781250	0.625000	0	0	0	
1383422	601	0.000000	3.920000	3.070000	1.480000	0.500000	53.000000	61.000000	6	0.781250	-2.343750	0.650000	0.000000	4.090000	3.180000	-2.343750	-0.781250	0.625000	0	0	0	
1383688	525	0.000000	5.740000	4.540000	1.470000	0.640000	54.000000	61.000000	6	0.781250	-2.343750	0.650000	0.000000	5.890000	4.890000	-2.343750	-0.781250	0.625000	0	0	0	
1383953	468	0.000000	6.480000	5.300000	1.490000	0.690000	53.000000	61.000000	6	0.781250	2.343750	0.615000	0.000000	6.390000	5.270000	-2.343750	3.125000	0.610000	0	0	0	
1384219	615	0.000000	6.080000	5.040000	1.490000	0.650000	53.000000	61.000000	6	0.781250	2.343750	0.615000	0.000000	5.990000	4.970000	-2.343750	3.125000	0.610000	0	0	0	
1384484	647	0.000000	5.730000	4.660000	1.490000	0.610000	54.000000	61.000000	6	0.781250	2.343750	0.615000	0.000000	5.670000	4.470000	-2.343750	3.125000	0.610000	0	0	0	
1384734	649	0.000000	5.660000	4.320000	1.470000	0.600000	54.000000	61.000000	6	0.781250	2.343750	0.615000	0.000000	5.630000	4.190000	-2.343750	3.125000	0.610000	0	0	0	
1385141	659	0.000000	4.910000	3.840000	1.480000	0.580000	54.000000	61.000000	6	0.781250	-7.812500	0.125000	0.000000	4.970000	3.910000	-2.343750	-5.468750	0.455000	0	0	0	
1385375	683	0.000000	4.790000	3.730000	1.500000	0.550000	54.000000	61.000000	6	0.781250	-7.812500	0.125000	0.000000	4.730000	3.620000	-2.343750	-5.468750	0.455000	0	0	0	
1385641	766	0.000000	4.450000	3.340000	1.500000	0.510000	53.000000	61.000000	6	0.781250	-7.812500	0.125000	0.000000	4.600000	3.490000	-2.343750	-5.468750	0.455000	0	0	0	
1385875	778	0.000000	4.230000	3.230000	1.500000	0.480000	54.000000	61.000000	6	0.781250	-7.812500	0.125000	0.000000	4.430000	3.340000	-2.343750	-5.468750	0.455000	0	0	0	
1386109	751	0.000000	4.030000	3.160000	1.510000	0.470000	53.000000	61.000000	6	0.781250	-6.250000	0.720000	0.000000	4.280000	3.260000	-2.343750	-3.906250	0.640000	0	0	0	
1386344	739	0.000000	4.080000	3.170000	1.500000	0.460000	54.000000	61.000000	6	0.781250	-6.250000	0.720000	0.000000	4.030000	3.160000	-2.343750	-3.906250	0.640000	0	0	0	
1386594	729	0.000000	4.030000	3.150000	1.500000	0.450000	54.000000	61.000000	6	0.781250	-6.250000	0.720000	0.000000	4.170000	3.220000	-2.343750	-3.906250	0.640000	0	0	0	
1386875	727	0.000000	4.070000	3.180000	1.490000	0.450000	53.000000	61.000000	6	0.781250	-6.250000	0.720000	0.000000	4.260000	3.280000	-2.343750	-3.906250	0.640000	0	0	0	
1387109	721	0.000000	4.110000	3.200000	1.500000	0.440000	54.000000	61.000000	6	0.781250	0.000000	0.705000	0.000000	4.050000	3.170000	-2.343750	1.562500	0.635000	0	0	0	
1387406	712	0.000000	3.870000	3.110000	1.510000	0.430000	54.000000	61.000000	6	0.781250	0.000000	0.705000	0.000000	4.050000	3.180000	-2.343750	1.562500	0.635000	0	0	0	
1387672	703	0.000000	3.870000	3.120000	1.500000	0.430000	53.000000	61.000000	6	0.781250	0.000000	0.705000	0.000000	3.860000	3.100000	-2.343750	1.562500	0.635000	0	0	0	
1387922	670	0.000000	3.860000	3.130000	1.510000	0.430000	53.000000	61.000000	6	0.781250	0.000000	0.705000	0.000000	3.870000	3.140000	-2.343750	1.562500	0.635000	0	0	0	
1388188	657	0.000000	3.860000	3.140000	1.500000	0.440000	54.000000	61.000000	6	0.781250	0.000000	0.665000	0.000000	4.190000	3.250000	-2.343750	0.781250	0.625000	0	0	0	
1388469	646	0.000000	4.060000	3.180000	1.500000	0.450000	54.000000	61.000000	6	0.781250	0.000000	0.665000	0.000000	4.290000	3.280000	-2.343750	0.781250	0.625000	0	0	0	
1388750	642	0.000000	4.340000	3.340000	1.510000	0.450000	54.000000	61.000000	6	0.781250	0.000000	0.665000	0.000000	4.290000	3.300000	-2.343750	0.781250	0.625000	0	0	0	
1389016	608	0.000000	4.490000	3.390000	1.500000	0.470000	53.000000	61.000000	6	0.781250	0.000000	0.665000	0.000000	4.560000	3.470000	-2.343750	0.781250	0.625000	0	0	0	
1389250	560	0.000000	4.820000	3.740000	1.480000	0.560000	53.000000	61.000000	6	0.781250	0.781250	0.625000	0.000000	5.550000	4.050000	-2.343750	0.781250	0.620000	0	0	0	
1389484	484	0.000000	6.650000	5.380000	1.490000	0.670000	53.000000	61.000000	6	0.781250	0.781250	0.625000	0.000000	6.710000	5.420000	-2.343750	0.781250	0.620000	0	0	0	
1389750	474	0.000000	6.610000	5.380000	1.490000	0.670000	54.000000	61.000000	6	0.781250	0.781250	0.625000	0.000000	6.360000	5.270000	-2.343750	0.781250	0.620000	0	0	0	
1390016	631	0.000000	5.830000	4.850000	1.490000	0.630000	54.000000	61.000000	6	0.781250	0.781250	0.625000	0.000000	5.930000	4.930000	-2.343750	0.781250	0.620000	0	0	0	
1390453	652	0.000000	5.590000	4.100000	1.470000	0.590000	54.000000	61.000000	6	0.781250	-5.468750	0.350000	0.000000	5.630000	4.190000	-2.343750	-4.687500	0.605000	0	0	0	
1390719	739	0.000000	4.720000	3.600000	1.490000	0.540000	54.000000	61.000000	6	0.781250	-5.468750	0.350000	0.000000	4.910000	3.870000	-2.343750	-4.687500	0.605000	0	0	0	
1390984	764	0.000000	4.510000	3.380000	1.500000	0.500000	53.000000	61.000000	6	0.781250	-5.468750	0.350000	0.000000	4.410000	3.320000	-2.343750	-4.687500	0.605000	0	0	0	
1391234	737	0.000000	3.960000	3.100000	1.500000	0.480000	53.000000	61.000000	6	0.781250	-5.468750	0.350000	0.000000	4.200000	3.230000	-2.343750	-4.687500	0.605000	0	0	0	
1391484	723	0.000000	4.010000	3.150000	1.500000	0.470000	54.000000	61.000000	6	0.781250	-8.593750	0.755000	0.000000	4.010000	3.160000	-2.343750	-5.468750	0.630000	0	0	0	
1391734	720	0.000000	4.120000	3.210000	1.500000	0.470000	54.000000	61.000000	6	0.781250	-8.593750	0.755000	0.000000	4.130000	3.220000	-2.343750	-5.468750	0.630000	0	0	0	
1392031	717	0.000000	4.320000	3.310000	1.490000	0.500000	54.000000	61.000000	6	0.781250	-8.593750	0.755000	0.000000	4.520000	3.440000	-2.343750	-5.468750	0.630000	0	0	0	
1392266	696	0.000000	4.960000	3.890000	1.490000	0.520000	54.000000	61.000000	6	0.781250	-8.593750	0.755000	0.000000	4.930000	3.860000	-2.343750	-5.468750	0.630000	0	0	0	
1392531	648	0.000000	5.520000	4.020000	1.500000	0.540000	54.000000	61.000000	6	0.781250	0.000000	0.760000	0.000000	5.040000	3.980000	-2.343750	1.562500	0.630000	0	0	0	
1392781	623	0.000000	5.600000	4.180000	1.500000	0.570000	54.000000	61.000000	6	0.781250	0.000000	0.760000	0.000000	5.570000	4.180000	-2.343750	1.562500	0.630000	0	0	0	
1393016	596	0.000000	5.560000	4.110000	1.500000	0.560000	54.000000	61.000000	6	0.781250	0.000000	0.760000	0.000000	5.550000	4.120000	-2.343750	1.562500	0.630000	0	0	0	
1393266	616	0.000000	4.980000	3.940000	1.490000	0.540000	55.000000	61.000000	6	0.781250	0.000000	0.760000	0.000000	5.010000	3.970000	-2.343750	1.562500	0.630000	0	0	0	
1393516	724	0.000000	4.570000	3.460000	1.500000	0.500000	54.000000	61.000000	6	0.781250	0.000000	0.715000	0.000000	4.660000	3.550000	-2.343750	1.562500	0.625000	0	0	0	
1393766	751	0.000000	4.330000	3.300000	1.500000	0.480000	54.000000	61.000000	6	0.781250	-7.812500	0.715000	0.000000	4.520000	3.400000	-2.343750	-4.687500	0.625000	0	0	0	
1393984	751	0.000000	3.980000	3.140000	1.500000	0.460000	54.000000	61.000000	6	0.781250	-7.812500	0.715000	0.000000	3.980000	3.130000	-2.343750	-4.687500	0.625000	0	0	0	
1394250	760	0.000000	4.090000	3.160000	1.480000	0.490000	54.000000	61.000000	6	0.781250	-7.812500	0.715000	0.000000	4.300000	3.260000	-2.343750	-4.687500	0.625000	0	0	0	
1394484	735	0.000000	4.720000	3.590000	1.490000	0.520000	54.000000	61.000000	6	0.781250	-7.812500	0.715000	0.000000	4.720000	3.750000	-2.343750	-4.687500	0.625000	0	0	0	
1394719	672	0.000000	4.960000	3.890000	1.490000	0.550000	54.000000	61.000000	6	0.781250	-1.562500	0.735000	0.000000	4.940000	3.890000	-2.343750	-4.687500	0.630000	0	0	0	
1394969	627	0.000000	5.570000	4.090000	1.490000	0.550000	54.000000	61.000000	6	0.781250	-1.562500	0.735000	0.000000	5.550000	4.110000	-2.343750	1.562500	0.630000	0	0	0	
1395234	722	0.000000	4.810000	3.740000	1.490000	0.510000	55.000000	61.000000	6	0.781250	-1.562500	0.735000	0.000000	4.870000	3.800000	-2.343750	1.562500	0.630000	0	0	0	
1395656	776	0.000000	4.160000	3.220000	1.510000	0.460000	55.000000	61.000000	6	0.781250	-1.562500	0.735000	0.000000	4.480000	3.360000	-2.343750	1.562500	0.630000	0	0	0	
1395891	780	0.000000	3.980000	3.060000	1.520000	0.440000	54.000000	61.000000	6	0.781250	-6.250000	0.685000	0.000000	4.090000	3.190000	-2.343750	-2.343750	0.625000	0	0	0	
1396125	757	0.000000	3.500000	2.800000	1.510000	0.420000	54.000000	61.000000	6	0.781250	-6.250000	0.685000	0.000000	3.970000	3.070000	-2.343750	-2.343750	0.625000	0	0	0	
1396375	743	0.000000	3.370000	2.730000	1.520000	0.390000	53.000000	61.000000	6	0.781250	-6.250000	0.685000	0.000000	3.420000	2.780000	-2.343750	-2.343750	0.625000	0	0	0	
1396656	677	0.000000	3.090000	2.570000	1.500000	0.390000	53.000000	61.000000	6	0.781250	-6.250000	0.685000	0.000000	3.310000	2.720000	-2.343750	-2.343750	0.625000	0	0	0	
1396922	651	0.000000	3.170000	2.620000	1.490000	0.400000	54.000000	61.000000	6	0.781250	-3.906250	0.690000	0.000000	3.350000	2.760000	-2.343750	-0.781250	0.625000	0	0	0	
1397172	644	0.000000	3.440000	2.810000	1.480000	0.440000	55.000000	61.000000	6	0.781250	-3.906250	0.690000	0.000000	3.550000	2.920000	-2.343750	-0.781250	0.625000	0	0	0	
1397422	644	0.000000	4.280000	3.290000	1.500000	0.460000	55.000000	61.000000	6	0.781250	-3.906250	0.690000	0.000000	4.480000	3.390000	-2.343750	-0.781250	0.625000	0	0	0	
1397672	637	0.000000	4.470000	3.400000	1.510000	0.460000	54.000000	61.000000	6	0.781250	-3.906250	0.690000	0.000000	4.610000	3.520000	-2.343750	-0.781250	0.625000	0	0	0	
1397906	622	0.000000	4.500000	3.420000	1.520000	0.420000	54.000000	61.000000	6	0.781250	3.125000	0.670000	0.000000	4.450000	3.380000	-2.343750	-0.781250	0.625000	0	0	0	
1398172	597	0.000000	3.360000	2.780000	1.520000	0.390000	54.000000	61.000000	6	0.781250	3.125000	0.670000	0.000000	3.690000	3.010000	-2.343750	3.906250	0.625000	0	0	0	
1398406	596	0.000000	3.170000	2.620000	1.520000	0.370000	54.000000	61.000000	6	0.781250	3.125000	0.670000	0.000000	3.230000	2.680000	-2.343750	3.906250	0.625000	0	0	0	
1398656	598	0.000000	3.060000	2.540000	1.510000	0.350000	54.000000	61.000000	6	0.781250	3.125000	0.670000	0.000000	3.060000	2.540000	-2.343750	3.906250	0.625000	0	0	0	
1398906	588	0.000000	2.930000	2.430000	1.510000	0.350000	54.000000	61.000000	6	0.781250	3.125000	0.670000	0.000000	2.960000	2.460000	-2.343750	3.906250	0.625000	0	0	0	
1399141	570	0.000000	2.880000	2.370000	1.510000	0.350000	54.000000	61.000000	6	0.781250	-1.562500	0.650000	0.000000	2.980000	2.470000	-2.343750	-1.562500	0.615000	0	0	0	
1399391	546	0.000000	2.890000	2.460000	1.500000	0.360000	55.000000	61.000000	6	0.781250	-1.562500	0.650000	0.000000	3.000000	2.490000	-2.343750	-1.562500	0.615000	0	0	0	
1399656	532	0.000000	3.210000	2.640000	1.500000	0.380000	54.000000	61.000000	6	0.781250	-1.562500	0.650000	0.000000	3.050000	2.500000	-2.343750	-1.562500	0.615000	0	0	0	
1399906	529	0.000000	3.330000	2.720000	1.490000	0.400000	55.000000	61.000000	6	0.781250	-1.562500	0.650000	0.000000	3.490000	2.860000	-2.343750	-1.562500	0.615000	0	0	0	
1400156	544	0.000000	3.950000	3.120000	1.490000	0.450000	55.000000	61.000000	6	0.781250	0.000000	0.700000	0.000000	4.250000	3.260000	-2.343750	-1.562500	0.605000	0	0	0	
1400406	574	0.000000	4.510000	3.390000	1.510000	0.450000	54.000000	61.000000	6	0.781250	0.000000	0.700000	0.000000	4.470000	3.370000	-2.343750	0.000000	0.605000	0	0	0	
1400797	641	0.000000	4.290000	3.280000	1.500000	0.450000	54.000000	61.000000	6	0.781250	0.000000	0.700000	0.000000	4.360000	3.330000	-2.343750	0.000000	0.605000	0	0	0	
1401078	630	0.000000	4.190000	3.250000	1.500000	0.430000	54.000000	61.000000	6	0.781250	0.000000	0.700000	0.000000	3.810000	3.100000	-2.343750	0.000000	0.605000	0	0	0	
1401359	601	0.000000	3.780000	3.050000	1.510000	0.430000	54.000000	61.000000	6	0.781250	0.781250	0.680000	0.000000	3.750000	3.040000	-2.343750	1.562500	0.600000	0	0	0	
1401609	595	0.000000	3.630000	2.980000	1.500000	0.420000	54.000000	61.000000	6	0.781250	0.781250	0.680000	0.000000	3.830000	3.080000	-2.343750	1.562500	0.600000	0	0	0	
1401875	637	0.000000	3.370000	2.780000	1.500000	0.410000	54.000000	61.000000	6	0.781250	0.781250	0.680000	0.000000	3.340000	2.760000	-2.343750	1.562500	0.600000	0	0	0	
1402125	660	0.000000	3.300000	2.710000	1.500000	0.390000	54.000000	61.000000	6	0.781250	0.781250	0.680000	0.000000	3.260000	2.700000	-2.343750	1.562500	0.600000	0	0	0	
1402391	660	0.000000	3.080000	2.550000	1.500000	0.380000	55.000000	61.000000	6	0.781250	-1.562500	0.670000	0.000000	3.230000	2.650000	-2.343750	-1.562500	0.595000	0	0	0	
1402656	651	0.000000	3.120000	2.580000	1.510000	0.370000	54.000000	61.000000	6	0.781250	-1.562500	0.670000	0.000000	3.080000	2.550000	-2.343750	-1.562500	0.595000	0	0	0	
1402906	640	0.000000	3.070000	2.530000	1.510000	0.370000	54.000000	61.000000	6	0.781250	-1.562500	0.670000	0.000000	3.050000	2.520000	-2.343750	-1.562500	0.595000	0	0	0	
1403188	634	0.000000	2.950000	2.430000	1.500000	0.380000	54.000000	61.000000	6	0.781250	-1.562500	0.670000	0.000000	3.070000	2.540000	-2.343750	-1.562500	0.595000	0	0	0	
1403422	634	0.000000	2.970000	2.440000	1.500000	0.380000	54.000000	61.000000	6	0.781250	-1.562500	0.665000	0.000000	3.090000	2.560000	-2.343750	-1.562500	0.590000	0	0	0	
1403703	634	0.000000	2.980000	2.460000	1.500000	0.380000	55.000000	61.000000	6	0.781250	1.562500	0.665000	0.000000	3.050000	2.500000	-2.343750	1.562500	0.590000	0	0	0	
1403984	635	0.000000	2.980000	2.450000	1.500000	0.380000	55.000000	61.000000	6	0.781250	1.562500	0.665000	0.000000	3.100000	2.550000	-2.343750	1.562500	0.590000	0	0	0	
1404250	634	0.000000	2.960000	2.440000	1.500000	0.380000	54.000000	61.000000	6	0.781250	1.562500	0.665000	0.000000	3.050000	2.510000	-2.343750	1.562500	0.590000	0	0	0	
1404516	635	0.000000	2.960000	2.440000	1.500000	0.370000	55.000000	61.000000	6	0.781250	4.687500	0.640000	0.000000	2.950000	2.440000	-2.343750	1.562500	0.575000	0	0	0	
1404813	624	0.000000	2.890000	2.370000	1.510000	0.360000	54.000000	61.000000	6	0.781250	4.687500	0.640000	0.000000	3.010000	2.480000	-2.343750	5.468750	0.575000	0	0	0	
1405063	625	0.000000	2.980000	2.450000	1.500000	0.360000	54.000000	62.000000	6	0.781250	4.687500	0.640000	0.000000	2.980000	2.460000	-2.343750	5.468750	0.575000	0	0	0	
1405328	630	0.000000	2.950000	2.420000	1.510000	0.360000	54.000000	61.000000	6	0.781250	4.687500	0.640000	0.000000	2.980000	2.460000	-2.343750	5.468750	0.575000	0	0	0	
1405578	627	0.000000	2.940000	2.400000	1.500000	0.370000	54.000000	61.000000	6	0.781250	7.031250	0.385000	0.000000	3.050000	2.510000	-2.343750	5.468750	0.565000	0	0	0	
1405828	628	0.000000	2.990000	2.470000	1.500000	0.360000	54.000000	62.000000	6	0.781250	7.031250	0.385000	0.000000	3.010000	2.490000	-2.343750	7.812500	0.565000	0	0	0	
1406266	624	0.000000	2.960000	2.430000	1.500000	0.360000	54.000000	62.000000	6	0.781250	7.031250	0.385000	0.000000	3.070000	2.530000	-2.343750	7.812500	0.565000	0	0	0	
1406531	592	0.000000	2.970000	2.460000	1.500000	0.360000	55.000000	62.000000	6	0.781250	7.031250	0.385000	0.000000	3.090000	2.550000	-2.343750	7.812500	0.565000	0	0	0	
1406797	583	0.000000	3.080000	2.540000	1.500000	0.370000	54.000000	62.000000	6	0.781250	7.812500	0.100000	0.000000	3.060000	2.520000	-2.343750	7.031250	0.545000	0	0	0	
1407047	576	0.000000	3.070000	2.540000	1.490000	0.370000	54.000000	62.000000	6	0.781250	7.812500	0.100000	0.000000	3.180000	2.620000	-2.343750	7.031250	0.545000	0	0	0	
1407297	576	0.000000	3.100000	2.570000	1.500000	0.370000	54.000000	62.000000	6	0.781250	7.812500	0.100000	0.000000	3.180000	2.620000	-2.343750	7.031250	0.545000	0	0	0	
1407547	581	0.000000	3.250000	2.660000	1.490000	0.380000	55.000000	62.000000	6	0.781250	7.812500	0.100000	0.000000	3.200000	2.640000	-2.343750	7.031250	0.545000	0	0	0	
1407797	531	0.000000	3.380000	2.790000	1.490000	0.400000	54.000000	62.000000	6	0.781250	7.812500	0.100000	0.000000	3.370000	2.780000	-2.343750	7.031250	0.510000	0	0	0	
1408063	523	0.000000	3.640000	2.960000	1.490000	0.420000	55.000000	62.000000	6	0.781250	7.812500	0.100000	0.000000	3.770000	3.040000	-2.343750	5.468750	0.510000	0	0	0	
1408328	566	0.000000	3.640000	2.960000	1.570000	0.350000	55.000000	62.000000	6	0.781250	7.812500	0.100000	0.000000	3.770000	3.040000	-2.343750	5.468750	0.510000	0	0	0	
1408594	566	0.000000	3.640000	2.960000	1.590000	0.340000	55.000000	62.000000	6	0.781250	7.812500	0.100000	0.000000	3.770000	3.040000	-2.343750	5.468750	0.510000	0	0	0	
1408844	566	0.000000	3.640000	2.960000	1.580000	0.350000	54.000000	62.000000	6	0.781250	7.812500	0.100000	0.000000	3.770000	3.040000	-2.343750	5.468750	0.510000	0	0	0	
1409078	566	0.000000	3.640000	2.960000	1.550000	0.380000	54.000000	62.000000	6	0.781250	0.000000	0.100000	0.000000	3.770000	3.040000	-2.343750	0.000000	0.500000	0	0	0	
1409297	566	0.000000	0.000000	0.000000	1.540000	0.400000	54.000000	62.000000	6	0.781250	0.000000	0.100000	0.000000	0.000000	0.000000	-2.343750	0.000000	0.500000	0	0	0	
1409563	566	0.000000	0.000000	0.000000	1.510000	0.430000	55.000000	62.000000	6	0.781250	0.000000	0.100000	0.000000	0.000000	0.000000	-2.343750	0.000000	0.500000	0	0	0	
1409813	566	0.000000	0.000000	0.000000	1.500000	0.460000	54.000000	62.000000	6	0.781250	0.000000	0.100000	0.000000	0.000000	0.000000	-2.343750	0.000000	0.500000	0	0	0	
1410047	566	0.000000	0.000000	0.000000	1.490000	0.490000	54.000000	62.000000	6	0.781250	0.000000	0.100000	0.000000	0.000000	0.000000	-2.343750	0.000000	0.500000	0	0	0	
1410297	566	0.000000	0.000000	0.000000	1.500000	0.510000	54.000000	62.000000	6	0.781250	0.000000	0.100000	0.000000	0.000000	0.000000	-2.343750	0.000000	0.500000	0	0	0	
1410531	566	0.000000	0.000000	0.000000	1.490000	0.540000	54.000000	62.000000	6	0.781250	0.000000	0.100000	0.000000	0.000000	0.000000	-2.343750	0.000000	0.500000	0	0	0	
1410766	566	0.000000	0.000000	0.000000	1.500000	0.560000	54.000000	62.000000	6	0.781250	0.000000	0.100000	0.000000	0.000000	0.000000	-2.343750	0.000000	0.500000	0	0	0	
1410984	566	0.000000	0.000000	0.000000	1.480000	0.590000	54.000000	62.000000	6	0.781250	0.000000	0.100000	0.000000	0.000000	0.000000	-2.343750	0.000000	0.500000	0	0	0	
1411391	566	0.000000	0.000000	0.000000	1.490000	0.630000	54.000000	62.000000	6	0.781250	0.000000	0.100000	0.000000	0.000000	0.000000	-2.343750	0.000000	0.500000	0	0	0	
1411641	566	0.000000	0.000000	0.000000	1.490000	0.660000	54.000000	62.000000	6	0.781250	0.000000	0.100000	0.000000	0.000000	0.000000	-2.343750	0.000000	0.500000	0	0	0	
1411891	0	0.000000	0.000000	2.960000	1.480000	0.680000	55.000000	62.000000	6	0.781250	0.000000	0.100000	0.000000	0.000000	3.040000	-2.343750	0.000000	0.500000	0	0	0	
1412156	0	0.000000	0.000000	2.960000	1.460000	0.700000	55.000000	62.000000	6	0.781250	0.000000	0.100000	0.000000	0.000000	3.040000	-2.343750	0.000000	0.500000	0	0	0	
1412391	0	0.000000	0.000000	2.960000	1.450000	0.730000	55.000000	62.000000	6	0.781250	0.000000	0.100000	0.000000	0.000000	3.040000	-2.343750	0.000000	0.500000	0	0	0	
1412641	0	0.000000	0.000000	0.000000	1.430000	0.750000	54.000000	62.000000	6	0.000000	0.000000	0.000000	0.000000	0.000000	0.000000	0.000000	0.000000	0.000000	0	0	0	
1412938	0	0.000000	0.000000	0.000000	1.430000	0.750000	54.000000	62.000000	6	0.000000	0.000000	0.000000	0.000000	0.000000	0.000000	0.000000	0.000000	0.000000	0	0	0	
1413188	0	0.000000	0.000000	0.000000	1.430000	0.750000	54.000000	62.000000	6	0.000000	0.000000	0.000000	0.000000	0.000000	0.000000	0.000000	0.000000	0.000000	0	0	0	
1413422	0	0.000000	0.000000	0.000000	1.430000	0.750000	54.000000	62.000000	6	0.000000	0.000000	0.000000	0.000000	0.000000	0.000000	0.000000	0.000000	0.000000	0	0	0	
1413672	0	0.000000	0.000000	0.000000	1.430000	0.750000	54.000000	62.000000	6	0.000000	0.000000	0.000000	0.000000	0.000000	0.000000	0.000000	0.000000	0.000000	0	0	0	
1413938	0	0.000000	0.000000	0.000000	1.430000	0.750000	54.000000	62.000000	6	0.000000	0.000000	0.000000	0.000000	0.000000	0.000000	0.000000	0.000000	0.000000	0	0	0	
1414203	0	0.000000	0.000000	0.000000	1.430000	0.750000	54.000000	62.000000	6	0.000000	0.000000	0.000000	0.000000	0.000000	0.000000	0.000000	0.000000	0.000000	0	0	0	
1414453	0	0.000000	0.000000	0.000000	1.430000	0.750000	54.000000	62.000000	6	0.000000	0.000000	0.000000	0.000000	0.000000	0.000000	0.000000	0.000000	0.000000	0	0	0	
1414688	0	0.000000	0.000000	0.000000	1.430000	0.750000	54.000000	62.000000	6	0.000000	0.000000	0.000000	0.000000	0.000000	0.000000	0.000000	0.000000	0.000000	0	0	0	
1414938	0	0.000000	0.000000	0.000000	1.430000	0.750000	54.000000	62.000000	6	0.000000	0.000000	0.000000	0.000000	0.000000	0.000000	0.000000	0.000000	0.000000	0	0	0	
1415188	0	0.000000	0.000000	0.000000	1.430000	0.750000	54.000000	62.000000	6	0.000000	0.000000	0.000000	0.000000	0.000000	0.000000	0.000000	0.000000	0.000000	0	0	0	
1415422	0	0.000000	0.000000	0.000000	1.430000	0.750000	54.000000	62.000000	6	0.000000	0.000000	0.000000	0.000000	0.000000	0.000000	0.000000	0.000000	0.000000	0	0	0	
1415656	0	0.000000	0.000000	0.000000	1.430000	0.750000	54.000000	62.000000	6	0.000000	0.000000	0.000000	0.000000	0.000000	0.000000	0.000000	0.000000	0.000000	0	0	0	
1415891	0	0.000000	0.000000	0.000000	1.430000	0.750000	54.000000	62.000000	6	0.000000	0.000000	0.000000	0.000000	0.000000	0.000000	0.000000	0.000000	0.000000	0	0	0	
1416156	0	0.000000	0.000000	0.000000	1.430000	0.750000	54.000000	62.000000	6	0.000000	0.000000	0.000000	0.000000	0.000000	0.000000	0.000000	0.000000	0.000000	0	0	0	
1416563	0	0.000000	0.000000	0.000000	1.430000	0.750000	54.000000	62.000000	6	0.000000	0.000000	0.000000	0.000000	0.000000	0.000000	0.000000	0.000000	0.000000	0	0	0	
1416797	0	0.000000	0.000000	0.000000	1.430000	0.750000	54.000000	62.000000	6	0.000000	0.000000	0.000000	0.000000	0.000000	0.000000	0.000000	0.000000	0.000000	0	0	0	
1417063	0	0.000000	0.000000	0.000000	1.430000	0.750000	54.000000	62.000000	6	0.000000	0.000000	0.000000	0.000000	0.000000	0.000000	0.000000	0.000000	0.000000	0	0	0	
1417328	0	0.000000	0.000000	0.000000	1.430000	0.750000	54.000000	62.000000	6	0.000000	0.000000	0.000000	0.000000	0.000000	0.000000	0.000000	0.000000	0.000000	0	0	0	
1417578	0	0.000000	0.000000	0.000000	1.430000	0.750000	54.000000	62.000000	6	0.000000	0.000000	0.000000	0.000000	0.000000	0.000000	0.000000	0.000000	0.000000	0	0	0	
1417844	0	0.000000	0.000000	0.000000	1.430000	0.750000	54.000000	62.000000	6	0.000000	0.000000	0.000000	0.000000	0.000000	0.000000	0.000000	0.000000	0.000000	0	0	0	
1418094	0	0.000000	0.000000	0.000000	1.430000	0.750000	54.000000	62.000000	6	0.000000	0.000000	0.000000	0.000000	0.000000	0.000000	0.000000	0.000000	0.000000	0	0	0	
1418344	0	0.000000	0.000000	0.000000	1.430000	0.750000	54.000000	62.000000	6	0.000000	0.000000	0.000000	0.000000	0.000000	0.000000	0.000000	0.000000	0.000000	0	0	0	
1418594	0	0.000000	0.000000	0.000000	1.430000	0.750000	54.000000	62.000000	6	0.000000	0.000000	0.000000	0.000000	0.000000	0.000000	0.000000	0.000000	0.000000	0	0	0	
1418813	0	0.000000	0.000000	0.000000	1.430000	0.750000	54.000000	62.000000	6	0.000000	0.000000	0.000000	0.000000	0.000000	0.000000	0.000000	0.000000	0.000000	0	0	0	
1419078	0	0.000000	0.000000	0.000000	1.430000	0.750000	54.000000	62.000000	6	0.000000	0.000000	0.000000	0.000000	0.000000	0.000000	0.000000	0.000000	0.000000	0	0	0	
1419328	0	0.000000	0.000000	0.000000	1.430000	0.750000	54.000000	62.000000	6	0.000000	0.000000	0.000000	0.000000	0.000000	0.000000	0.000000	0.000000	0.000000	0	0	0	
1419656	0	0.000000	0.000000	0.000000	1.430000	0.750000	54.000000	62.000000	6	0.000000	0.000000	0.000000	0.000000	0.000000	0.000000	0.000000	0.000000	0.000000	0	0	0	
1420094	0	0.000000	0.000000	0.000000	1.430000	0.750000	54.000000	62.000000	6	0.000000	0.000000	0.000000	0.000000	0.000000	0.000000	0.000000	0.000000	0.000000	0	0	0	
1420359	0	0.000000	0.000000	0.000000	1.430000	0.750000	54.000000	62.000000	6	0.000000	0.000000	0.000000	0.000000	0.000000	0.000000	0.000000	0.000000	0.000000	0	0	0	
1420609	0	0.000000	0.000000	0.000000	1.430000	0.750000	54.000000	62.000000	6	0.000000	0.000000	0.000000	0.000000	0.000000	0.000000	0.000000	0.000000	0.000000	0	0	0	
1420844	0	0.000000	0.000000	0.000000	1.430000	0.750000	54.000000	62.000000	6	0.000000	0.000000	0.000000	0.000000	0.000000	0.000000	0.000000	0.000000	0.000000	0	0	0	